2025-08-12 16:00:57,399 - DEBUG - Scanning for archives in: /root/shared/PhysioNet2025/
2025-08-12 16:00:57,401 - DEBUG - Directory '20250625' already exists. Skipping.
2025-08-12 16:00:57,402 - DEBUG - Directory '20250627' already exists. Skipping.
2025-08-12 16:00:57,402 - DEBUG - Directory '20250630' already exists. Skipping.
2025-08-12 16:00:57,402 - DEBUG - Directory '20250701' already exists. Skipping.
2025-08-12 16:00:57,402 - DEBUG - Directory '20250702' already exists. Skipping.
2025-08-12 16:00:57,402 - DEBUG - Directory '20250703' already exists. Skipping.
2025-08-12 16:00:57,402 - DEBUG - Directory '20250704' already exists. Skipping.
2025-08-12 16:00:57,402 - DEBUG - Directory '20250708' already exists. Skipping.
2025-08-12 16:00:57,402 - DEBUG - Directory '20250709' already exists. Skipping.
2025-08-12 16:00:57,402 - DEBUG - Directory '20250710' already exists. Skipping.
2025-08-12 16:00:57,402 - DEBUG - Directory '20250711' already exists. Skipping.
2025-08-12 16:00:57,402 - DEBUG - Directory '20250715' already exists. Skipping.
2025-08-12 16:00:57,402 - DEBUG - Directory '20250716' already exists. Skipping.
2025-08-12 16:00:57,402 - DEBUG - Directory '20250717' already exists. Skipping.
2025-08-12 16:00:57,402 - DEBUG - Directory '20250718' already exists. Skipping.
2025-08-12 16:00:57,402 - DEBUG - Organizing raw data from: /root/shared/PhysioNet2025/
2025-08-12 16:00:59,151 - DEBUG - Organized data for 00003
2025-08-12 16:01:01,243 - DEBUG - Organized data for 00016
2025-08-12 16:01:01,939 - DEBUG - Organized data for 00017
2025-08-12 16:01:02,444 - DEBUG - Organized data for 00023
2025-08-12 16:01:05,018 - DEBUG - Organized data for 00041
2025-08-12 16:01:07,863 - DEBUG - Organized data for 00042
2025-08-12 16:01:10,096 - DEBUG - Organized data for 00043
2025-08-12 16:01:12,261 - DEBUG - Organized data for 00044
2025-08-12 16:01:14,424 - DEBUG - Organized data for 00045
2025-08-12 16:01:16,310 - DEBUG - Organized data for 00046
2025-08-12 16:01:18,268 - DEBUG - Organized data for 00047
2025-08-12 16:01:20,062 - DEBUG - Organized data for 00048
2025-08-12 16:01:21,258 - DEBUG - Organized data for 00049
2025-08-12 16:01:23,909 - DEBUG - Organized data for 00050
2025-08-12 16:01:27,241 - DEBUG - Organized data for 00051
2025-08-12 16:01:30,058 - DEBUG - Organized data for 00052
2025-08-12 16:01:33,192 - DEBUG - Organized data for 00053
2025-08-12 16:01:34,952 - DEBUG - Organized data for 00054
2025-08-12 16:01:37,010 - DEBUG - Organized data for 00055
2025-08-12 16:01:39,566 - DEBUG - Organized data for 00056
2025-08-12 16:01:41,896 - DEBUG - Organized data for 00057
2025-08-12 16:01:44,141 - DEBUG - Organized data for 00058
2025-08-12 16:01:46,291 - DEBUG - Organized data for 00062
2025-08-12 16:01:48,569 - DEBUG - Organized data for 00063
2025-08-12 16:01:50,912 - DEBUG - Organized data for 00064
2025-08-12 16:01:53,753 - DEBUG - Organized data for 00065
2025-08-12 16:02:00,288 - DEBUG - Organized data for 00066
2025-08-12 16:02:02,604 - DEBUG - Organized data for 00072
2025-08-12 16:02:04,900 - DEBUG - Organized data for 00073
2025-08-12 16:02:07,542 - DEBUG - Organized data for 00074
2025-08-12 16:02:10,089 - DEBUG - Organized data for 00076
2025-08-12 16:02:13,048 - DEBUG - Organized data for 00077
2025-08-12 16:02:15,201 - DEBUG - Organized data for 00078
2025-08-12 16:02:17,784 - DEBUG - Organized data for 00079
2025-08-12 16:02:19,044 - DEBUG - Organized data for 00080
2025-08-12 16:02:21,346 - DEBUG - Organized data for 00081
2025-08-12 16:02:23,248 - DEBUG - Organized data for 00082
2025-08-12 16:02:25,409 - DEBUG - Organized data for 00083
2025-08-12 16:02:29,365 - DEBUG - Organized data for 00084
2025-08-12 16:02:31,317 - DEBUG - Organized data for 00085
2025-08-12 16:02:33,512 - DEBUG - Organized data for 00086
2025-08-12 16:02:35,532 - DEBUG - Organized data for 00087
2025-08-12 16:02:37,083 - DEBUG - Organized data for 00090
2025-08-12 16:02:38,534 - DEBUG - Organized data for 00091
2025-08-12 16:02:40,591 - DEBUG - Organized data for 00092
2025-08-12 16:02:42,136 - DEBUG - Organized data for 00093
2025-08-12 16:02:44,199 - DEBUG - Organized data for 00094
2025-08-12 16:02:46,020 - DEBUG - Organized data for 00095
2025-08-12 16:02:48,162 - DEBUG - Organized data for 00096
2025-08-12 16:02:50,133 - DEBUG - Organized data for 00097
2025-08-12 16:02:51,826 - DEBUG - Organized data for 00098
2025-08-12 16:02:53,471 - DEBUG - Organized data for 00100
2025-08-12 16:02:55,073 - DEBUG - Organized data for 00101
2025-08-12 16:02:59,748 - DEBUG - Organized data for 00102
2025-08-12 16:03:00,739 - DEBUG - Organized data for 00104
2025-08-12 16:03:01,998 - DEBUG - Organized data for 00105
2025-08-12 16:03:03,302 - DEBUG - Organized data for 00106
2025-08-12 16:03:04,496 - DEBUG - Organized data for 00107
2025-08-12 16:03:06,122 - DEBUG - Organized data for 00108
2025-08-12 16:03:07,058 - DEBUG - Organized data for 00109
2025-08-12 16:03:08,199 - DEBUG - Organized data for 00110
2025-08-12 16:03:09,855 - DEBUG - Organized data for 00112
2025-08-12 16:03:09,857 - DEBUG - Created moved data directory: ./data/processed/moved
2025-08-12 16:03:09,857 - DEBUG - Generating TRAIN SET
2025-08-12 16:03:09,857 - DEBUG - Loading Omron data from: /root/ppg2bp/data/omron.csv
2025-08-12 16:03:09,863 - DEBUG - Loaded and stored Omron data for key '00042_seg1' and '00042_seg7'
2025-08-12 16:03:09,863 - DEBUG - Loaded and stored Omron data for key '00043_seg1' and '00043_seg7'
2025-08-12 16:03:09,863 - DEBUG - Loaded and stored Omron data for key '00044_seg1' and '00044_seg7'
2025-08-12 16:03:09,863 - DEBUG - Loaded and stored Omron data for key '00016_seg1' and '00016_seg7'
2025-08-12 16:03:09,863 - DEBUG - Loaded and stored Omron data for key '00045_seg1' and '00045_seg7'
2025-08-12 16:03:09,864 - DEBUG - Loaded and stored Omron data for key '00047_seg1' and '00047_seg7'
2025-08-12 16:03:09,864 - DEBUG - Loaded and stored Omron data for key '00048_seg1' and '00048_seg7'
2025-08-12 16:03:09,864 - DEBUG - Loaded and stored Omron data for key '00049_seg1' and '00049_seg7'
2025-08-12 16:03:09,864 - DEBUG - Loaded and stored Omron data for key '00050_seg1' and '00050_seg7'
2025-08-12 16:03:09,864 - DEBUG - Loaded and stored Omron data for key '00051_seg1' and '00051_seg7'
2025-08-12 16:03:09,864 - DEBUG - Loaded and stored Omron data for key '00052_seg1' and '00052_seg7'
2025-08-12 16:03:09,864 - DEBUG - Loaded and stored Omron data for key '00003_seg1' and '00003_seg7'
2025-08-12 16:03:09,864 - DEBUG - Loaded and stored Omron data for key '00053_seg1' and '00053_seg7'
2025-08-12 16:03:09,864 - DEBUG - Loaded and stored Omron data for key '00054_seg1' and '00054_seg7'
2025-08-12 16:03:09,864 - DEBUG - Loaded and stored Omron data for key '00055_seg1' and '00055_seg7'
2025-08-12 16:03:09,865 - DEBUG - Loaded and stored Omron data for key '00056_seg1' and '00056_seg7'
2025-08-12 16:03:09,865 - DEBUG - Loaded and stored Omron data for key '00057_seg1' and '00057_seg7'
2025-08-12 16:03:09,865 - DEBUG - Loaded and stored Omron data for key '00058_seg1' and '00058_seg7'
2025-08-12 16:03:09,865 - DEBUG - Loaded and stored Omron data for key '00059_seg1' and '00059_seg7'
2025-08-12 16:03:09,865 - DEBUG - Loaded and stored Omron data for key '00060_seg1' and '00060_seg7'
2025-08-12 16:03:09,865 - DEBUG - Loaded and stored Omron data for key '00061_seg1' and '00061_seg7'
2025-08-12 16:03:09,865 - DEBUG - Loaded and stored Omron data for key '00062_seg1' and '00062_seg7'
2025-08-12 16:03:09,865 - DEBUG - Loaded and stored Omron data for key '00063_seg1' and '00063_seg7'
2025-08-12 16:03:09,865 - DEBUG - Loaded and stored Omron data for key '00064_seg1' and '00064_seg7'
2025-08-12 16:03:09,865 - DEBUG - Loaded and stored Omron data for key '00065_seg1' and '00065_seg7'
2025-08-12 16:03:09,865 - DEBUG - Loaded and stored Omron data for key '00066_seg1' and '00066_seg7'
2025-08-12 16:03:09,866 - DEBUG - Loaded and stored Omron data for key '00067_seg1' and '00067_seg7'
2025-08-12 16:03:09,866 - DEBUG - Loaded and stored Omron data for key '00068_seg1' and '00068_seg7'
2025-08-12 16:03:09,866 - DEBUG - Loaded and stored Omron data for key '00069_seg1' and '00069_seg7'
2025-08-12 16:03:09,866 - DEBUG - Loaded and stored Omron data for key '00070_seg1' and '00070_seg7'
2025-08-12 16:03:09,866 - DEBUG - Loaded and stored Omron data for key '00071_seg1' and '00071_seg7'
2025-08-12 16:03:09,866 - DEBUG - Loaded and stored Omron data for key '00072_seg1' and '00072_seg7'
2025-08-12 16:03:09,866 - DEBUG - Loaded and stored Omron data for key '00073_seg1' and '00073_seg7'
2025-08-12 16:03:09,866 - DEBUG - Loaded and stored Omron data for key '00074_seg1' and '00074_seg7'
2025-08-12 16:03:09,866 - DEBUG - Loaded and stored Omron data for key '00075_seg1' and '00075_seg7'
2025-08-12 16:03:09,866 - DEBUG - Loaded and stored Omron data for key '00076_seg1' and '00076_seg7'
2025-08-12 16:03:09,866 - DEBUG - Loaded and stored Omron data for key '00077_seg1' and '00077_seg7'
2025-08-12 16:03:09,867 - DEBUG - Loaded and stored Omron data for key '00078_seg1' and '00078_seg7'
2025-08-12 16:03:09,867 - DEBUG - Loaded and stored Omron data for key '00079_seg1' and '00079_seg7'
2025-08-12 16:03:09,867 - DEBUG - Loaded and stored Omron data for key '00080_seg1' and '00080_seg7'
2025-08-12 16:03:09,867 - DEBUG - Loaded and stored Omron data for key '00081_seg1' and '00081_seg7'
2025-08-12 16:03:09,867 - DEBUG - Loaded and stored Omron data for key '00082_seg1' and '00082_seg7'
2025-08-12 16:03:09,867 - DEBUG - Loaded and stored Omron data for key '00083_seg1' and '00083_seg7'
2025-08-12 16:03:09,867 - DEBUG - Loaded and stored Omron data for key '00084_seg1' and '00084_seg7'
2025-08-12 16:03:09,867 - DEBUG - Loaded and stored Omron data for key '00085_seg1' and '00085_seg7'
2025-08-12 16:03:09,867 - DEBUG - Loaded and stored Omron data for key '00086_seg1' and '00086_seg7'
2025-08-12 16:03:09,867 - DEBUG - Loaded and stored Omron data for key '00087_seg1' and '00087_seg7'
2025-08-12 16:03:09,867 - DEBUG - Loaded and stored Omron data for key '00088_seg1' and '00088_seg7'
2025-08-12 16:03:09,868 - DEBUG - Loaded and stored Omron data for key '00089_seg1' and '00089_seg7'
2025-08-12 16:03:09,868 - DEBUG - Loaded and stored Omron data for key '00090_seg1' and '00090_seg7'
2025-08-12 16:03:09,868 - DEBUG - Loaded and stored Omron data for key '00091_seg1' and '00091_seg7'
2025-08-12 16:03:09,868 - DEBUG - Loaded and stored Omron data for key '00092_seg1' and '00092_seg7'
2025-08-12 16:03:09,868 - DEBUG - Loaded and stored Omron data for key '00093_seg1' and '00093_seg7'
2025-08-12 16:03:09,868 - DEBUG - Loaded and stored Omron data for key '00094_seg1' and '00094_seg7'
2025-08-12 16:03:09,868 - DEBUG - Loaded and stored Omron data for key '00095_seg1' and '00095_seg7'
2025-08-12 16:03:09,868 - DEBUG - Loaded and stored Omron data for key '00096_seg1' and '00096_seg7'
2025-08-12 16:03:09,868 - DEBUG - Loaded and stored Omron data for key '00097_seg1' and '00097_seg7'
2025-08-12 16:03:09,868 - DEBUG - Loaded and stored Omron data for key '00098_seg1' and '00098_seg7'
2025-08-12 16:03:09,868 - DEBUG - Loaded and stored Omron data for key '00099_seg1' and '00099_seg7'
2025-08-12 16:03:09,869 - DEBUG - Loaded and stored Omron data for key '00100_seg1' and '00100_seg7'
2025-08-12 16:03:09,869 - DEBUG - Loaded and stored Omron data for key '00101_seg1' and '00101_seg7'
2025-08-12 16:03:09,869 - DEBUG - Loaded and stored Omron data for key '00102_seg1' and '00102_seg7'
2025-08-12 16:03:09,869 - DEBUG - Loaded and stored Omron data for key '00103_seg1' and '00103_seg7'
2025-08-12 16:03:09,869 - DEBUG - Loaded and stored Omron data for key '00105_seg1' and '00105_seg7'
2025-08-12 16:03:09,869 - DEBUG - Loaded and stored Omron data for key '00106_seg1' and '00106_seg7'
2025-08-12 16:03:09,869 - DEBUG - Loaded and stored Omron data for key '00107_seg1' and '00107_seg7'
2025-08-12 16:03:09,869 - DEBUG - Loaded and stored Omron data for key '00108_seg1' and '00108_seg7'
2025-08-12 16:03:09,869 - DEBUG - Loaded and stored Omron data for key '00109_seg1' and '00109_seg7'
2025-08-12 16:03:09,870 - DEBUG - Loaded and stored Omron data for key '00110_seg1' and '00110_seg7'
2025-08-12 16:03:09,870 - DEBUG - Loaded and stored Omron data for key '00111_seg1' and '00111_seg7'
2025-08-12 16:03:09,870 - DEBUG - Loaded and stored Omron data for key '00112_seg1' and '00112_seg7'
2025-08-12 16:03:09,870 - DEBUG - No Omron data for 00023 seg1
2025-08-12 16:03:09,870 - DEBUG - Processing 00023 - seg1
2025-08-12 16:03:09,870 - DEBUG - No data processed for seg1
2025-08-12 16:03:09,870 - DEBUG - Processing 00023 - seg7
2025-08-12 16:03:09,870 - DEBUG - No data processed for seg7
2025-08-12 16:03:09,870 - DEBUG - Loading Omron data from: /root/ppg2bp/data/omron.csv
2025-08-12 16:03:09,871 - DEBUG - Loaded and stored Omron data for key '00042_seg1' and '00042_seg7'
2025-08-12 16:03:09,871 - DEBUG - Loaded and stored Omron data for key '00043_seg1' and '00043_seg7'
2025-08-12 16:03:09,871 - DEBUG - Loaded and stored Omron data for key '00044_seg1' and '00044_seg7'
2025-08-12 16:03:09,872 - DEBUG - Loaded and stored Omron data for key '00016_seg1' and '00016_seg7'
2025-08-12 16:03:09,872 - DEBUG - Loaded and stored Omron data for key '00045_seg1' and '00045_seg7'
2025-08-12 16:03:09,872 - DEBUG - Loaded and stored Omron data for key '00047_seg1' and '00047_seg7'
2025-08-12 16:03:09,872 - DEBUG - Loaded and stored Omron data for key '00048_seg1' and '00048_seg7'
2025-08-12 16:03:09,872 - DEBUG - Loaded and stored Omron data for key '00049_seg1' and '00049_seg7'
2025-08-12 16:03:09,872 - DEBUG - Loaded and stored Omron data for key '00050_seg1' and '00050_seg7'
2025-08-12 16:03:09,872 - DEBUG - Loaded and stored Omron data for key '00051_seg1' and '00051_seg7'
2025-08-12 16:03:09,872 - DEBUG - Loaded and stored Omron data for key '00052_seg1' and '00052_seg7'
2025-08-12 16:03:09,872 - DEBUG - Loaded and stored Omron data for key '00003_seg1' and '00003_seg7'
2025-08-12 16:03:09,872 - DEBUG - Loaded and stored Omron data for key '00053_seg1' and '00053_seg7'
2025-08-12 16:03:09,873 - DEBUG - Loaded and stored Omron data for key '00054_seg1' and '00054_seg7'
2025-08-12 16:03:09,873 - DEBUG - Loaded and stored Omron data for key '00055_seg1' and '00055_seg7'
2025-08-12 16:03:09,873 - DEBUG - Loaded and stored Omron data for key '00056_seg1' and '00056_seg7'
2025-08-12 16:03:09,873 - DEBUG - Loaded and stored Omron data for key '00057_seg1' and '00057_seg7'
2025-08-12 16:03:09,873 - DEBUG - Loaded and stored Omron data for key '00058_seg1' and '00058_seg7'
2025-08-12 16:03:09,873 - DEBUG - Loaded and stored Omron data for key '00059_seg1' and '00059_seg7'
2025-08-12 16:03:09,873 - DEBUG - Loaded and stored Omron data for key '00060_seg1' and '00060_seg7'
2025-08-12 16:03:09,873 - DEBUG - Loaded and stored Omron data for key '00061_seg1' and '00061_seg7'
2025-08-12 16:03:09,873 - DEBUG - Loaded and stored Omron data for key '00062_seg1' and '00062_seg7'
2025-08-12 16:03:09,873 - DEBUG - Loaded and stored Omron data for key '00063_seg1' and '00063_seg7'
2025-08-12 16:03:09,874 - DEBUG - Loaded and stored Omron data for key '00064_seg1' and '00064_seg7'
2025-08-12 16:03:09,874 - DEBUG - Loaded and stored Omron data for key '00065_seg1' and '00065_seg7'
2025-08-12 16:03:09,874 - DEBUG - Loaded and stored Omron data for key '00066_seg1' and '00066_seg7'
2025-08-12 16:03:09,874 - DEBUG - Loaded and stored Omron data for key '00067_seg1' and '00067_seg7'
2025-08-12 16:03:09,874 - DEBUG - Loaded and stored Omron data for key '00068_seg1' and '00068_seg7'
2025-08-12 16:03:09,874 - DEBUG - Loaded and stored Omron data for key '00069_seg1' and '00069_seg7'
2025-08-12 16:03:09,874 - DEBUG - Loaded and stored Omron data for key '00070_seg1' and '00070_seg7'
2025-08-12 16:03:09,874 - DEBUG - Loaded and stored Omron data for key '00071_seg1' and '00071_seg7'
2025-08-12 16:03:09,875 - DEBUG - Loaded and stored Omron data for key '00072_seg1' and '00072_seg7'
2025-08-12 16:03:09,875 - DEBUG - Loaded and stored Omron data for key '00073_seg1' and '00073_seg7'
2025-08-12 16:03:09,875 - DEBUG - Loaded and stored Omron data for key '00074_seg1' and '00074_seg7'
2025-08-12 16:03:09,875 - DEBUG - Loaded and stored Omron data for key '00075_seg1' and '00075_seg7'
2025-08-12 16:03:09,875 - DEBUG - Loaded and stored Omron data for key '00076_seg1' and '00076_seg7'
2025-08-12 16:03:09,875 - DEBUG - Loaded and stored Omron data for key '00077_seg1' and '00077_seg7'
2025-08-12 16:03:09,875 - DEBUG - Loaded and stored Omron data for key '00078_seg1' and '00078_seg7'
2025-08-12 16:03:09,875 - DEBUG - Loaded and stored Omron data for key '00079_seg1' and '00079_seg7'
2025-08-12 16:03:09,875 - DEBUG - Loaded and stored Omron data for key '00080_seg1' and '00080_seg7'
2025-08-12 16:03:09,875 - DEBUG - Loaded and stored Omron data for key '00081_seg1' and '00081_seg7'
2025-08-12 16:03:09,876 - DEBUG - Loaded and stored Omron data for key '00082_seg1' and '00082_seg7'
2025-08-12 16:03:09,876 - DEBUG - Loaded and stored Omron data for key '00083_seg1' and '00083_seg7'
2025-08-12 16:03:09,876 - DEBUG - Loaded and stored Omron data for key '00084_seg1' and '00084_seg7'
2025-08-12 16:03:09,876 - DEBUG - Loaded and stored Omron data for key '00085_seg1' and '00085_seg7'
2025-08-12 16:03:09,876 - DEBUG - Loaded and stored Omron data for key '00086_seg1' and '00086_seg7'
2025-08-12 16:03:09,876 - DEBUG - Loaded and stored Omron data for key '00087_seg1' and '00087_seg7'
2025-08-12 16:03:09,876 - DEBUG - Loaded and stored Omron data for key '00088_seg1' and '00088_seg7'
2025-08-12 16:03:09,876 - DEBUG - Loaded and stored Omron data for key '00089_seg1' and '00089_seg7'
2025-08-12 16:03:09,876 - DEBUG - Loaded and stored Omron data for key '00090_seg1' and '00090_seg7'
2025-08-12 16:03:09,877 - DEBUG - Loaded and stored Omron data for key '00091_seg1' and '00091_seg7'
2025-08-12 16:03:09,877 - DEBUG - Loaded and stored Omron data for key '00092_seg1' and '00092_seg7'
2025-08-12 16:03:09,877 - DEBUG - Loaded and stored Omron data for key '00093_seg1' and '00093_seg7'
2025-08-12 16:03:09,877 - DEBUG - Loaded and stored Omron data for key '00094_seg1' and '00094_seg7'
2025-08-12 16:03:09,877 - DEBUG - Loaded and stored Omron data for key '00095_seg1' and '00095_seg7'
2025-08-12 16:03:09,877 - DEBUG - Loaded and stored Omron data for key '00096_seg1' and '00096_seg7'
2025-08-12 16:03:09,877 - DEBUG - Loaded and stored Omron data for key '00097_seg1' and '00097_seg7'
2025-08-12 16:03:09,877 - DEBUG - Loaded and stored Omron data for key '00098_seg1' and '00098_seg7'
2025-08-12 16:03:09,877 - DEBUG - Loaded and stored Omron data for key '00099_seg1' and '00099_seg7'
2025-08-12 16:03:09,878 - DEBUG - Loaded and stored Omron data for key '00100_seg1' and '00100_seg7'
2025-08-12 16:03:09,878 - DEBUG - Loaded and stored Omron data for key '00101_seg1' and '00101_seg7'
2025-08-12 16:03:09,878 - DEBUG - Loaded and stored Omron data for key '00102_seg1' and '00102_seg7'
2025-08-12 16:03:09,878 - DEBUG - Loaded and stored Omron data for key '00103_seg1' and '00103_seg7'
2025-08-12 16:03:09,878 - DEBUG - Loaded and stored Omron data for key '00105_seg1' and '00105_seg7'
2025-08-12 16:03:09,878 - DEBUG - Loaded and stored Omron data for key '00106_seg1' and '00106_seg7'
2025-08-12 16:03:09,878 - DEBUG - Loaded and stored Omron data for key '00107_seg1' and '00107_seg7'
2025-08-12 16:03:09,878 - DEBUG - Loaded and stored Omron data for key '00108_seg1' and '00108_seg7'
2025-08-12 16:03:09,878 - DEBUG - Loaded and stored Omron data for key '00109_seg1' and '00109_seg7'
2025-08-12 16:03:09,879 - DEBUG - Loaded and stored Omron data for key '00110_seg1' and '00110_seg7'
2025-08-12 16:03:09,879 - DEBUG - Loaded and stored Omron data for key '00111_seg1' and '00111_seg7'
2025-08-12 16:03:09,879 - DEBUG - Loaded and stored Omron data for key '00112_seg1' and '00112_seg7'
2025-08-12 16:03:09,879 - DEBUG - No Omron data for 00017 seg1
2025-08-12 16:03:09,879 - DEBUG - Processing 00017 - seg1
2025-08-12 16:03:09,879 - DEBUG - No data processed for seg1
2025-08-12 16:03:09,879 - DEBUG - Processing 00017 - seg7
2025-08-12 16:03:09,879 - DEBUG - No data processed for seg7
2025-08-12 16:03:09,879 - DEBUG - Loading Omron data from: /root/ppg2bp/data/omron.csv
2025-08-12 16:03:09,880 - DEBUG - Loaded and stored Omron data for key '00042_seg1' and '00042_seg7'
2025-08-12 16:03:09,880 - DEBUG - Loaded and stored Omron data for key '00043_seg1' and '00043_seg7'
2025-08-12 16:03:09,881 - DEBUG - Loaded and stored Omron data for key '00044_seg1' and '00044_seg7'
2025-08-12 16:03:09,881 - DEBUG - Loaded and stored Omron data for key '00016_seg1' and '00016_seg7'
2025-08-12 16:03:09,881 - DEBUG - Loaded and stored Omron data for key '00045_seg1' and '00045_seg7'
2025-08-12 16:03:09,881 - DEBUG - Loaded and stored Omron data for key '00047_seg1' and '00047_seg7'
2025-08-12 16:03:09,881 - DEBUG - Loaded and stored Omron data for key '00048_seg1' and '00048_seg7'
2025-08-12 16:03:09,881 - DEBUG - Loaded and stored Omron data for key '00049_seg1' and '00049_seg7'
2025-08-12 16:03:09,881 - DEBUG - Loaded and stored Omron data for key '00050_seg1' and '00050_seg7'
2025-08-12 16:03:09,881 - DEBUG - Loaded and stored Omron data for key '00051_seg1' and '00051_seg7'
2025-08-12 16:03:09,882 - DEBUG - Loaded and stored Omron data for key '00052_seg1' and '00052_seg7'
2025-08-12 16:03:09,882 - DEBUG - Loaded and stored Omron data for key '00003_seg1' and '00003_seg7'
2025-08-12 16:03:09,882 - DEBUG - Loaded and stored Omron data for key '00053_seg1' and '00053_seg7'
2025-08-12 16:03:09,882 - DEBUG - Loaded and stored Omron data for key '00054_seg1' and '00054_seg7'
2025-08-12 16:03:09,882 - DEBUG - Loaded and stored Omron data for key '00055_seg1' and '00055_seg7'
2025-08-12 16:03:09,883 - DEBUG - Loaded and stored Omron data for key '00056_seg1' and '00056_seg7'
2025-08-12 16:03:09,885 - DEBUG - Loaded and stored Omron data for key '00057_seg1' and '00057_seg7'
2025-08-12 16:03:09,885 - DEBUG - Loaded and stored Omron data for key '00058_seg1' and '00058_seg7'
2025-08-12 16:03:09,885 - DEBUG - Loaded and stored Omron data for key '00059_seg1' and '00059_seg7'
2025-08-12 16:03:09,885 - DEBUG - Loaded and stored Omron data for key '00060_seg1' and '00060_seg7'
2025-08-12 16:03:09,885 - DEBUG - Loaded and stored Omron data for key '00061_seg1' and '00061_seg7'
2025-08-12 16:03:09,885 - DEBUG - Loaded and stored Omron data for key '00062_seg1' and '00062_seg7'
2025-08-12 16:03:09,885 - DEBUG - Loaded and stored Omron data for key '00063_seg1' and '00063_seg7'
2025-08-12 16:03:09,885 - DEBUG - Loaded and stored Omron data for key '00064_seg1' and '00064_seg7'
2025-08-12 16:03:09,886 - DEBUG - Loaded and stored Omron data for key '00065_seg1' and '00065_seg7'
2025-08-12 16:03:09,886 - DEBUG - Loaded and stored Omron data for key '00066_seg1' and '00066_seg7'
2025-08-12 16:03:09,886 - DEBUG - Loaded and stored Omron data for key '00067_seg1' and '00067_seg7'
2025-08-12 16:03:09,886 - DEBUG - Loaded and stored Omron data for key '00068_seg1' and '00068_seg7'
2025-08-12 16:03:09,886 - DEBUG - Loaded and stored Omron data for key '00069_seg1' and '00069_seg7'
2025-08-12 16:03:09,886 - DEBUG - Loaded and stored Omron data for key '00070_seg1' and '00070_seg7'
2025-08-12 16:03:09,886 - DEBUG - Loaded and stored Omron data for key '00071_seg1' and '00071_seg7'
2025-08-12 16:03:09,886 - DEBUG - Loaded and stored Omron data for key '00072_seg1' and '00072_seg7'
2025-08-12 16:03:09,886 - DEBUG - Loaded and stored Omron data for key '00073_seg1' and '00073_seg7'
2025-08-12 16:03:09,886 - DEBUG - Loaded and stored Omron data for key '00074_seg1' and '00074_seg7'
2025-08-12 16:03:09,887 - DEBUG - Loaded and stored Omron data for key '00075_seg1' and '00075_seg7'
2025-08-12 16:03:09,887 - DEBUG - Loaded and stored Omron data for key '00076_seg1' and '00076_seg7'
2025-08-12 16:03:09,887 - DEBUG - Loaded and stored Omron data for key '00077_seg1' and '00077_seg7'
2025-08-12 16:03:09,887 - DEBUG - Loaded and stored Omron data for key '00078_seg1' and '00078_seg7'
2025-08-12 16:03:09,887 - DEBUG - Loaded and stored Omron data for key '00079_seg1' and '00079_seg7'
2025-08-12 16:03:09,887 - DEBUG - Loaded and stored Omron data for key '00080_seg1' and '00080_seg7'
2025-08-12 16:03:09,887 - DEBUG - Loaded and stored Omron data for key '00081_seg1' and '00081_seg7'
2025-08-12 16:03:09,887 - DEBUG - Loaded and stored Omron data for key '00082_seg1' and '00082_seg7'
2025-08-12 16:03:09,887 - DEBUG - Loaded and stored Omron data for key '00083_seg1' and '00083_seg7'
2025-08-12 16:03:09,887 - DEBUG - Loaded and stored Omron data for key '00084_seg1' and '00084_seg7'
2025-08-12 16:03:09,888 - DEBUG - Loaded and stored Omron data for key '00085_seg1' and '00085_seg7'
2025-08-12 16:03:09,888 - DEBUG - Loaded and stored Omron data for key '00086_seg1' and '00086_seg7'
2025-08-12 16:03:09,888 - DEBUG - Loaded and stored Omron data for key '00087_seg1' and '00087_seg7'
2025-08-12 16:03:09,888 - DEBUG - Loaded and stored Omron data for key '00088_seg1' and '00088_seg7'
2025-08-12 16:03:09,888 - DEBUG - Loaded and stored Omron data for key '00089_seg1' and '00089_seg7'
2025-08-12 16:03:09,888 - DEBUG - Loaded and stored Omron data for key '00090_seg1' and '00090_seg7'
2025-08-12 16:03:09,888 - DEBUG - Loaded and stored Omron data for key '00091_seg1' and '00091_seg7'
2025-08-12 16:03:09,888 - DEBUG - Loaded and stored Omron data for key '00092_seg1' and '00092_seg7'
2025-08-12 16:03:09,888 - DEBUG - Loaded and stored Omron data for key '00093_seg1' and '00093_seg7'
2025-08-12 16:03:09,888 - DEBUG - Loaded and stored Omron data for key '00094_seg1' and '00094_seg7'
2025-08-12 16:03:09,889 - DEBUG - Loaded and stored Omron data for key '00095_seg1' and '00095_seg7'
2025-08-12 16:03:09,889 - DEBUG - Loaded and stored Omron data for key '00096_seg1' and '00096_seg7'
2025-08-12 16:03:09,889 - DEBUG - Loaded and stored Omron data for key '00097_seg1' and '00097_seg7'
2025-08-12 16:03:09,889 - DEBUG - Loaded and stored Omron data for key '00098_seg1' and '00098_seg7'
2025-08-12 16:03:09,889 - DEBUG - Loaded and stored Omron data for key '00099_seg1' and '00099_seg7'
2025-08-12 16:03:09,889 - DEBUG - Loaded and stored Omron data for key '00100_seg1' and '00100_seg7'
2025-08-12 16:03:09,889 - DEBUG - Loaded and stored Omron data for key '00101_seg1' and '00101_seg7'
2025-08-12 16:03:09,889 - DEBUG - Loaded and stored Omron data for key '00102_seg1' and '00102_seg7'
2025-08-12 16:03:09,889 - DEBUG - Loaded and stored Omron data for key '00103_seg1' and '00103_seg7'
2025-08-12 16:03:09,890 - DEBUG - Loaded and stored Omron data for key '00105_seg1' and '00105_seg7'
2025-08-12 16:03:09,890 - DEBUG - Loaded and stored Omron data for key '00106_seg1' and '00106_seg7'
2025-08-12 16:03:09,890 - DEBUG - Loaded and stored Omron data for key '00107_seg1' and '00107_seg7'
2025-08-12 16:03:09,890 - DEBUG - Loaded and stored Omron data for key '00108_seg1' and '00108_seg7'
2025-08-12 16:03:09,890 - DEBUG - Loaded and stored Omron data for key '00109_seg1' and '00109_seg7'
2025-08-12 16:03:09,890 - DEBUG - Loaded and stored Omron data for key '00110_seg1' and '00110_seg7'
2025-08-12 16:03:09,890 - DEBUG - Loaded and stored Omron data for key '00111_seg1' and '00111_seg7'
2025-08-12 16:03:09,890 - DEBUG - Loaded and stored Omron data for key '00112_seg1' and '00112_seg7'
2025-08-12 16:03:09,890 - DEBUG - No Omron data for 00041 seg1
2025-08-12 16:03:09,890 - DEBUG - Processing 00041 - seg1
2025-08-12 16:03:12,628 - DEBUG - Loading Omron data from: /root/ppg2bp/data/omron.csv
2025-08-12 16:03:12,631 - DEBUG - Loaded and stored Omron data for key '00042_seg1' and '00042_seg7'
2025-08-12 16:03:12,632 - DEBUG - Loaded and stored Omron data for key '00043_seg1' and '00043_seg7'
2025-08-12 16:03:12,632 - DEBUG - Loaded and stored Omron data for key '00044_seg1' and '00044_seg7'
2025-08-12 16:03:12,632 - DEBUG - Loaded and stored Omron data for key '00016_seg1' and '00016_seg7'
2025-08-12 16:03:12,632 - DEBUG - Loaded and stored Omron data for key '00045_seg1' and '00045_seg7'
2025-08-12 16:03:12,632 - DEBUG - Loaded and stored Omron data for key '00047_seg1' and '00047_seg7'
2025-08-12 16:03:12,632 - DEBUG - Loaded and stored Omron data for key '00048_seg1' and '00048_seg7'
2025-08-12 16:03:12,632 - DEBUG - Loaded and stored Omron data for key '00049_seg1' and '00049_seg7'
2025-08-12 16:03:12,633 - DEBUG - Loaded and stored Omron data for key '00050_seg1' and '00050_seg7'
2025-08-12 16:03:12,633 - DEBUG - Loaded and stored Omron data for key '00051_seg1' and '00051_seg7'
2025-08-12 16:03:12,633 - DEBUG - Loaded and stored Omron data for key '00052_seg1' and '00052_seg7'
2025-08-12 16:03:12,633 - DEBUG - Loaded and stored Omron data for key '00003_seg1' and '00003_seg7'
2025-08-12 16:03:12,633 - DEBUG - Loaded and stored Omron data for key '00053_seg1' and '00053_seg7'
2025-08-12 16:03:12,633 - DEBUG - Loaded and stored Omron data for key '00054_seg1' and '00054_seg7'
2025-08-12 16:03:12,633 - DEBUG - Loaded and stored Omron data for key '00055_seg1' and '00055_seg7'
2025-08-12 16:03:12,633 - DEBUG - Loaded and stored Omron data for key '00056_seg1' and '00056_seg7'
2025-08-12 16:03:12,634 - DEBUG - Loaded and stored Omron data for key '00057_seg1' and '00057_seg7'
2025-08-12 16:03:12,634 - DEBUG - Loaded and stored Omron data for key '00058_seg1' and '00058_seg7'
2025-08-12 16:03:12,634 - DEBUG - Loaded and stored Omron data for key '00059_seg1' and '00059_seg7'
2025-08-12 16:03:12,634 - DEBUG - Loaded and stored Omron data for key '00060_seg1' and '00060_seg7'
2025-08-12 16:03:12,634 - DEBUG - Loaded and stored Omron data for key '00061_seg1' and '00061_seg7'
2025-08-12 16:03:12,635 - DEBUG - Loaded and stored Omron data for key '00062_seg1' and '00062_seg7'
2025-08-12 16:03:12,635 - DEBUG - Loaded and stored Omron data for key '00063_seg1' and '00063_seg7'
2025-08-12 16:03:12,635 - DEBUG - Loaded and stored Omron data for key '00064_seg1' and '00064_seg7'
2025-08-12 16:03:12,635 - DEBUG - Loaded and stored Omron data for key '00065_seg1' and '00065_seg7'
2025-08-12 16:03:12,635 - DEBUG - Loaded and stored Omron data for key '00066_seg1' and '00066_seg7'
2025-08-12 16:03:12,635 - DEBUG - Loaded and stored Omron data for key '00067_seg1' and '00067_seg7'
2025-08-12 16:03:12,635 - DEBUG - Loaded and stored Omron data for key '00068_seg1' and '00068_seg7'
2025-08-12 16:03:12,635 - DEBUG - Loaded and stored Omron data for key '00069_seg1' and '00069_seg7'
2025-08-12 16:03:12,635 - DEBUG - Loaded and stored Omron data for key '00070_seg1' and '00070_seg7'
2025-08-12 16:03:12,636 - DEBUG - Loaded and stored Omron data for key '00071_seg1' and '00071_seg7'
2025-08-12 16:03:12,636 - DEBUG - Loaded and stored Omron data for key '00072_seg1' and '00072_seg7'
2025-08-12 16:03:12,636 - DEBUG - Loaded and stored Omron data for key '00073_seg1' and '00073_seg7'
2025-08-12 16:03:12,636 - DEBUG - Loaded and stored Omron data for key '00074_seg1' and '00074_seg7'
2025-08-12 16:03:12,636 - DEBUG - Loaded and stored Omron data for key '00075_seg1' and '00075_seg7'
2025-08-12 16:03:12,636 - DEBUG - Loaded and stored Omron data for key '00076_seg1' and '00076_seg7'
2025-08-12 16:03:12,636 - DEBUG - Loaded and stored Omron data for key '00077_seg1' and '00077_seg7'
2025-08-12 16:03:12,636 - DEBUG - Loaded and stored Omron data for key '00078_seg1' and '00078_seg7'
2025-08-12 16:03:12,637 - DEBUG - Loaded and stored Omron data for key '00079_seg1' and '00079_seg7'
2025-08-12 16:03:12,637 - DEBUG - Loaded and stored Omron data for key '00080_seg1' and '00080_seg7'
2025-08-12 16:03:12,637 - DEBUG - Loaded and stored Omron data for key '00081_seg1' and '00081_seg7'
2025-08-12 16:03:12,637 - DEBUG - Loaded and stored Omron data for key '00082_seg1' and '00082_seg7'
2025-08-12 16:03:12,637 - DEBUG - Loaded and stored Omron data for key '00083_seg1' and '00083_seg7'
2025-08-12 16:03:12,637 - DEBUG - Loaded and stored Omron data for key '00084_seg1' and '00084_seg7'
2025-08-12 16:03:12,637 - DEBUG - Loaded and stored Omron data for key '00085_seg1' and '00085_seg7'
2025-08-12 16:03:12,637 - DEBUG - Loaded and stored Omron data for key '00086_seg1' and '00086_seg7'
2025-08-12 16:03:12,638 - DEBUG - Loaded and stored Omron data for key '00087_seg1' and '00087_seg7'
2025-08-12 16:03:12,638 - DEBUG - Loaded and stored Omron data for key '00088_seg1' and '00088_seg7'
2025-08-12 16:03:12,638 - DEBUG - Loaded and stored Omron data for key '00089_seg1' and '00089_seg7'
2025-08-12 16:03:12,638 - DEBUG - Loaded and stored Omron data for key '00090_seg1' and '00090_seg7'
2025-08-12 16:03:12,638 - DEBUG - Loaded and stored Omron data for key '00091_seg1' and '00091_seg7'
2025-08-12 16:03:12,638 - DEBUG - Loaded and stored Omron data for key '00092_seg1' and '00092_seg7'
2025-08-12 16:03:12,638 - DEBUG - Loaded and stored Omron data for key '00093_seg1' and '00093_seg7'
2025-08-12 16:03:12,638 - DEBUG - Loaded and stored Omron data for key '00094_seg1' and '00094_seg7'
2025-08-12 16:03:12,638 - DEBUG - Loaded and stored Omron data for key '00095_seg1' and '00095_seg7'
2025-08-12 16:03:12,639 - DEBUG - Loaded and stored Omron data for key '00096_seg1' and '00096_seg7'
2025-08-12 16:03:12,639 - DEBUG - Loaded and stored Omron data for key '00097_seg1' and '00097_seg7'
2025-08-12 16:03:12,639 - DEBUG - Loaded and stored Omron data for key '00098_seg1' and '00098_seg7'
2025-08-12 16:03:12,639 - DEBUG - Loaded and stored Omron data for key '00099_seg1' and '00099_seg7'
2025-08-12 16:03:12,639 - DEBUG - Loaded and stored Omron data for key '00100_seg1' and '00100_seg7'
2025-08-12 16:03:12,639 - DEBUG - Loaded and stored Omron data for key '00101_seg1' and '00101_seg7'
2025-08-12 16:03:12,639 - DEBUG - Loaded and stored Omron data for key '00102_seg1' and '00102_seg7'
2025-08-12 16:03:12,639 - DEBUG - Loaded and stored Omron data for key '00103_seg1' and '00103_seg7'
2025-08-12 16:03:12,640 - DEBUG - Loaded and stored Omron data for key '00105_seg1' and '00105_seg7'
2025-08-12 16:03:12,640 - DEBUG - Loaded and stored Omron data for key '00106_seg1' and '00106_seg7'
2025-08-12 16:03:12,640 - DEBUG - Loaded and stored Omron data for key '00107_seg1' and '00107_seg7'
2025-08-12 16:03:12,640 - DEBUG - Loaded and stored Omron data for key '00108_seg1' and '00108_seg7'
2025-08-12 16:03:12,640 - DEBUG - Loaded and stored Omron data for key '00109_seg1' and '00109_seg7'
2025-08-12 16:03:12,640 - DEBUG - Loaded and stored Omron data for key '00110_seg1' and '00110_seg7'
2025-08-12 16:03:12,640 - DEBUG - Loaded and stored Omron data for key '00111_seg1' and '00111_seg7'
2025-08-12 16:03:12,640 - DEBUG - Loaded and stored Omron data for key '00112_seg1' and '00112_seg7'
2025-08-12 16:03:12,641 - DEBUG - No Omron data for 00041 seg1
2025-08-12 16:03:14,044 - DEBUG - Saved calibrated BP data to: ./data/processed/moved/00041/seg1_bp.csv
2025-08-12 16:03:14,542 - DEBUG - Filtering: 66669 points, range before=(82680.0000, 109510.0000), after=(-2190.5171, 2828.7485)
2025-08-12 16:03:15,172 - DEBUG - Filtering: 66669 points, range before=(141324.0000, 143812.0000), after=(-457.1650, 543.4365)
2025-08-12 16:03:15,821 - DEBUG - Filtering: 66670 points, range before=(135346.0000, 138089.0000), after=(-172.5802, 279.9655)
2025-08-12 16:03:16,520 - DEBUG - Filtering: 66669 points, range before=(54354.0000, 97281.0000), after=(-3616.7103, 5101.5396)
2025-08-12 16:03:16,525 - DEBUG - Available sensors for seg1: ['sensor2', 'sensor3', 'sensor4', 'sensor5'] (4/4)
2025-08-12 16:03:18,272 - DEBUG - Loaded HR data: average 60.9 bpm
2025-08-12 16:03:18,361 - DEBUG - Using provided HR: 60.9 bpm, RR interval: 0.985s
2025-08-12 16:03:18,445 - DEBUG - Found 605 BP valleys in 59999 samples (600.0s), HR: 61 bpm
2025-08-12 16:03:18,457 - DEBUG - Created 595 valley-based slices from 605 valleys
2025-08-12 16:03:18,457 - DEBUG - Generated 595 valley-based slices from seg1
2025-08-12 16:03:18,457 - DEBUG - Processing 00041 - seg7
2025-08-12 16:03:19,201 - DEBUG - Loading Omron data from: /root/ppg2bp/data/omron.csv
2025-08-12 16:03:19,204 - DEBUG - Loaded and stored Omron data for key '00042_seg1' and '00042_seg7'
2025-08-12 16:03:19,204 - DEBUG - Loaded and stored Omron data for key '00043_seg1' and '00043_seg7'
2025-08-12 16:03:19,205 - DEBUG - Loaded and stored Omron data for key '00044_seg1' and '00044_seg7'
2025-08-12 16:03:19,205 - DEBUG - Loaded and stored Omron data for key '00016_seg1' and '00016_seg7'
2025-08-12 16:03:19,205 - DEBUG - Loaded and stored Omron data for key '00045_seg1' and '00045_seg7'
2025-08-12 16:03:19,205 - DEBUG - Loaded and stored Omron data for key '00047_seg1' and '00047_seg7'
2025-08-12 16:03:19,205 - DEBUG - Loaded and stored Omron data for key '00048_seg1' and '00048_seg7'
2025-08-12 16:03:19,205 - DEBUG - Loaded and stored Omron data for key '00049_seg1' and '00049_seg7'
2025-08-12 16:03:19,205 - DEBUG - Loaded and stored Omron data for key '00050_seg1' and '00050_seg7'
2025-08-12 16:03:19,205 - DEBUG - Loaded and stored Omron data for key '00051_seg1' and '00051_seg7'
2025-08-12 16:03:19,205 - DEBUG - Loaded and stored Omron data for key '00052_seg1' and '00052_seg7'
2025-08-12 16:03:19,206 - DEBUG - Loaded and stored Omron data for key '00003_seg1' and '00003_seg7'
2025-08-12 16:03:19,206 - DEBUG - Loaded and stored Omron data for key '00053_seg1' and '00053_seg7'
2025-08-12 16:03:19,206 - DEBUG - Loaded and stored Omron data for key '00054_seg1' and '00054_seg7'
2025-08-12 16:03:19,206 - DEBUG - Loaded and stored Omron data for key '00055_seg1' and '00055_seg7'
2025-08-12 16:03:19,206 - DEBUG - Loaded and stored Omron data for key '00056_seg1' and '00056_seg7'
2025-08-12 16:03:19,206 - DEBUG - Loaded and stored Omron data for key '00057_seg1' and '00057_seg7'
2025-08-12 16:03:19,206 - DEBUG - Loaded and stored Omron data for key '00058_seg1' and '00058_seg7'
2025-08-12 16:03:19,206 - DEBUG - Loaded and stored Omron data for key '00059_seg1' and '00059_seg7'
2025-08-12 16:03:19,206 - DEBUG - Loaded and stored Omron data for key '00060_seg1' and '00060_seg7'
2025-08-12 16:03:19,206 - DEBUG - Loaded and stored Omron data for key '00061_seg1' and '00061_seg7'
2025-08-12 16:03:19,206 - DEBUG - Loaded and stored Omron data for key '00062_seg1' and '00062_seg7'
2025-08-12 16:03:19,207 - DEBUG - Loaded and stored Omron data for key '00063_seg1' and '00063_seg7'
2025-08-12 16:03:19,207 - DEBUG - Loaded and stored Omron data for key '00064_seg1' and '00064_seg7'
2025-08-12 16:03:19,207 - DEBUG - Loaded and stored Omron data for key '00065_seg1' and '00065_seg7'
2025-08-12 16:03:19,207 - DEBUG - Loaded and stored Omron data for key '00066_seg1' and '00066_seg7'
2025-08-12 16:03:19,207 - DEBUG - Loaded and stored Omron data for key '00067_seg1' and '00067_seg7'
2025-08-12 16:03:19,207 - DEBUG - Loaded and stored Omron data for key '00068_seg1' and '00068_seg7'
2025-08-12 16:03:19,207 - DEBUG - Loaded and stored Omron data for key '00069_seg1' and '00069_seg7'
2025-08-12 16:03:19,207 - DEBUG - Loaded and stored Omron data for key '00070_seg1' and '00070_seg7'
2025-08-12 16:03:19,207 - DEBUG - Loaded and stored Omron data for key '00071_seg1' and '00071_seg7'
2025-08-12 16:03:19,207 - DEBUG - Loaded and stored Omron data for key '00072_seg1' and '00072_seg7'
2025-08-12 16:03:19,207 - DEBUG - Loaded and stored Omron data for key '00073_seg1' and '00073_seg7'
2025-08-12 16:03:19,208 - DEBUG - Loaded and stored Omron data for key '00074_seg1' and '00074_seg7'
2025-08-12 16:03:19,208 - DEBUG - Loaded and stored Omron data for key '00075_seg1' and '00075_seg7'
2025-08-12 16:03:19,208 - DEBUG - Loaded and stored Omron data for key '00076_seg1' and '00076_seg7'
2025-08-12 16:03:19,208 - DEBUG - Loaded and stored Omron data for key '00077_seg1' and '00077_seg7'
2025-08-12 16:03:19,208 - DEBUG - Loaded and stored Omron data for key '00078_seg1' and '00078_seg7'
2025-08-12 16:03:19,208 - DEBUG - Loaded and stored Omron data for key '00079_seg1' and '00079_seg7'
2025-08-12 16:03:19,208 - DEBUG - Loaded and stored Omron data for key '00080_seg1' and '00080_seg7'
2025-08-12 16:03:19,208 - DEBUG - Loaded and stored Omron data for key '00081_seg1' and '00081_seg7'
2025-08-12 16:03:19,208 - DEBUG - Loaded and stored Omron data for key '00082_seg1' and '00082_seg7'
2025-08-12 16:03:19,208 - DEBUG - Loaded and stored Omron data for key '00083_seg1' and '00083_seg7'
2025-08-12 16:03:19,209 - DEBUG - Loaded and stored Omron data for key '00084_seg1' and '00084_seg7'
2025-08-12 16:03:19,209 - DEBUG - Loaded and stored Omron data for key '00085_seg1' and '00085_seg7'
2025-08-12 16:03:19,209 - DEBUG - Loaded and stored Omron data for key '00086_seg1' and '00086_seg7'
2025-08-12 16:03:19,209 - DEBUG - Loaded and stored Omron data for key '00087_seg1' and '00087_seg7'
2025-08-12 16:03:19,209 - DEBUG - Loaded and stored Omron data for key '00088_seg1' and '00088_seg7'
2025-08-12 16:03:19,209 - DEBUG - Loaded and stored Omron data for key '00089_seg1' and '00089_seg7'
2025-08-12 16:03:19,209 - DEBUG - Loaded and stored Omron data for key '00090_seg1' and '00090_seg7'
2025-08-12 16:03:19,209 - DEBUG - Loaded and stored Omron data for key '00091_seg1' and '00091_seg7'
2025-08-12 16:03:19,209 - DEBUG - Loaded and stored Omron data for key '00092_seg1' and '00092_seg7'
2025-08-12 16:03:19,209 - DEBUG - Loaded and stored Omron data for key '00093_seg1' and '00093_seg7'
2025-08-12 16:03:19,209 - DEBUG - Loaded and stored Omron data for key '00094_seg1' and '00094_seg7'
2025-08-12 16:03:19,210 - DEBUG - Loaded and stored Omron data for key '00095_seg1' and '00095_seg7'
2025-08-12 16:03:19,210 - DEBUG - Loaded and stored Omron data for key '00096_seg1' and '00096_seg7'
2025-08-12 16:03:19,210 - DEBUG - Loaded and stored Omron data for key '00097_seg1' and '00097_seg7'
2025-08-12 16:03:19,210 - DEBUG - Loaded and stored Omron data for key '00098_seg1' and '00098_seg7'
2025-08-12 16:03:19,210 - DEBUG - Loaded and stored Omron data for key '00099_seg1' and '00099_seg7'
2025-08-12 16:03:19,210 - DEBUG - Loaded and stored Omron data for key '00100_seg1' and '00100_seg7'
2025-08-12 16:03:19,210 - DEBUG - Loaded and stored Omron data for key '00101_seg1' and '00101_seg7'
2025-08-12 16:03:19,210 - DEBUG - Loaded and stored Omron data for key '00102_seg1' and '00102_seg7'
2025-08-12 16:03:19,210 - DEBUG - Loaded and stored Omron data for key '00103_seg1' and '00103_seg7'
2025-08-12 16:03:19,211 - DEBUG - Loaded and stored Omron data for key '00105_seg1' and '00105_seg7'
2025-08-12 16:03:19,211 - DEBUG - Loaded and stored Omron data for key '00106_seg1' and '00106_seg7'
2025-08-12 16:03:19,211 - DEBUG - Loaded and stored Omron data for key '00107_seg1' and '00107_seg7'
2025-08-12 16:03:19,211 - DEBUG - Loaded and stored Omron data for key '00108_seg1' and '00108_seg7'
2025-08-12 16:03:19,211 - DEBUG - Loaded and stored Omron data for key '00109_seg1' and '00109_seg7'
2025-08-12 16:03:19,211 - DEBUG - Loaded and stored Omron data for key '00110_seg1' and '00110_seg7'
2025-08-12 16:03:19,211 - DEBUG - Loaded and stored Omron data for key '00111_seg1' and '00111_seg7'
2025-08-12 16:03:19,211 - DEBUG - Loaded and stored Omron data for key '00112_seg1' and '00112_seg7'
2025-08-12 16:03:19,211 - DEBUG - No Omron data for 00041 seg1
2025-08-12 16:03:19,840 - DEBUG - Saved calibrated BP data to: ./data/processed/moved/00041/seg7_bp.csv
2025-08-12 16:03:19,978 - DEBUG - Filtering: 33334 points, range before=(96709.0000, 113459.0000), after=(-2872.1805, 2166.2964)
2025-08-12 16:03:19,985 - DEBUG - Warning: No valid data in ./data/raw/00041/seg7_sensor3.csv
2025-08-12 16:03:20,184 - DEBUG - Filtering: 33334 points, range before=(140351.0000, 143817.0000), after=(-1555.1362, 777.3204)
2025-08-12 16:03:20,492 - DEBUG - Filtering: 33335 points, range before=(43524.0000, 88238.0000), after=(-6743.5639, 6788.4079)
2025-08-12 16:03:20,495 - DEBUG - Available sensors for seg7: ['sensor2', 'sensor4', 'sensor5'] (3/4)
2025-08-12 16:03:21,003 - DEBUG - Loaded HR data: average 66.4 bpm
2025-08-12 16:03:21,009 - DEBUG - Using provided HR: 66.4 bpm, RR interval: 0.904s
2025-08-12 16:03:21,037 - DEBUG - Found 0 BP valleys in 29999 samples (300.0s), HR: 66 bpm
2025-08-12 16:03:21,037 - DEBUG - Warning: Insufficient BP valleys found, using original slicing method
2025-08-12 16:03:21,041 - DEBUG - Generated 289 valley-based slices from seg7
2025-08-12 16:03:21,041 - DEBUG - Loading Omron data from: /root/ppg2bp/data/omron.csv
2025-08-12 16:03:21,044 - DEBUG - Loaded and stored Omron data for key '00042_seg1' and '00042_seg7'
2025-08-12 16:03:21,044 - DEBUG - Loaded and stored Omron data for key '00043_seg1' and '00043_seg7'
2025-08-12 16:03:21,044 - DEBUG - Loaded and stored Omron data for key '00044_seg1' and '00044_seg7'
2025-08-12 16:03:21,044 - DEBUG - Loaded and stored Omron data for key '00016_seg1' and '00016_seg7'
2025-08-12 16:03:21,044 - DEBUG - Loaded and stored Omron data for key '00045_seg1' and '00045_seg7'
2025-08-12 16:03:21,045 - DEBUG - Loaded and stored Omron data for key '00047_seg1' and '00047_seg7'
2025-08-12 16:03:21,045 - DEBUG - Loaded and stored Omron data for key '00048_seg1' and '00048_seg7'
2025-08-12 16:03:21,045 - DEBUG - Loaded and stored Omron data for key '00049_seg1' and '00049_seg7'
2025-08-12 16:03:21,045 - DEBUG - Loaded and stored Omron data for key '00050_seg1' and '00050_seg7'
2025-08-12 16:03:21,045 - DEBUG - Loaded and stored Omron data for key '00051_seg1' and '00051_seg7'
2025-08-12 16:03:21,045 - DEBUG - Loaded and stored Omron data for key '00052_seg1' and '00052_seg7'
2025-08-12 16:03:21,045 - DEBUG - Loaded and stored Omron data for key '00003_seg1' and '00003_seg7'
2025-08-12 16:03:21,045 - DEBUG - Loaded and stored Omron data for key '00053_seg1' and '00053_seg7'
2025-08-12 16:03:21,045 - DEBUG - Loaded and stored Omron data for key '00054_seg1' and '00054_seg7'
2025-08-12 16:03:21,045 - DEBUG - Loaded and stored Omron data for key '00055_seg1' and '00055_seg7'
2025-08-12 16:03:21,045 - DEBUG - Loaded and stored Omron data for key '00056_seg1' and '00056_seg7'
2025-08-12 16:03:21,046 - DEBUG - Loaded and stored Omron data for key '00057_seg1' and '00057_seg7'
2025-08-12 16:03:21,046 - DEBUG - Loaded and stored Omron data for key '00058_seg1' and '00058_seg7'
2025-08-12 16:03:21,046 - DEBUG - Loaded and stored Omron data for key '00059_seg1' and '00059_seg7'
2025-08-12 16:03:21,046 - DEBUG - Loaded and stored Omron data for key '00060_seg1' and '00060_seg7'
2025-08-12 16:03:21,046 - DEBUG - Loaded and stored Omron data for key '00061_seg1' and '00061_seg7'
2025-08-12 16:03:21,046 - DEBUG - Loaded and stored Omron data for key '00062_seg1' and '00062_seg7'
2025-08-12 16:03:21,046 - DEBUG - Loaded and stored Omron data for key '00063_seg1' and '00063_seg7'
2025-08-12 16:03:21,046 - DEBUG - Loaded and stored Omron data for key '00064_seg1' and '00064_seg7'
2025-08-12 16:03:21,046 - DEBUG - Loaded and stored Omron data for key '00065_seg1' and '00065_seg7'
2025-08-12 16:03:21,046 - DEBUG - Loaded and stored Omron data for key '00066_seg1' and '00066_seg7'
2025-08-12 16:03:21,046 - DEBUG - Loaded and stored Omron data for key '00067_seg1' and '00067_seg7'
2025-08-12 16:03:21,047 - DEBUG - Loaded and stored Omron data for key '00068_seg1' and '00068_seg7'
2025-08-12 16:03:21,047 - DEBUG - Loaded and stored Omron data for key '00069_seg1' and '00069_seg7'
2025-08-12 16:03:21,047 - DEBUG - Loaded and stored Omron data for key '00070_seg1' and '00070_seg7'
2025-08-12 16:03:21,047 - DEBUG - Loaded and stored Omron data for key '00071_seg1' and '00071_seg7'
2025-08-12 16:03:21,047 - DEBUG - Loaded and stored Omron data for key '00072_seg1' and '00072_seg7'
2025-08-12 16:03:21,047 - DEBUG - Loaded and stored Omron data for key '00073_seg1' and '00073_seg7'
2025-08-12 16:03:21,047 - DEBUG - Loaded and stored Omron data for key '00074_seg1' and '00074_seg7'
2025-08-12 16:03:21,047 - DEBUG - Loaded and stored Omron data for key '00075_seg1' and '00075_seg7'
2025-08-12 16:03:21,047 - DEBUG - Loaded and stored Omron data for key '00076_seg1' and '00076_seg7'
2025-08-12 16:03:21,047 - DEBUG - Loaded and stored Omron data for key '00077_seg1' and '00077_seg7'
2025-08-12 16:03:21,047 - DEBUG - Loaded and stored Omron data for key '00078_seg1' and '00078_seg7'
2025-08-12 16:03:21,048 - DEBUG - Loaded and stored Omron data for key '00079_seg1' and '00079_seg7'
2025-08-12 16:03:21,048 - DEBUG - Loaded and stored Omron data for key '00080_seg1' and '00080_seg7'
2025-08-12 16:03:21,048 - DEBUG - Loaded and stored Omron data for key '00081_seg1' and '00081_seg7'
2025-08-12 16:03:21,048 - DEBUG - Loaded and stored Omron data for key '00082_seg1' and '00082_seg7'
2025-08-12 16:03:21,048 - DEBUG - Loaded and stored Omron data for key '00083_seg1' and '00083_seg7'
2025-08-12 16:03:21,048 - DEBUG - Loaded and stored Omron data for key '00084_seg1' and '00084_seg7'
2025-08-12 16:03:21,048 - DEBUG - Loaded and stored Omron data for key '00085_seg1' and '00085_seg7'
2025-08-12 16:03:21,048 - DEBUG - Loaded and stored Omron data for key '00086_seg1' and '00086_seg7'
2025-08-12 16:03:21,048 - DEBUG - Loaded and stored Omron data for key '00087_seg1' and '00087_seg7'
2025-08-12 16:03:21,048 - DEBUG - Loaded and stored Omron data for key '00088_seg1' and '00088_seg7'
2025-08-12 16:03:21,048 - DEBUG - Loaded and stored Omron data for key '00089_seg1' and '00089_seg7'
2025-08-12 16:03:21,049 - DEBUG - Loaded and stored Omron data for key '00090_seg1' and '00090_seg7'
2025-08-12 16:03:21,049 - DEBUG - Loaded and stored Omron data for key '00091_seg1' and '00091_seg7'
2025-08-12 16:03:21,049 - DEBUG - Loaded and stored Omron data for key '00092_seg1' and '00092_seg7'
2025-08-12 16:03:21,049 - DEBUG - Loaded and stored Omron data for key '00093_seg1' and '00093_seg7'
2025-08-12 16:03:21,049 - DEBUG - Loaded and stored Omron data for key '00094_seg1' and '00094_seg7'
2025-08-12 16:03:21,049 - DEBUG - Loaded and stored Omron data for key '00095_seg1' and '00095_seg7'
2025-08-12 16:03:21,049 - DEBUG - Loaded and stored Omron data for key '00096_seg1' and '00096_seg7'
2025-08-12 16:03:21,049 - DEBUG - Loaded and stored Omron data for key '00097_seg1' and '00097_seg7'
2025-08-12 16:03:21,049 - DEBUG - Loaded and stored Omron data for key '00098_seg1' and '00098_seg7'
2025-08-12 16:03:21,049 - DEBUG - Loaded and stored Omron data for key '00099_seg1' and '00099_seg7'
2025-08-12 16:03:21,049 - DEBUG - Loaded and stored Omron data for key '00100_seg1' and '00100_seg7'
2025-08-12 16:03:21,050 - DEBUG - Loaded and stored Omron data for key '00101_seg1' and '00101_seg7'
2025-08-12 16:03:21,050 - DEBUG - Loaded and stored Omron data for key '00102_seg1' and '00102_seg7'
2025-08-12 16:03:21,050 - DEBUG - Loaded and stored Omron data for key '00103_seg1' and '00103_seg7'
2025-08-12 16:03:21,050 - DEBUG - Loaded and stored Omron data for key '00105_seg1' and '00105_seg7'
2025-08-12 16:03:21,050 - DEBUG - Loaded and stored Omron data for key '00106_seg1' and '00106_seg7'
2025-08-12 16:03:21,050 - DEBUG - Loaded and stored Omron data for key '00107_seg1' and '00107_seg7'
2025-08-12 16:03:21,050 - DEBUG - Loaded and stored Omron data for key '00108_seg1' and '00108_seg7'
2025-08-12 16:03:21,050 - DEBUG - Loaded and stored Omron data for key '00109_seg1' and '00109_seg7'
2025-08-12 16:03:21,050 - DEBUG - Loaded and stored Omron data for key '00110_seg1' and '00110_seg7'
2025-08-12 16:03:21,050 - DEBUG - Loaded and stored Omron data for key '00111_seg1' and '00111_seg7'
2025-08-12 16:03:21,050 - DEBUG - Loaded and stored Omron data for key '00112_seg1' and '00112_seg7'
2025-08-12 16:03:24,814 - DEBUG - Biopac BP values for seg1: SBP=90.3, DBP=56.0 (zeros excluded)
2025-08-12 16:03:24,984 - DEBUG - Calculated shift amount for 00042: +18.8 mmHg
2025-08-12 16:03:24,985 - DEBUG - Processing 00042 - seg1
2025-08-12 16:03:28,464 - DEBUG - Saved calibrated BP data to: ./data/processed/moved/00042/seg1_bp.csv
2025-08-12 16:03:29,201 - DEBUG - Filtering: 66673 points, range before=(68358.0000, 96196.0000), after=(-17572.7978, 6947.4242)
2025-08-12 16:03:29,927 - DEBUG - Filtering: 66672 points, range before=(132322.0000, 140560.0000), after=(-893.1852, 952.6557)
2025-08-12 16:03:30,499 - DEBUG - Filtering: 66671 points, range before=(128518.0000, 132724.0000), after=(-427.8687, 387.4752)
2025-08-12 16:03:31,261 - DEBUG - Filtering: 66671 points, range before=(134351.0000, 137567.0000), after=(-261.4258, 203.3326)
2025-08-12 16:03:31,270 - DEBUG - Available sensors for seg1: ['sensor2', 'sensor3', 'sensor4', 'sensor5'] (4/4)
2025-08-12 16:03:33,298 - DEBUG - Loaded HR data: average 82.3 bpm
2025-08-12 16:03:33,366 - DEBUG - Using provided HR: 82.3 bpm, RR interval: 0.729s
2025-08-12 16:03:33,485 - DEBUG - Found 822 BP valleys in 60000 samples (600.0s), HR: 82 bpm
2025-08-12 16:03:33,496 - DEBUG - Created 809 valley-based slices from 822 valleys
2025-08-12 16:03:33,496 - DEBUG - Generated 809 valley-based slices from seg1
2025-08-12 16:03:33,496 - DEBUG - Processing 00042 - seg7
2025-08-12 16:03:34,899 - DEBUG - Saved calibrated BP data to: ./data/processed/moved/00042/seg7_bp.csv
2025-08-12 16:03:35,084 - DEBUG - Filtering: 33337 points, range before=(83928.0000, 96409.0000), after=(-2674.7946, 1604.6817)
2025-08-12 16:03:35,181 - DEBUG - Filtering: 33336 points, range before=(122970.0000, 138012.0000), after=(-1911.5569, 1957.4575)
2025-08-12 16:03:35,325 - DEBUG - Filtering: 33335 points, range before=(134177.0000, 138689.0000), after=(-769.9468, 510.2832)
2025-08-12 16:03:35,438 - DEBUG - Filtering: 33335 points, range before=(137957.0000, 141350.0000), after=(-278.8534, 201.9833)
2025-08-12 16:03:35,441 - DEBUG - Available sensors for seg7: ['sensor2', 'sensor3', 'sensor4', 'sensor5'] (4/4)
2025-08-12 16:03:35,871 - DEBUG - Loaded HR data: average 84.1 bpm
2025-08-12 16:03:35,879 - DEBUG - Using provided HR: 84.1 bpm, RR interval: 0.714s
2025-08-12 16:03:35,946 - DEBUG - Found 0 BP valleys in 29999 samples (300.0s), HR: 84 bpm
2025-08-12 16:03:35,947 - DEBUG - Warning: Insufficient BP valleys found, using original slicing method
2025-08-12 16:03:35,952 - DEBUG - Generated 289 valley-based slices from seg7
2025-08-12 16:03:35,953 - DEBUG - Loading Omron data from: /root/ppg2bp/data/omron.csv
2025-08-12 16:03:35,956 - DEBUG - Loaded and stored Omron data for key '00042_seg1' and '00042_seg7'
2025-08-12 16:03:35,956 - DEBUG - Loaded and stored Omron data for key '00043_seg1' and '00043_seg7'
2025-08-12 16:03:35,956 - DEBUG - Loaded and stored Omron data for key '00044_seg1' and '00044_seg7'
2025-08-12 16:03:35,956 - DEBUG - Loaded and stored Omron data for key '00016_seg1' and '00016_seg7'
2025-08-12 16:03:35,957 - DEBUG - Loaded and stored Omron data for key '00045_seg1' and '00045_seg7'
2025-08-12 16:03:35,957 - DEBUG - Loaded and stored Omron data for key '00047_seg1' and '00047_seg7'
2025-08-12 16:03:35,957 - DEBUG - Loaded and stored Omron data for key '00048_seg1' and '00048_seg7'
2025-08-12 16:03:35,957 - DEBUG - Loaded and stored Omron data for key '00049_seg1' and '00049_seg7'
2025-08-12 16:03:35,957 - DEBUG - Loaded and stored Omron data for key '00050_seg1' and '00050_seg7'
2025-08-12 16:03:35,957 - DEBUG - Loaded and stored Omron data for key '00051_seg1' and '00051_seg7'
2025-08-12 16:03:35,957 - DEBUG - Loaded and stored Omron data for key '00052_seg1' and '00052_seg7'
2025-08-12 16:03:35,957 - DEBUG - Loaded and stored Omron data for key '00003_seg1' and '00003_seg7'
2025-08-12 16:03:35,957 - DEBUG - Loaded and stored Omron data for key '00053_seg1' and '00053_seg7'
2025-08-12 16:03:35,957 - DEBUG - Loaded and stored Omron data for key '00054_seg1' and '00054_seg7'
2025-08-12 16:03:35,958 - DEBUG - Loaded and stored Omron data for key '00055_seg1' and '00055_seg7'
2025-08-12 16:03:35,958 - DEBUG - Loaded and stored Omron data for key '00056_seg1' and '00056_seg7'
2025-08-12 16:03:35,958 - DEBUG - Loaded and stored Omron data for key '00057_seg1' and '00057_seg7'
2025-08-12 16:03:35,958 - DEBUG - Loaded and stored Omron data for key '00058_seg1' and '00058_seg7'
2025-08-12 16:03:35,958 - DEBUG - Loaded and stored Omron data for key '00059_seg1' and '00059_seg7'
2025-08-12 16:03:35,958 - DEBUG - Loaded and stored Omron data for key '00060_seg1' and '00060_seg7'
2025-08-12 16:03:35,958 - DEBUG - Loaded and stored Omron data for key '00061_seg1' and '00061_seg7'
2025-08-12 16:03:35,958 - DEBUG - Loaded and stored Omron data for key '00062_seg1' and '00062_seg7'
2025-08-12 16:03:35,958 - DEBUG - Loaded and stored Omron data for key '00063_seg1' and '00063_seg7'
2025-08-12 16:03:35,958 - DEBUG - Loaded and stored Omron data for key '00064_seg1' and '00064_seg7'
2025-08-12 16:03:35,958 - DEBUG - Loaded and stored Omron data for key '00065_seg1' and '00065_seg7'
2025-08-12 16:03:35,959 - DEBUG - Loaded and stored Omron data for key '00066_seg1' and '00066_seg7'
2025-08-12 16:03:35,959 - DEBUG - Loaded and stored Omron data for key '00067_seg1' and '00067_seg7'
2025-08-12 16:03:35,959 - DEBUG - Loaded and stored Omron data for key '00068_seg1' and '00068_seg7'
2025-08-12 16:03:35,959 - DEBUG - Loaded and stored Omron data for key '00069_seg1' and '00069_seg7'
2025-08-12 16:03:35,959 - DEBUG - Loaded and stored Omron data for key '00070_seg1' and '00070_seg7'
2025-08-12 16:03:35,959 - DEBUG - Loaded and stored Omron data for key '00071_seg1' and '00071_seg7'
2025-08-12 16:03:35,959 - DEBUG - Loaded and stored Omron data for key '00072_seg1' and '00072_seg7'
2025-08-12 16:03:35,959 - DEBUG - Loaded and stored Omron data for key '00073_seg1' and '00073_seg7'
2025-08-12 16:03:35,959 - DEBUG - Loaded and stored Omron data for key '00074_seg1' and '00074_seg7'
2025-08-12 16:03:35,959 - DEBUG - Loaded and stored Omron data for key '00075_seg1' and '00075_seg7'
2025-08-12 16:03:35,959 - DEBUG - Loaded and stored Omron data for key '00076_seg1' and '00076_seg7'
2025-08-12 16:03:35,960 - DEBUG - Loaded and stored Omron data for key '00077_seg1' and '00077_seg7'
2025-08-12 16:03:35,960 - DEBUG - Loaded and stored Omron data for key '00078_seg1' and '00078_seg7'
2025-08-12 16:03:35,960 - DEBUG - Loaded and stored Omron data for key '00079_seg1' and '00079_seg7'
2025-08-12 16:03:35,960 - DEBUG - Loaded and stored Omron data for key '00080_seg1' and '00080_seg7'
2025-08-12 16:03:35,960 - DEBUG - Loaded and stored Omron data for key '00081_seg1' and '00081_seg7'
2025-08-12 16:03:35,960 - DEBUG - Loaded and stored Omron data for key '00082_seg1' and '00082_seg7'
2025-08-12 16:03:35,960 - DEBUG - Loaded and stored Omron data for key '00083_seg1' and '00083_seg7'
2025-08-12 16:03:35,960 - DEBUG - Loaded and stored Omron data for key '00084_seg1' and '00084_seg7'
2025-08-12 16:03:35,960 - DEBUG - Loaded and stored Omron data for key '00085_seg1' and '00085_seg7'
2025-08-12 16:03:35,960 - DEBUG - Loaded and stored Omron data for key '00086_seg1' and '00086_seg7'
2025-08-12 16:03:35,961 - DEBUG - Loaded and stored Omron data for key '00087_seg1' and '00087_seg7'
2025-08-12 16:03:35,961 - DEBUG - Loaded and stored Omron data for key '00088_seg1' and '00088_seg7'
2025-08-12 16:03:35,961 - DEBUG - Loaded and stored Omron data for key '00089_seg1' and '00089_seg7'
2025-08-12 16:03:35,961 - DEBUG - Loaded and stored Omron data for key '00090_seg1' and '00090_seg7'
2025-08-12 16:03:35,961 - DEBUG - Loaded and stored Omron data for key '00091_seg1' and '00091_seg7'
2025-08-12 16:03:35,961 - DEBUG - Loaded and stored Omron data for key '00092_seg1' and '00092_seg7'
2025-08-12 16:03:35,961 - DEBUG - Loaded and stored Omron data for key '00093_seg1' and '00093_seg7'
2025-08-12 16:03:35,961 - DEBUG - Loaded and stored Omron data for key '00094_seg1' and '00094_seg7'
2025-08-12 16:03:35,961 - DEBUG - Loaded and stored Omron data for key '00095_seg1' and '00095_seg7'
2025-08-12 16:03:35,961 - DEBUG - Loaded and stored Omron data for key '00096_seg1' and '00096_seg7'
2025-08-12 16:03:35,961 - DEBUG - Loaded and stored Omron data for key '00097_seg1' and '00097_seg7'
2025-08-12 16:03:35,962 - DEBUG - Loaded and stored Omron data for key '00098_seg1' and '00098_seg7'
2025-08-12 16:03:35,962 - DEBUG - Loaded and stored Omron data for key '00099_seg1' and '00099_seg7'
2025-08-12 16:03:35,962 - DEBUG - Loaded and stored Omron data for key '00100_seg1' and '00100_seg7'
2025-08-12 16:03:35,962 - DEBUG - Loaded and stored Omron data for key '00101_seg1' and '00101_seg7'
2025-08-12 16:03:35,962 - DEBUG - Loaded and stored Omron data for key '00102_seg1' and '00102_seg7'
2025-08-12 16:03:35,962 - DEBUG - Loaded and stored Omron data for key '00103_seg1' and '00103_seg7'
2025-08-12 16:03:35,962 - DEBUG - Loaded and stored Omron data for key '00105_seg1' and '00105_seg7'
2025-08-12 16:03:35,962 - DEBUG - Loaded and stored Omron data for key '00106_seg1' and '00106_seg7'
2025-08-12 16:03:35,962 - DEBUG - Loaded and stored Omron data for key '00107_seg1' and '00107_seg7'
2025-08-12 16:03:35,962 - DEBUG - Loaded and stored Omron data for key '00108_seg1' and '00108_seg7'
2025-08-12 16:03:35,962 - DEBUG - Loaded and stored Omron data for key '00109_seg1' and '00109_seg7'
2025-08-12 16:03:35,963 - DEBUG - Loaded and stored Omron data for key '00110_seg1' and '00110_seg7'
2025-08-12 16:03:35,963 - DEBUG - Loaded and stored Omron data for key '00111_seg1' and '00111_seg7'
2025-08-12 16:03:35,963 - DEBUG - Loaded and stored Omron data for key '00112_seg1' and '00112_seg7'
2025-08-12 16:03:39,970 - DEBUG - Biopac BP values for seg1: SBP=149.6, DBP=95.8 (zeros excluded)
2025-08-12 16:03:40,166 - DEBUG - No shift for 00043, delta too large (-16.8 mmHg)
2025-08-12 16:03:40,167 - DEBUG - Processing 00043 - seg1
2025-08-12 16:03:42,094 - DEBUG - Loading Omron data from: /root/ppg2bp/data/omron.csv
2025-08-12 16:03:42,098 - DEBUG - Loaded and stored Omron data for key '00042_seg1' and '00042_seg7'
2025-08-12 16:03:42,098 - DEBUG - Loaded and stored Omron data for key '00043_seg1' and '00043_seg7'
2025-08-12 16:03:42,098 - DEBUG - Loaded and stored Omron data for key '00044_seg1' and '00044_seg7'
2025-08-12 16:03:42,098 - DEBUG - Loaded and stored Omron data for key '00016_seg1' and '00016_seg7'
2025-08-12 16:03:42,098 - DEBUG - Loaded and stored Omron data for key '00045_seg1' and '00045_seg7'
2025-08-12 16:03:42,098 - DEBUG - Loaded and stored Omron data for key '00047_seg1' and '00047_seg7'
2025-08-12 16:03:42,098 - DEBUG - Loaded and stored Omron data for key '00048_seg1' and '00048_seg7'
2025-08-12 16:03:42,099 - DEBUG - Loaded and stored Omron data for key '00049_seg1' and '00049_seg7'
2025-08-12 16:03:42,099 - DEBUG - Loaded and stored Omron data for key '00050_seg1' and '00050_seg7'
2025-08-12 16:03:42,099 - DEBUG - Loaded and stored Omron data for key '00051_seg1' and '00051_seg7'
2025-08-12 16:03:42,099 - DEBUG - Loaded and stored Omron data for key '00052_seg1' and '00052_seg7'
2025-08-12 16:03:42,099 - DEBUG - Loaded and stored Omron data for key '00003_seg1' and '00003_seg7'
2025-08-12 16:03:42,099 - DEBUG - Loaded and stored Omron data for key '00053_seg1' and '00053_seg7'
2025-08-12 16:03:42,099 - DEBUG - Loaded and stored Omron data for key '00054_seg1' and '00054_seg7'
2025-08-12 16:03:42,099 - DEBUG - Loaded and stored Omron data for key '00055_seg1' and '00055_seg7'
2025-08-12 16:03:42,099 - DEBUG - Loaded and stored Omron data for key '00056_seg1' and '00056_seg7'
2025-08-12 16:03:42,099 - DEBUG - Loaded and stored Omron data for key '00057_seg1' and '00057_seg7'
2025-08-12 16:03:42,099 - DEBUG - Loaded and stored Omron data for key '00058_seg1' and '00058_seg7'
2025-08-12 16:03:42,100 - DEBUG - Loaded and stored Omron data for key '00059_seg1' and '00059_seg7'
2025-08-12 16:03:42,100 - DEBUG - Loaded and stored Omron data for key '00060_seg1' and '00060_seg7'
2025-08-12 16:03:42,100 - DEBUG - Loaded and stored Omron data for key '00061_seg1' and '00061_seg7'
2025-08-12 16:03:42,100 - DEBUG - Loaded and stored Omron data for key '00062_seg1' and '00062_seg7'
2025-08-12 16:03:42,100 - DEBUG - Loaded and stored Omron data for key '00063_seg1' and '00063_seg7'
2025-08-12 16:03:42,100 - DEBUG - Loaded and stored Omron data for key '00064_seg1' and '00064_seg7'
2025-08-12 16:03:42,100 - DEBUG - Loaded and stored Omron data for key '00065_seg1' and '00065_seg7'
2025-08-12 16:03:42,100 - DEBUG - Loaded and stored Omron data for key '00066_seg1' and '00066_seg7'
2025-08-12 16:03:42,100 - DEBUG - Loaded and stored Omron data for key '00067_seg1' and '00067_seg7'
2025-08-12 16:03:42,100 - DEBUG - Loaded and stored Omron data for key '00068_seg1' and '00068_seg7'
2025-08-12 16:03:42,100 - DEBUG - Loaded and stored Omron data for key '00069_seg1' and '00069_seg7'
2025-08-12 16:03:42,100 - DEBUG - Loaded and stored Omron data for key '00070_seg1' and '00070_seg7'
2025-08-12 16:03:42,101 - DEBUG - Loaded and stored Omron data for key '00071_seg1' and '00071_seg7'
2025-08-12 16:03:42,101 - DEBUG - Loaded and stored Omron data for key '00072_seg1' and '00072_seg7'
2025-08-12 16:03:42,101 - DEBUG - Loaded and stored Omron data for key '00073_seg1' and '00073_seg7'
2025-08-12 16:03:42,101 - DEBUG - Loaded and stored Omron data for key '00074_seg1' and '00074_seg7'
2025-08-12 16:03:42,101 - DEBUG - Loaded and stored Omron data for key '00075_seg1' and '00075_seg7'
2025-08-12 16:03:42,101 - DEBUG - Loaded and stored Omron data for key '00076_seg1' and '00076_seg7'
2025-08-12 16:03:42,101 - DEBUG - Loaded and stored Omron data for key '00077_seg1' and '00077_seg7'
2025-08-12 16:03:42,101 - DEBUG - Loaded and stored Omron data for key '00078_seg1' and '00078_seg7'
2025-08-12 16:03:42,101 - DEBUG - Loaded and stored Omron data for key '00079_seg1' and '00079_seg7'
2025-08-12 16:03:42,101 - DEBUG - Loaded and stored Omron data for key '00080_seg1' and '00080_seg7'
2025-08-12 16:03:42,101 - DEBUG - Loaded and stored Omron data for key '00081_seg1' and '00081_seg7'
2025-08-12 16:03:42,102 - DEBUG - Loaded and stored Omron data for key '00082_seg1' and '00082_seg7'
2025-08-12 16:03:42,102 - DEBUG - Loaded and stored Omron data for key '00083_seg1' and '00083_seg7'
2025-08-12 16:03:42,102 - DEBUG - Loaded and stored Omron data for key '00084_seg1' and '00084_seg7'
2025-08-12 16:03:42,102 - DEBUG - Loaded and stored Omron data for key '00085_seg1' and '00085_seg7'
2025-08-12 16:03:42,102 - DEBUG - Loaded and stored Omron data for key '00086_seg1' and '00086_seg7'
2025-08-12 16:03:42,102 - DEBUG - Loaded and stored Omron data for key '00087_seg1' and '00087_seg7'
2025-08-12 16:03:42,102 - DEBUG - Loaded and stored Omron data for key '00088_seg1' and '00088_seg7'
2025-08-12 16:03:42,102 - DEBUG - Loaded and stored Omron data for key '00089_seg1' and '00089_seg7'
2025-08-12 16:03:42,102 - DEBUG - Loaded and stored Omron data for key '00090_seg1' and '00090_seg7'
2025-08-12 16:03:42,102 - DEBUG - Loaded and stored Omron data for key '00091_seg1' and '00091_seg7'
2025-08-12 16:03:42,102 - DEBUG - Loaded and stored Omron data for key '00092_seg1' and '00092_seg7'
2025-08-12 16:03:42,102 - DEBUG - Loaded and stored Omron data for key '00093_seg1' and '00093_seg7'
2025-08-12 16:03:42,103 - DEBUG - Loaded and stored Omron data for key '00094_seg1' and '00094_seg7'
2025-08-12 16:03:42,103 - DEBUG - Loaded and stored Omron data for key '00095_seg1' and '00095_seg7'
2025-08-12 16:03:42,103 - DEBUG - Loaded and stored Omron data for key '00096_seg1' and '00096_seg7'
2025-08-12 16:03:42,103 - DEBUG - Loaded and stored Omron data for key '00097_seg1' and '00097_seg7'
2025-08-12 16:03:42,103 - DEBUG - Loaded and stored Omron data for key '00098_seg1' and '00098_seg7'
2025-08-12 16:03:42,103 - DEBUG - Loaded and stored Omron data for key '00099_seg1' and '00099_seg7'
2025-08-12 16:03:42,103 - DEBUG - Loaded and stored Omron data for key '00100_seg1' and '00100_seg7'
2025-08-12 16:03:42,103 - DEBUG - Loaded and stored Omron data for key '00101_seg1' and '00101_seg7'
2025-08-12 16:03:42,103 - DEBUG - Loaded and stored Omron data for key '00102_seg1' and '00102_seg7'
2025-08-12 16:03:42,103 - DEBUG - Loaded and stored Omron data for key '00103_seg1' and '00103_seg7'
2025-08-12 16:03:42,103 - DEBUG - Loaded and stored Omron data for key '00105_seg1' and '00105_seg7'
2025-08-12 16:03:42,104 - DEBUG - Loaded and stored Omron data for key '00106_seg1' and '00106_seg7'
2025-08-12 16:03:42,104 - DEBUG - Loaded and stored Omron data for key '00107_seg1' and '00107_seg7'
2025-08-12 16:03:42,104 - DEBUG - Loaded and stored Omron data for key '00108_seg1' and '00108_seg7'
2025-08-12 16:03:42,104 - DEBUG - Loaded and stored Omron data for key '00109_seg1' and '00109_seg7'
2025-08-12 16:03:42,104 - DEBUG - Loaded and stored Omron data for key '00110_seg1' and '00110_seg7'
2025-08-12 16:03:42,104 - DEBUG - Loaded and stored Omron data for key '00111_seg1' and '00111_seg7'
2025-08-12 16:03:42,104 - DEBUG - Loaded and stored Omron data for key '00112_seg1' and '00112_seg7'
2025-08-12 16:03:45,026 - DEBUG - Biopac BP values for seg1: SBP=149.6, DBP=95.8 (zeros excluded)
2025-08-12 16:03:45,127 - DEBUG - No shift for 00043, delta too large (-16.8 mmHg)
2025-08-12 16:03:46,593 - DEBUG - Saved calibrated BP data to: ./data/processed/moved/00043/seg1_bp.csv
2025-08-12 16:03:46,995 - DEBUG - Filtering: 66671 points, range before=(76673.0000, 86969.0000), after=(-2899.0214, 2451.5540)
2025-08-12 16:03:47,560 - DEBUG - Filtering: 66672 points, range before=(138343.0000, 143090.0000), after=(-440.1684, 700.0782)
2025-08-12 16:03:48,362 - DEBUG - Filtering: 66671 points, range before=(134617.0000, 136627.0000), after=(-409.9879, 437.1396)
2025-08-12 16:03:49,230 - DEBUG - Filtering: 66670 points, range before=(106370.0000, 117805.0000), after=(-1159.2631, 954.0043)
2025-08-12 16:03:49,239 - DEBUG - Available sensors for seg1: ['sensor2', 'sensor3', 'sensor4', 'sensor5'] (4/4)
2025-08-12 16:03:52,096 - DEBUG - Loaded HR data: average 72.7 bpm
2025-08-12 16:03:52,252 - DEBUG - Using provided HR: 72.7 bpm, RR interval: 0.825s
2025-08-12 16:03:52,457 - DEBUG - Found 726 BP valleys in 60000 samples (600.0s), HR: 73 bpm
2025-08-12 16:03:52,476 - DEBUG - Created 713 valley-based slices from 726 valleys
2025-08-12 16:03:52,477 - DEBUG - Generated 713 valley-based slices from seg1
2025-08-12 16:03:52,477 - DEBUG - Processing 00043 - seg7
2025-08-12 16:03:53,732 - DEBUG - Loading Omron data from: /root/ppg2bp/data/omron.csv
2025-08-12 16:03:53,738 - DEBUG - Loaded and stored Omron data for key '00042_seg1' and '00042_seg7'
2025-08-12 16:03:53,739 - DEBUG - Loaded and stored Omron data for key '00043_seg1' and '00043_seg7'
2025-08-12 16:03:53,739 - DEBUG - Loaded and stored Omron data for key '00044_seg1' and '00044_seg7'
2025-08-12 16:03:53,739 - DEBUG - Loaded and stored Omron data for key '00016_seg1' and '00016_seg7'
2025-08-12 16:03:53,739 - DEBUG - Loaded and stored Omron data for key '00045_seg1' and '00045_seg7'
2025-08-12 16:03:53,740 - DEBUG - Loaded and stored Omron data for key '00047_seg1' and '00047_seg7'
2025-08-12 16:03:53,740 - DEBUG - Loaded and stored Omron data for key '00048_seg1' and '00048_seg7'
2025-08-12 16:03:53,740 - DEBUG - Loaded and stored Omron data for key '00049_seg1' and '00049_seg7'
2025-08-12 16:03:53,740 - DEBUG - Loaded and stored Omron data for key '00050_seg1' and '00050_seg7'
2025-08-12 16:03:53,740 - DEBUG - Loaded and stored Omron data for key '00051_seg1' and '00051_seg7'
2025-08-12 16:03:53,740 - DEBUG - Loaded and stored Omron data for key '00052_seg1' and '00052_seg7'
2025-08-12 16:03:53,741 - DEBUG - Loaded and stored Omron data for key '00003_seg1' and '00003_seg7'
2025-08-12 16:03:53,741 - DEBUG - Loaded and stored Omron data for key '00053_seg1' and '00053_seg7'
2025-08-12 16:03:53,741 - DEBUG - Loaded and stored Omron data for key '00054_seg1' and '00054_seg7'
2025-08-12 16:03:53,741 - DEBUG - Loaded and stored Omron data for key '00055_seg1' and '00055_seg7'
2025-08-12 16:03:53,741 - DEBUG - Loaded and stored Omron data for key '00056_seg1' and '00056_seg7'
2025-08-12 16:03:53,741 - DEBUG - Loaded and stored Omron data for key '00057_seg1' and '00057_seg7'
2025-08-12 16:03:53,741 - DEBUG - Loaded and stored Omron data for key '00058_seg1' and '00058_seg7'
2025-08-12 16:03:53,741 - DEBUG - Loaded and stored Omron data for key '00059_seg1' and '00059_seg7'
2025-08-12 16:03:53,741 - DEBUG - Loaded and stored Omron data for key '00060_seg1' and '00060_seg7'
2025-08-12 16:03:53,742 - DEBUG - Loaded and stored Omron data for key '00061_seg1' and '00061_seg7'
2025-08-12 16:03:53,742 - DEBUG - Loaded and stored Omron data for key '00062_seg1' and '00062_seg7'
2025-08-12 16:03:53,742 - DEBUG - Loaded and stored Omron data for key '00063_seg1' and '00063_seg7'
2025-08-12 16:03:53,742 - DEBUG - Loaded and stored Omron data for key '00064_seg1' and '00064_seg7'
2025-08-12 16:03:53,742 - DEBUG - Loaded and stored Omron data for key '00065_seg1' and '00065_seg7'
2025-08-12 16:03:53,742 - DEBUG - Loaded and stored Omron data for key '00066_seg1' and '00066_seg7'
2025-08-12 16:03:53,742 - DEBUG - Loaded and stored Omron data for key '00067_seg1' and '00067_seg7'
2025-08-12 16:03:53,742 - DEBUG - Loaded and stored Omron data for key '00068_seg1' and '00068_seg7'
2025-08-12 16:03:53,742 - DEBUG - Loaded and stored Omron data for key '00069_seg1' and '00069_seg7'
2025-08-12 16:03:53,743 - DEBUG - Loaded and stored Omron data for key '00070_seg1' and '00070_seg7'
2025-08-12 16:03:53,743 - DEBUG - Loaded and stored Omron data for key '00071_seg1' and '00071_seg7'
2025-08-12 16:03:53,743 - DEBUG - Loaded and stored Omron data for key '00072_seg1' and '00072_seg7'
2025-08-12 16:03:53,743 - DEBUG - Loaded and stored Omron data for key '00073_seg1' and '00073_seg7'
2025-08-12 16:03:53,743 - DEBUG - Loaded and stored Omron data for key '00074_seg1' and '00074_seg7'
2025-08-12 16:03:53,743 - DEBUG - Loaded and stored Omron data for key '00075_seg1' and '00075_seg7'
2025-08-12 16:03:53,743 - DEBUG - Loaded and stored Omron data for key '00076_seg1' and '00076_seg7'
2025-08-12 16:03:53,743 - DEBUG - Loaded and stored Omron data for key '00077_seg1' and '00077_seg7'
2025-08-12 16:03:53,743 - DEBUG - Loaded and stored Omron data for key '00078_seg1' and '00078_seg7'
2025-08-12 16:03:53,743 - DEBUG - Loaded and stored Omron data for key '00079_seg1' and '00079_seg7'
2025-08-12 16:03:53,744 - DEBUG - Loaded and stored Omron data for key '00080_seg1' and '00080_seg7'
2025-08-12 16:03:53,744 - DEBUG - Loaded and stored Omron data for key '00081_seg1' and '00081_seg7'
2025-08-12 16:03:53,744 - DEBUG - Loaded and stored Omron data for key '00082_seg1' and '00082_seg7'
2025-08-12 16:03:53,744 - DEBUG - Loaded and stored Omron data for key '00083_seg1' and '00083_seg7'
2025-08-12 16:03:53,744 - DEBUG - Loaded and stored Omron data for key '00084_seg1' and '00084_seg7'
2025-08-12 16:03:53,744 - DEBUG - Loaded and stored Omron data for key '00085_seg1' and '00085_seg7'
2025-08-12 16:03:53,744 - DEBUG - Loaded and stored Omron data for key '00086_seg1' and '00086_seg7'
2025-08-12 16:03:53,744 - DEBUG - Loaded and stored Omron data for key '00087_seg1' and '00087_seg7'
2025-08-12 16:03:53,745 - DEBUG - Loaded and stored Omron data for key '00088_seg1' and '00088_seg7'
2025-08-12 16:03:53,745 - DEBUG - Loaded and stored Omron data for key '00089_seg1' and '00089_seg7'
2025-08-12 16:03:53,745 - DEBUG - Loaded and stored Omron data for key '00090_seg1' and '00090_seg7'
2025-08-12 16:03:53,745 - DEBUG - Loaded and stored Omron data for key '00091_seg1' and '00091_seg7'
2025-08-12 16:03:53,745 - DEBUG - Loaded and stored Omron data for key '00092_seg1' and '00092_seg7'
2025-08-12 16:03:53,745 - DEBUG - Loaded and stored Omron data for key '00093_seg1' and '00093_seg7'
2025-08-12 16:03:53,745 - DEBUG - Loaded and stored Omron data for key '00094_seg1' and '00094_seg7'
2025-08-12 16:03:53,745 - DEBUG - Loaded and stored Omron data for key '00095_seg1' and '00095_seg7'
2025-08-12 16:03:53,746 - DEBUG - Loaded and stored Omron data for key '00096_seg1' and '00096_seg7'
2025-08-12 16:03:53,746 - DEBUG - Loaded and stored Omron data for key '00097_seg1' and '00097_seg7'
2025-08-12 16:03:53,746 - DEBUG - Loaded and stored Omron data for key '00098_seg1' and '00098_seg7'
2025-08-12 16:03:53,746 - DEBUG - Loaded and stored Omron data for key '00099_seg1' and '00099_seg7'
2025-08-12 16:03:53,746 - DEBUG - Loaded and stored Omron data for key '00100_seg1' and '00100_seg7'
2025-08-12 16:03:53,746 - DEBUG - Loaded and stored Omron data for key '00101_seg1' and '00101_seg7'
2025-08-12 16:03:53,746 - DEBUG - Loaded and stored Omron data for key '00102_seg1' and '00102_seg7'
2025-08-12 16:03:53,746 - DEBUG - Loaded and stored Omron data for key '00103_seg1' and '00103_seg7'
2025-08-12 16:03:53,746 - DEBUG - Loaded and stored Omron data for key '00105_seg1' and '00105_seg7'
2025-08-12 16:03:53,747 - DEBUG - Loaded and stored Omron data for key '00106_seg1' and '00106_seg7'
2025-08-12 16:03:53,747 - DEBUG - Loaded and stored Omron data for key '00107_seg1' and '00107_seg7'
2025-08-12 16:03:53,747 - DEBUG - Loaded and stored Omron data for key '00108_seg1' and '00108_seg7'
2025-08-12 16:03:53,747 - DEBUG - Loaded and stored Omron data for key '00109_seg1' and '00109_seg7'
2025-08-12 16:03:53,747 - DEBUG - Loaded and stored Omron data for key '00110_seg1' and '00110_seg7'
2025-08-12 16:03:53,747 - DEBUG - Loaded and stored Omron data for key '00111_seg1' and '00111_seg7'
2025-08-12 16:03:53,747 - DEBUG - Loaded and stored Omron data for key '00112_seg1' and '00112_seg7'
2025-08-12 16:03:58,127 - DEBUG - Biopac BP values for seg1: SBP=149.6, DBP=95.8 (zeros excluded)
2025-08-12 16:03:58,910 - DEBUG - No shift for 00043, delta too large (-16.8 mmHg)
2025-08-12 16:03:59,972 - DEBUG - Saved calibrated BP data to: ./data/processed/moved/00043/seg7_bp.csv
2025-08-12 16:04:00,124 - DEBUG - Filtering: 33341 points, range before=(11460.0000, 110460.0000), after=(-45833.3006, 33699.4618)
2025-08-12 16:04:00,209 - DEBUG - Filtering: 33340 points, range before=(138121.0000, 140960.0000), after=(-136.2890, 199.8358)
2025-08-12 16:04:00,335 - DEBUG - Filtering: 33339 points, range before=(120632.0000, 122049.0000), after=(-318.8047, 310.0589)
2025-08-12 16:04:00,445 - DEBUG - Filtering: 33339 points, range before=(69973.0000, 82117.0000), after=(-2338.5789, 1852.3499)
2025-08-12 16:04:00,448 - DEBUG - Available sensors for seg7: ['sensor2', 'sensor3', 'sensor4', 'sensor5'] (4/4)
2025-08-12 16:04:00,838 - DEBUG - Loaded HR data: average 73.3 bpm
2025-08-12 16:04:00,840 - DEBUG - Using provided HR: 73.3 bpm, RR interval: 0.819s
2025-08-12 16:04:00,871 - DEBUG - Found 0 BP valleys in 30002 samples (300.0s), HR: 73 bpm
2025-08-12 16:04:00,872 - DEBUG - Warning: Insufficient BP valleys found, using original slicing method
2025-08-12 16:04:00,878 - DEBUG - Generated 290 valley-based slices from seg7
2025-08-12 16:04:00,878 - DEBUG - Loading Omron data from: /root/ppg2bp/data/omron.csv
2025-08-12 16:04:00,882 - DEBUG - Loaded and stored Omron data for key '00042_seg1' and '00042_seg7'
2025-08-12 16:04:00,882 - DEBUG - Loaded and stored Omron data for key '00043_seg1' and '00043_seg7'
2025-08-12 16:04:00,882 - DEBUG - Loaded and stored Omron data for key '00044_seg1' and '00044_seg7'
2025-08-12 16:04:00,882 - DEBUG - Loaded and stored Omron data for key '00016_seg1' and '00016_seg7'
2025-08-12 16:04:00,882 - DEBUG - Loaded and stored Omron data for key '00045_seg1' and '00045_seg7'
2025-08-12 16:04:00,883 - DEBUG - Loaded and stored Omron data for key '00047_seg1' and '00047_seg7'
2025-08-12 16:04:00,883 - DEBUG - Loaded and stored Omron data for key '00048_seg1' and '00048_seg7'
2025-08-12 16:04:00,883 - DEBUG - Loaded and stored Omron data for key '00049_seg1' and '00049_seg7'
2025-08-12 16:04:00,883 - DEBUG - Loaded and stored Omron data for key '00050_seg1' and '00050_seg7'
2025-08-12 16:04:00,883 - DEBUG - Loaded and stored Omron data for key '00051_seg1' and '00051_seg7'
2025-08-12 16:04:00,883 - DEBUG - Loaded and stored Omron data for key '00052_seg1' and '00052_seg7'
2025-08-12 16:04:00,883 - DEBUG - Loaded and stored Omron data for key '00003_seg1' and '00003_seg7'
2025-08-12 16:04:00,883 - DEBUG - Loaded and stored Omron data for key '00053_seg1' and '00053_seg7'
2025-08-12 16:04:00,883 - DEBUG - Loaded and stored Omron data for key '00054_seg1' and '00054_seg7'
2025-08-12 16:04:00,883 - DEBUG - Loaded and stored Omron data for key '00055_seg1' and '00055_seg7'
2025-08-12 16:04:00,883 - DEBUG - Loaded and stored Omron data for key '00056_seg1' and '00056_seg7'
2025-08-12 16:04:00,884 - DEBUG - Loaded and stored Omron data for key '00057_seg1' and '00057_seg7'
2025-08-12 16:04:00,884 - DEBUG - Loaded and stored Omron data for key '00058_seg1' and '00058_seg7'
2025-08-12 16:04:00,884 - DEBUG - Loaded and stored Omron data for key '00059_seg1' and '00059_seg7'
2025-08-12 16:04:00,884 - DEBUG - Loaded and stored Omron data for key '00060_seg1' and '00060_seg7'
2025-08-12 16:04:00,884 - DEBUG - Loaded and stored Omron data for key '00061_seg1' and '00061_seg7'
2025-08-12 16:04:00,884 - DEBUG - Loaded and stored Omron data for key '00062_seg1' and '00062_seg7'
2025-08-12 16:04:00,884 - DEBUG - Loaded and stored Omron data for key '00063_seg1' and '00063_seg7'
2025-08-12 16:04:00,884 - DEBUG - Loaded and stored Omron data for key '00064_seg1' and '00064_seg7'
2025-08-12 16:04:00,884 - DEBUG - Loaded and stored Omron data for key '00065_seg1' and '00065_seg7'
2025-08-12 16:04:00,884 - DEBUG - Loaded and stored Omron data for key '00066_seg1' and '00066_seg7'
2025-08-12 16:04:00,885 - DEBUG - Loaded and stored Omron data for key '00067_seg1' and '00067_seg7'
2025-08-12 16:04:00,885 - DEBUG - Loaded and stored Omron data for key '00068_seg1' and '00068_seg7'
2025-08-12 16:04:00,885 - DEBUG - Loaded and stored Omron data for key '00069_seg1' and '00069_seg7'
2025-08-12 16:04:00,885 - DEBUG - Loaded and stored Omron data for key '00070_seg1' and '00070_seg7'
2025-08-12 16:04:00,885 - DEBUG - Loaded and stored Omron data for key '00071_seg1' and '00071_seg7'
2025-08-12 16:04:00,885 - DEBUG - Loaded and stored Omron data for key '00072_seg1' and '00072_seg7'
2025-08-12 16:04:00,885 - DEBUG - Loaded and stored Omron data for key '00073_seg1' and '00073_seg7'
2025-08-12 16:04:00,885 - DEBUG - Loaded and stored Omron data for key '00074_seg1' and '00074_seg7'
2025-08-12 16:04:00,885 - DEBUG - Loaded and stored Omron data for key '00075_seg1' and '00075_seg7'
2025-08-12 16:04:00,885 - DEBUG - Loaded and stored Omron data for key '00076_seg1' and '00076_seg7'
2025-08-12 16:04:00,886 - DEBUG - Loaded and stored Omron data for key '00077_seg1' and '00077_seg7'
2025-08-12 16:04:00,886 - DEBUG - Loaded and stored Omron data for key '00078_seg1' and '00078_seg7'
2025-08-12 16:04:00,886 - DEBUG - Loaded and stored Omron data for key '00079_seg1' and '00079_seg7'
2025-08-12 16:04:00,886 - DEBUG - Loaded and stored Omron data for key '00080_seg1' and '00080_seg7'
2025-08-12 16:04:00,886 - DEBUG - Loaded and stored Omron data for key '00081_seg1' and '00081_seg7'
2025-08-12 16:04:00,886 - DEBUG - Loaded and stored Omron data for key '00082_seg1' and '00082_seg7'
2025-08-12 16:04:00,886 - DEBUG - Loaded and stored Omron data for key '00083_seg1' and '00083_seg7'
2025-08-12 16:04:00,886 - DEBUG - Loaded and stored Omron data for key '00084_seg1' and '00084_seg7'
2025-08-12 16:04:00,886 - DEBUG - Loaded and stored Omron data for key '00085_seg1' and '00085_seg7'
2025-08-12 16:04:00,886 - DEBUG - Loaded and stored Omron data for key '00086_seg1' and '00086_seg7'
2025-08-12 16:04:00,886 - DEBUG - Loaded and stored Omron data for key '00087_seg1' and '00087_seg7'
2025-08-12 16:04:00,887 - DEBUG - Loaded and stored Omron data for key '00088_seg1' and '00088_seg7'
2025-08-12 16:04:00,887 - DEBUG - Loaded and stored Omron data for key '00089_seg1' and '00089_seg7'
2025-08-12 16:04:00,887 - DEBUG - Loaded and stored Omron data for key '00090_seg1' and '00090_seg7'
2025-08-12 16:04:00,887 - DEBUG - Loaded and stored Omron data for key '00091_seg1' and '00091_seg7'
2025-08-12 16:04:00,887 - DEBUG - Loaded and stored Omron data for key '00092_seg1' and '00092_seg7'
2025-08-12 16:04:00,887 - DEBUG - Loaded and stored Omron data for key '00093_seg1' and '00093_seg7'
2025-08-12 16:04:00,887 - DEBUG - Loaded and stored Omron data for key '00094_seg1' and '00094_seg7'
2025-08-12 16:04:00,887 - DEBUG - Loaded and stored Omron data for key '00095_seg1' and '00095_seg7'
2025-08-12 16:04:00,887 - DEBUG - Loaded and stored Omron data for key '00096_seg1' and '00096_seg7'
2025-08-12 16:04:00,888 - DEBUG - Loaded and stored Omron data for key '00097_seg1' and '00097_seg7'
2025-08-12 16:04:00,888 - DEBUG - Loaded and stored Omron data for key '00098_seg1' and '00098_seg7'
2025-08-12 16:04:00,888 - DEBUG - Loaded and stored Omron data for key '00099_seg1' and '00099_seg7'
2025-08-12 16:04:00,888 - DEBUG - Loaded and stored Omron data for key '00100_seg1' and '00100_seg7'
2025-08-12 16:04:00,888 - DEBUG - Loaded and stored Omron data for key '00101_seg1' and '00101_seg7'
2025-08-12 16:04:00,888 - DEBUG - Loaded and stored Omron data for key '00102_seg1' and '00102_seg7'
2025-08-12 16:04:00,888 - DEBUG - Loaded and stored Omron data for key '00103_seg1' and '00103_seg7'
2025-08-12 16:04:00,888 - DEBUG - Loaded and stored Omron data for key '00105_seg1' and '00105_seg7'
2025-08-12 16:04:00,888 - DEBUG - Loaded and stored Omron data for key '00106_seg1' and '00106_seg7'
2025-08-12 16:04:00,888 - DEBUG - Loaded and stored Omron data for key '00107_seg1' and '00107_seg7'
2025-08-12 16:04:00,889 - DEBUG - Loaded and stored Omron data for key '00108_seg1' and '00108_seg7'
2025-08-12 16:04:00,889 - DEBUG - Loaded and stored Omron data for key '00109_seg1' and '00109_seg7'
2025-08-12 16:04:00,889 - DEBUG - Loaded and stored Omron data for key '00110_seg1' and '00110_seg7'
2025-08-12 16:04:00,889 - DEBUG - Loaded and stored Omron data for key '00111_seg1' and '00111_seg7'
2025-08-12 16:04:00,889 - DEBUG - Loaded and stored Omron data for key '00112_seg1' and '00112_seg7'
2025-08-12 16:04:05,133 - DEBUG - Biopac BP values for seg1: SBP=109.9, DBP=72.1 (zeros excluded)
2025-08-12 16:04:05,316 - DEBUG - Calculated shift amount for 00044: +5.0 mmHg
2025-08-12 16:04:05,317 - DEBUG - Processing 00044 - seg1
2025-08-12 16:04:13,325 - DEBUG - Saved calibrated BP data to: ./data/processed/moved/00044/seg1_bp.csv
2025-08-12 16:04:14,890 - DEBUG - Filtering: 66671 points, range before=(89001.0000, 93289.0000), after=(-748.0823, 714.8226)
2025-08-12 16:04:16,054 - DEBUG - Filtering: 66672 points, range before=(141924.0000, 144440.0000), after=(-343.6318, 257.2508)
2025-08-12 16:04:16,762 - DEBUG - Filtering: 66671 points, range before=(129605.0000, 132669.0000), after=(-414.1343, 522.8952)
2025-08-12 16:04:17,632 - DEBUG - Filtering: 66670 points, range before=(112940.0000, 118241.0000), after=(-142.3602, 165.8465)
2025-08-12 16:04:17,638 - DEBUG - Available sensors for seg1: ['sensor2', 'sensor3', 'sensor4', 'sensor5'] (4/4)
2025-08-12 16:04:19,821 - DEBUG - Loaded HR data: average 86.7 bpm
2025-08-12 16:04:19,912 - DEBUG - Using provided HR: 86.7 bpm, RR interval: 0.692s
2025-08-12 16:04:20,055 - DEBUG - Found 0 BP valleys in 60000 samples (600.0s), HR: 87 bpm
2025-08-12 16:04:20,056 - DEBUG - Warning: Insufficient BP valleys found, using original slicing method
2025-08-12 16:04:20,075 - DEBUG - Generated 590 valley-based slices from seg1
2025-08-12 16:04:20,076 - DEBUG - Processing 00044 - seg7
2025-08-12 16:04:21,921 - DEBUG - Saved calibrated BP data to: ./data/processed/moved/00044/seg7_bp.csv
2025-08-12 16:04:22,132 - DEBUG - Filtering: 33337 points, range before=(91343.0000, 96341.0000), after=(-1699.0349, 959.4062)
2025-08-12 16:04:22,525 - DEBUG - Filtering: 33338 points, range before=(141906.0000, 144359.0000), after=(-46.3926, 54.7868)
2025-08-12 16:04:22,723 - DEBUG - Filtering: 33338 points, range before=(127484.0000, 128914.0000), after=(-192.2750, 123.4220)
2025-08-12 16:04:23,025 - DEBUG - Filtering: 33339 points, range before=(113543.0000, 117764.0000), after=(-471.6656, 402.5537)
2025-08-12 16:04:23,029 - DEBUG - Available sensors for seg7: ['sensor2', 'sensor3', 'sensor4', 'sensor5'] (4/4)
2025-08-12 16:04:23,561 - DEBUG - Loaded HR data: average 104.8 bpm
2025-08-12 16:04:23,587 - DEBUG - Using provided HR: 104.8 bpm, RR interval: 0.573s
2025-08-12 16:04:23,639 - DEBUG - Found 0 BP valleys in 30001 samples (300.0s), HR: 105 bpm
2025-08-12 16:04:23,640 - DEBUG - Warning: Insufficient BP valleys found, using original slicing method
2025-08-12 16:04:23,644 - DEBUG - Generated 290 valley-based slices from seg7
2025-08-12 16:04:23,645 - DEBUG - Loading Omron data from: /root/ppg2bp/data/omron.csv
2025-08-12 16:04:23,648 - DEBUG - Loaded and stored Omron data for key '00042_seg1' and '00042_seg7'
2025-08-12 16:04:23,648 - DEBUG - Loaded and stored Omron data for key '00043_seg1' and '00043_seg7'
2025-08-12 16:04:23,648 - DEBUG - Loaded and stored Omron data for key '00044_seg1' and '00044_seg7'
2025-08-12 16:04:23,648 - DEBUG - Loaded and stored Omron data for key '00016_seg1' and '00016_seg7'
2025-08-12 16:04:23,648 - DEBUG - Loaded and stored Omron data for key '00045_seg1' and '00045_seg7'
2025-08-12 16:04:23,649 - DEBUG - Loaded and stored Omron data for key '00047_seg1' and '00047_seg7'
2025-08-12 16:04:23,649 - DEBUG - Loaded and stored Omron data for key '00048_seg1' and '00048_seg7'
2025-08-12 16:04:23,649 - DEBUG - Loaded and stored Omron data for key '00049_seg1' and '00049_seg7'
2025-08-12 16:04:23,649 - DEBUG - Loaded and stored Omron data for key '00050_seg1' and '00050_seg7'
2025-08-12 16:04:23,649 - DEBUG - Loaded and stored Omron data for key '00051_seg1' and '00051_seg7'
2025-08-12 16:04:23,649 - DEBUG - Loaded and stored Omron data for key '00052_seg1' and '00052_seg7'
2025-08-12 16:04:23,649 - DEBUG - Loaded and stored Omron data for key '00003_seg1' and '00003_seg7'
2025-08-12 16:04:23,649 - DEBUG - Loaded and stored Omron data for key '00053_seg1' and '00053_seg7'
2025-08-12 16:04:23,649 - DEBUG - Loaded and stored Omron data for key '00054_seg1' and '00054_seg7'
2025-08-12 16:04:23,649 - DEBUG - Loaded and stored Omron data for key '00055_seg1' and '00055_seg7'
2025-08-12 16:04:23,649 - DEBUG - Loaded and stored Omron data for key '00056_seg1' and '00056_seg7'
2025-08-12 16:04:23,650 - DEBUG - Loaded and stored Omron data for key '00057_seg1' and '00057_seg7'
2025-08-12 16:04:23,650 - DEBUG - Loaded and stored Omron data for key '00058_seg1' and '00058_seg7'
2025-08-12 16:04:23,650 - DEBUG - Loaded and stored Omron data for key '00059_seg1' and '00059_seg7'
2025-08-12 16:04:23,650 - DEBUG - Loaded and stored Omron data for key '00060_seg1' and '00060_seg7'
2025-08-12 16:04:23,650 - DEBUG - Loaded and stored Omron data for key '00061_seg1' and '00061_seg7'
2025-08-12 16:04:23,650 - DEBUG - Loaded and stored Omron data for key '00062_seg1' and '00062_seg7'
2025-08-12 16:04:23,650 - DEBUG - Loaded and stored Omron data for key '00063_seg1' and '00063_seg7'
2025-08-12 16:04:23,650 - DEBUG - Loaded and stored Omron data for key '00064_seg1' and '00064_seg7'
2025-08-12 16:04:23,650 - DEBUG - Loaded and stored Omron data for key '00065_seg1' and '00065_seg7'
2025-08-12 16:04:23,650 - DEBUG - Loaded and stored Omron data for key '00066_seg1' and '00066_seg7'
2025-08-12 16:04:23,650 - DEBUG - Loaded and stored Omron data for key '00067_seg1' and '00067_seg7'
2025-08-12 16:04:23,651 - DEBUG - Loaded and stored Omron data for key '00068_seg1' and '00068_seg7'
2025-08-12 16:04:23,651 - DEBUG - Loaded and stored Omron data for key '00069_seg1' and '00069_seg7'
2025-08-12 16:04:23,651 - DEBUG - Loaded and stored Omron data for key '00070_seg1' and '00070_seg7'
2025-08-12 16:04:23,651 - DEBUG - Loaded and stored Omron data for key '00071_seg1' and '00071_seg7'
2025-08-12 16:04:23,651 - DEBUG - Loaded and stored Omron data for key '00072_seg1' and '00072_seg7'
2025-08-12 16:04:23,651 - DEBUG - Loaded and stored Omron data for key '00073_seg1' and '00073_seg7'
2025-08-12 16:04:23,651 - DEBUG - Loaded and stored Omron data for key '00074_seg1' and '00074_seg7'
2025-08-12 16:04:23,651 - DEBUG - Loaded and stored Omron data for key '00075_seg1' and '00075_seg7'
2025-08-12 16:04:23,651 - DEBUG - Loaded and stored Omron data for key '00076_seg1' and '00076_seg7'
2025-08-12 16:04:23,651 - DEBUG - Loaded and stored Omron data for key '00077_seg1' and '00077_seg7'
2025-08-12 16:04:23,651 - DEBUG - Loaded and stored Omron data for key '00078_seg1' and '00078_seg7'
2025-08-12 16:04:23,651 - DEBUG - Loaded and stored Omron data for key '00079_seg1' and '00079_seg7'
2025-08-12 16:04:23,652 - DEBUG - Loaded and stored Omron data for key '00080_seg1' and '00080_seg7'
2025-08-12 16:04:23,652 - DEBUG - Loaded and stored Omron data for key '00081_seg1' and '00081_seg7'
2025-08-12 16:04:23,652 - DEBUG - Loaded and stored Omron data for key '00082_seg1' and '00082_seg7'
2025-08-12 16:04:23,652 - DEBUG - Loaded and stored Omron data for key '00083_seg1' and '00083_seg7'
2025-08-12 16:04:23,652 - DEBUG - Loaded and stored Omron data for key '00084_seg1' and '00084_seg7'
2025-08-12 16:04:23,652 - DEBUG - Loaded and stored Omron data for key '00085_seg1' and '00085_seg7'
2025-08-12 16:04:23,652 - DEBUG - Loaded and stored Omron data for key '00086_seg1' and '00086_seg7'
2025-08-12 16:04:23,652 - DEBUG - Loaded and stored Omron data for key '00087_seg1' and '00087_seg7'
2025-08-12 16:04:23,652 - DEBUG - Loaded and stored Omron data for key '00088_seg1' and '00088_seg7'
2025-08-12 16:04:23,652 - DEBUG - Loaded and stored Omron data for key '00089_seg1' and '00089_seg7'
2025-08-12 16:04:23,652 - DEBUG - Loaded and stored Omron data for key '00090_seg1' and '00090_seg7'
2025-08-12 16:04:23,652 - DEBUG - Loaded and stored Omron data for key '00091_seg1' and '00091_seg7'
2025-08-12 16:04:23,653 - DEBUG - Loaded and stored Omron data for key '00092_seg1' and '00092_seg7'
2025-08-12 16:04:23,653 - DEBUG - Loaded and stored Omron data for key '00093_seg1' and '00093_seg7'
2025-08-12 16:04:23,653 - DEBUG - Loaded and stored Omron data for key '00094_seg1' and '00094_seg7'
2025-08-12 16:04:23,653 - DEBUG - Loaded and stored Omron data for key '00095_seg1' and '00095_seg7'
2025-08-12 16:04:23,653 - DEBUG - Loaded and stored Omron data for key '00096_seg1' and '00096_seg7'
2025-08-12 16:04:23,653 - DEBUG - Loaded and stored Omron data for key '00097_seg1' and '00097_seg7'
2025-08-12 16:04:23,653 - DEBUG - Loaded and stored Omron data for key '00098_seg1' and '00098_seg7'
2025-08-12 16:04:23,653 - DEBUG - Loaded and stored Omron data for key '00099_seg1' and '00099_seg7'
2025-08-12 16:04:23,653 - DEBUG - Loaded and stored Omron data for key '00100_seg1' and '00100_seg7'
2025-08-12 16:04:23,653 - DEBUG - Loaded and stored Omron data for key '00101_seg1' and '00101_seg7'
2025-08-12 16:04:23,654 - DEBUG - Loaded and stored Omron data for key '00102_seg1' and '00102_seg7'
2025-08-12 16:04:23,654 - DEBUG - Loaded and stored Omron data for key '00103_seg1' and '00103_seg7'
2025-08-12 16:04:23,654 - DEBUG - Loaded and stored Omron data for key '00105_seg1' and '00105_seg7'
2025-08-12 16:04:23,654 - DEBUG - Loaded and stored Omron data for key '00106_seg1' and '00106_seg7'
2025-08-12 16:04:23,654 - DEBUG - Loaded and stored Omron data for key '00107_seg1' and '00107_seg7'
2025-08-12 16:04:23,654 - DEBUG - Loaded and stored Omron data for key '00108_seg1' and '00108_seg7'
2025-08-12 16:04:23,654 - DEBUG - Loaded and stored Omron data for key '00109_seg1' and '00109_seg7'
2025-08-12 16:04:23,654 - DEBUG - Loaded and stored Omron data for key '00110_seg1' and '00110_seg7'
2025-08-12 16:04:23,654 - DEBUG - Loaded and stored Omron data for key '00111_seg1' and '00111_seg7'
2025-08-12 16:04:23,654 - DEBUG - Loaded and stored Omron data for key '00112_seg1' and '00112_seg7'
2025-08-12 16:04:31,390 - DEBUG - Biopac BP values for seg1: SBP=96.3, DBP=59.8 (zeros excluded)
2025-08-12 16:04:31,611 - DEBUG - Calculated shift amount for 00016: +22.9 mmHg
2025-08-12 16:04:31,614 - DEBUG - Processing 00016 - seg1
2025-08-12 16:04:39,050 - DEBUG - Saved calibrated BP data to: ./data/processed/moved/00016/seg1_bp.csv
2025-08-12 16:04:40,229 - DEBUG - Filtering: 66669 points, range before=(112960.0000, 119521.0000), after=(-860.1839, 839.4803)
2025-08-12 16:04:41,405 - DEBUG - Filtering: 66669 points, range before=(137115.0000, 138989.0000), after=(-377.2047, 262.3395)
2025-08-12 16:04:41,809 - DEBUG - Filtering: 66669 points, range before=(123791.0000, 128311.0000), after=(-726.1916, 707.6324)
2025-08-12 16:04:42,147 - DEBUG - Filtering: 66670 points, range before=(128577.0000, 139129.0000), after=(-1174.8198, 1422.1051)
2025-08-12 16:04:42,157 - DEBUG - Available sensors for seg1: ['sensor2', 'sensor3', 'sensor4', 'sensor5'] (4/4)
2025-08-12 16:04:44,540 - DEBUG - Loaded HR data: average 85.8 bpm
2025-08-12 16:04:44,633 - DEBUG - Using provided HR: 85.8 bpm, RR interval: 0.699s
2025-08-12 16:04:44,943 - DEBUG - Found 855 BP valleys in 59508 samples (595.1s), HR: 86 bpm
2025-08-12 16:04:45,019 - DEBUG - Created 841 valley-based slices from 855 valleys
2025-08-12 16:04:45,023 - DEBUG - Generated 841 valley-based slices from seg1
2025-08-12 16:04:45,024 - DEBUG - Processing 00016 - seg7
2025-08-12 16:04:48,285 - DEBUG - Saved calibrated BP data to: ./data/processed/moved/00016/seg7_bp.csv
2025-08-12 16:04:48,449 - DEBUG - Filtering: 33334 points, range before=(116482.0000, 119192.0000), after=(-229.5624, 233.4395)
2025-08-12 16:04:48,646 - DEBUG - Filtering: 33334 points, range before=(132415.0000, 134140.0000), after=(-202.2629, 136.3336)
2025-08-12 16:04:48,833 - DEBUG - Filtering: 33335 points, range before=(122250.0000, 124156.0000), after=(-244.8086, 108.4975)
2025-08-12 16:04:48,948 - DEBUG - Filtering: 33336 points, range before=(138932.0000, 140074.0000), after=(-52.8645, 70.7551)
2025-08-12 16:04:48,953 - DEBUG - Available sensors for seg7: ['sensor2', 'sensor3', 'sensor4', 'sensor5'] (4/4)
2025-08-12 16:04:49,738 - DEBUG - Loaded HR data: average 89.5 bpm
2025-08-12 16:04:49,740 - DEBUG - Using provided HR: 89.5 bpm, RR interval: 0.671s
2025-08-12 16:04:49,939 - DEBUG - Found 0 BP valleys in 29999 samples (300.0s), HR: 89 bpm
2025-08-12 16:04:49,939 - DEBUG - Warning: Insufficient BP valleys found, using original slicing method
2025-08-12 16:04:49,943 - DEBUG - Generated 289 valley-based slices from seg7
2025-08-12 16:04:49,943 - DEBUG - Loading Omron data from: /root/ppg2bp/data/omron.csv
2025-08-12 16:04:49,945 - DEBUG - Loaded and stored Omron data for key '00042_seg1' and '00042_seg7'
2025-08-12 16:04:49,945 - DEBUG - Loaded and stored Omron data for key '00043_seg1' and '00043_seg7'
2025-08-12 16:04:49,945 - DEBUG - Loaded and stored Omron data for key '00044_seg1' and '00044_seg7'
2025-08-12 16:04:49,945 - DEBUG - Loaded and stored Omron data for key '00016_seg1' and '00016_seg7'
2025-08-12 16:04:49,945 - DEBUG - Loaded and stored Omron data for key '00045_seg1' and '00045_seg7'
2025-08-12 16:04:49,945 - DEBUG - Loaded and stored Omron data for key '00047_seg1' and '00047_seg7'
2025-08-12 16:04:49,945 - DEBUG - Loaded and stored Omron data for key '00048_seg1' and '00048_seg7'
2025-08-12 16:04:49,945 - DEBUG - Loaded and stored Omron data for key '00049_seg1' and '00049_seg7'
2025-08-12 16:04:49,945 - DEBUG - Loaded and stored Omron data for key '00050_seg1' and '00050_seg7'
2025-08-12 16:04:49,946 - DEBUG - Loaded and stored Omron data for key '00051_seg1' and '00051_seg7'
2025-08-12 16:04:49,946 - DEBUG - Loaded and stored Omron data for key '00052_seg1' and '00052_seg7'
2025-08-12 16:04:49,946 - DEBUG - Loaded and stored Omron data for key '00003_seg1' and '00003_seg7'
2025-08-12 16:04:49,946 - DEBUG - Loaded and stored Omron data for key '00053_seg1' and '00053_seg7'
2025-08-12 16:04:49,946 - DEBUG - Loaded and stored Omron data for key '00054_seg1' and '00054_seg7'
2025-08-12 16:04:49,946 - DEBUG - Loaded and stored Omron data for key '00055_seg1' and '00055_seg7'
2025-08-12 16:04:49,946 - DEBUG - Loaded and stored Omron data for key '00056_seg1' and '00056_seg7'
2025-08-12 16:04:49,946 - DEBUG - Loaded and stored Omron data for key '00057_seg1' and '00057_seg7'
2025-08-12 16:04:49,946 - DEBUG - Loaded and stored Omron data for key '00058_seg1' and '00058_seg7'
2025-08-12 16:04:49,946 - DEBUG - Loaded and stored Omron data for key '00059_seg1' and '00059_seg7'
2025-08-12 16:04:49,946 - DEBUG - Loaded and stored Omron data for key '00060_seg1' and '00060_seg7'
2025-08-12 16:04:49,947 - DEBUG - Loaded and stored Omron data for key '00061_seg1' and '00061_seg7'
2025-08-12 16:04:49,947 - DEBUG - Loaded and stored Omron data for key '00062_seg1' and '00062_seg7'
2025-08-12 16:04:49,947 - DEBUG - Loaded and stored Omron data for key '00063_seg1' and '00063_seg7'
2025-08-12 16:04:49,947 - DEBUG - Loaded and stored Omron data for key '00064_seg1' and '00064_seg7'
2025-08-12 16:04:49,947 - DEBUG - Loaded and stored Omron data for key '00065_seg1' and '00065_seg7'
2025-08-12 16:04:49,947 - DEBUG - Loaded and stored Omron data for key '00066_seg1' and '00066_seg7'
2025-08-12 16:04:49,947 - DEBUG - Loaded and stored Omron data for key '00067_seg1' and '00067_seg7'
2025-08-12 16:04:49,947 - DEBUG - Loaded and stored Omron data for key '00068_seg1' and '00068_seg7'
2025-08-12 16:04:49,947 - DEBUG - Loaded and stored Omron data for key '00069_seg1' and '00069_seg7'
2025-08-12 16:04:49,947 - DEBUG - Loaded and stored Omron data for key '00070_seg1' and '00070_seg7'
2025-08-12 16:04:49,947 - DEBUG - Loaded and stored Omron data for key '00071_seg1' and '00071_seg7'
2025-08-12 16:04:49,947 - DEBUG - Loaded and stored Omron data for key '00072_seg1' and '00072_seg7'
2025-08-12 16:04:49,948 - DEBUG - Loaded and stored Omron data for key '00073_seg1' and '00073_seg7'
2025-08-12 16:04:49,948 - DEBUG - Loaded and stored Omron data for key '00074_seg1' and '00074_seg7'
2025-08-12 16:04:49,948 - DEBUG - Loaded and stored Omron data for key '00075_seg1' and '00075_seg7'
2025-08-12 16:04:49,948 - DEBUG - Loaded and stored Omron data for key '00076_seg1' and '00076_seg7'
2025-08-12 16:04:49,948 - DEBUG - Loaded and stored Omron data for key '00077_seg1' and '00077_seg7'
2025-08-12 16:04:49,948 - DEBUG - Loaded and stored Omron data for key '00078_seg1' and '00078_seg7'
2025-08-12 16:04:49,948 - DEBUG - Loaded and stored Omron data for key '00079_seg1' and '00079_seg7'
2025-08-12 16:04:49,948 - DEBUG - Loaded and stored Omron data for key '00080_seg1' and '00080_seg7'
2025-08-12 16:04:49,948 - DEBUG - Loaded and stored Omron data for key '00081_seg1' and '00081_seg7'
2025-08-12 16:04:49,948 - DEBUG - Loaded and stored Omron data for key '00082_seg1' and '00082_seg7'
2025-08-12 16:04:49,948 - DEBUG - Loaded and stored Omron data for key '00083_seg1' and '00083_seg7'
2025-08-12 16:04:49,949 - DEBUG - Loaded and stored Omron data for key '00084_seg1' and '00084_seg7'
2025-08-12 16:04:49,949 - DEBUG - Loaded and stored Omron data for key '00085_seg1' and '00085_seg7'
2025-08-12 16:04:49,949 - DEBUG - Loaded and stored Omron data for key '00086_seg1' and '00086_seg7'
2025-08-12 16:04:49,949 - DEBUG - Loaded and stored Omron data for key '00087_seg1' and '00087_seg7'
2025-08-12 16:04:49,949 - DEBUG - Loaded and stored Omron data for key '00088_seg1' and '00088_seg7'
2025-08-12 16:04:49,949 - DEBUG - Loaded and stored Omron data for key '00089_seg1' and '00089_seg7'
2025-08-12 16:04:49,949 - DEBUG - Loaded and stored Omron data for key '00090_seg1' and '00090_seg7'
2025-08-12 16:04:49,949 - DEBUG - Loaded and stored Omron data for key '00091_seg1' and '00091_seg7'
2025-08-12 16:04:49,949 - DEBUG - Loaded and stored Omron data for key '00092_seg1' and '00092_seg7'
2025-08-12 16:04:49,949 - DEBUG - Loaded and stored Omron data for key '00093_seg1' and '00093_seg7'
2025-08-12 16:04:49,949 - DEBUG - Loaded and stored Omron data for key '00094_seg1' and '00094_seg7'
2025-08-12 16:04:49,950 - DEBUG - Loaded and stored Omron data for key '00095_seg1' and '00095_seg7'
2025-08-12 16:04:49,950 - DEBUG - Loaded and stored Omron data for key '00096_seg1' and '00096_seg7'
2025-08-12 16:04:49,950 - DEBUG - Loaded and stored Omron data for key '00097_seg1' and '00097_seg7'
2025-08-12 16:04:49,950 - DEBUG - Loaded and stored Omron data for key '00098_seg1' and '00098_seg7'
2025-08-12 16:04:49,950 - DEBUG - Loaded and stored Omron data for key '00099_seg1' and '00099_seg7'
2025-08-12 16:04:49,951 - DEBUG - Loaded and stored Omron data for key '00100_seg1' and '00100_seg7'
2025-08-12 16:04:49,952 - DEBUG - Loaded and stored Omron data for key '00101_seg1' and '00101_seg7'
2025-08-12 16:04:49,955 - DEBUG - Loaded and stored Omron data for key '00102_seg1' and '00102_seg7'
2025-08-12 16:04:49,956 - DEBUG - Loaded and stored Omron data for key '00103_seg1' and '00103_seg7'
2025-08-12 16:04:49,958 - DEBUG - Loaded and stored Omron data for key '00105_seg1' and '00105_seg7'
2025-08-12 16:04:49,959 - DEBUG - Loaded and stored Omron data for key '00106_seg1' and '00106_seg7'
2025-08-12 16:04:49,960 - DEBUG - Loaded and stored Omron data for key '00107_seg1' and '00107_seg7'
2025-08-12 16:04:49,961 - DEBUG - Loaded and stored Omron data for key '00108_seg1' and '00108_seg7'
2025-08-12 16:04:49,961 - DEBUG - Loaded and stored Omron data for key '00109_seg1' and '00109_seg7'
2025-08-12 16:04:49,963 - DEBUG - Loaded and stored Omron data for key '00110_seg1' and '00110_seg7'
2025-08-12 16:04:49,964 - DEBUG - Loaded and stored Omron data for key '00111_seg1' and '00111_seg7'
2025-08-12 16:04:49,965 - DEBUG - Loaded and stored Omron data for key '00112_seg1' and '00112_seg7'
2025-08-12 16:04:56,430 - DEBUG - Biopac BP values for seg1: SBP=107.3, DBP=81.5 (zeros excluded)
2025-08-12 16:04:56,637 - DEBUG - No shift for 00045, delta too large (28.2 mmHg)
2025-08-12 16:04:56,637 - DEBUG - Processing 00045 - seg1
2025-08-12 16:05:00,594 - DEBUG - Loading Omron data from: /root/ppg2bp/data/omron.csv
2025-08-12 16:05:00,607 - DEBUG - Loaded and stored Omron data for key '00042_seg1' and '00042_seg7'
2025-08-12 16:05:00,608 - DEBUG - Loaded and stored Omron data for key '00043_seg1' and '00043_seg7'
2025-08-12 16:05:00,608 - DEBUG - Loaded and stored Omron data for key '00044_seg1' and '00044_seg7'
2025-08-12 16:05:00,608 - DEBUG - Loaded and stored Omron data for key '00016_seg1' and '00016_seg7'
2025-08-12 16:05:00,608 - DEBUG - Loaded and stored Omron data for key '00045_seg1' and '00045_seg7'
2025-08-12 16:05:00,609 - DEBUG - Loaded and stored Omron data for key '00047_seg1' and '00047_seg7'
2025-08-12 16:05:00,609 - DEBUG - Loaded and stored Omron data for key '00048_seg1' and '00048_seg7'
2025-08-12 16:05:00,609 - DEBUG - Loaded and stored Omron data for key '00049_seg1' and '00049_seg7'
2025-08-12 16:05:00,609 - DEBUG - Loaded and stored Omron data for key '00050_seg1' and '00050_seg7'
2025-08-12 16:05:00,609 - DEBUG - Loaded and stored Omron data for key '00051_seg1' and '00051_seg7'
2025-08-12 16:05:00,609 - DEBUG - Loaded and stored Omron data for key '00052_seg1' and '00052_seg7'
2025-08-12 16:05:00,609 - DEBUG - Loaded and stored Omron data for key '00003_seg1' and '00003_seg7'
2025-08-12 16:05:00,610 - DEBUG - Loaded and stored Omron data for key '00053_seg1' and '00053_seg7'
2025-08-12 16:05:00,610 - DEBUG - Loaded and stored Omron data for key '00054_seg1' and '00054_seg7'
2025-08-12 16:05:00,610 - DEBUG - Loaded and stored Omron data for key '00055_seg1' and '00055_seg7'
2025-08-12 16:05:00,610 - DEBUG - Loaded and stored Omron data for key '00056_seg1' and '00056_seg7'
2025-08-12 16:05:00,610 - DEBUG - Loaded and stored Omron data for key '00057_seg1' and '00057_seg7'
2025-08-12 16:05:00,610 - DEBUG - Loaded and stored Omron data for key '00058_seg1' and '00058_seg7'
2025-08-12 16:05:00,610 - DEBUG - Loaded and stored Omron data for key '00059_seg1' and '00059_seg7'
2025-08-12 16:05:00,610 - DEBUG - Loaded and stored Omron data for key '00060_seg1' and '00060_seg7'
2025-08-12 16:05:00,610 - DEBUG - Loaded and stored Omron data for key '00061_seg1' and '00061_seg7'
2025-08-12 16:05:00,611 - DEBUG - Loaded and stored Omron data for key '00062_seg1' and '00062_seg7'
2025-08-12 16:05:00,611 - DEBUG - Loaded and stored Omron data for key '00063_seg1' and '00063_seg7'
2025-08-12 16:05:00,611 - DEBUG - Loaded and stored Omron data for key '00064_seg1' and '00064_seg7'
2025-08-12 16:05:00,611 - DEBUG - Loaded and stored Omron data for key '00065_seg1' and '00065_seg7'
2025-08-12 16:05:00,611 - DEBUG - Loaded and stored Omron data for key '00066_seg1' and '00066_seg7'
2025-08-12 16:05:00,611 - DEBUG - Loaded and stored Omron data for key '00067_seg1' and '00067_seg7'
2025-08-12 16:05:00,611 - DEBUG - Loaded and stored Omron data for key '00068_seg1' and '00068_seg7'
2025-08-12 16:05:00,612 - DEBUG - Loaded and stored Omron data for key '00069_seg1' and '00069_seg7'
2025-08-12 16:05:00,612 - DEBUG - Loaded and stored Omron data for key '00070_seg1' and '00070_seg7'
2025-08-12 16:05:00,612 - DEBUG - Loaded and stored Omron data for key '00071_seg1' and '00071_seg7'
2025-08-12 16:05:00,612 - DEBUG - Loaded and stored Omron data for key '00072_seg1' and '00072_seg7'
2025-08-12 16:05:00,613 - DEBUG - Loaded and stored Omron data for key '00073_seg1' and '00073_seg7'
2025-08-12 16:05:00,615 - DEBUG - Loaded and stored Omron data for key '00074_seg1' and '00074_seg7'
2025-08-12 16:05:00,617 - DEBUG - Loaded and stored Omron data for key '00075_seg1' and '00075_seg7'
2025-08-12 16:05:00,620 - DEBUG - Loaded and stored Omron data for key '00076_seg1' and '00076_seg7'
2025-08-12 16:05:00,620 - DEBUG - Loaded and stored Omron data for key '00077_seg1' and '00077_seg7'
2025-08-12 16:05:00,620 - DEBUG - Loaded and stored Omron data for key '00078_seg1' and '00078_seg7'
2025-08-12 16:05:00,620 - DEBUG - Loaded and stored Omron data for key '00079_seg1' and '00079_seg7'
2025-08-12 16:05:00,620 - DEBUG - Loaded and stored Omron data for key '00080_seg1' and '00080_seg7'
2025-08-12 16:05:00,620 - DEBUG - Loaded and stored Omron data for key '00081_seg1' and '00081_seg7'
2025-08-12 16:05:00,621 - DEBUG - Loaded and stored Omron data for key '00082_seg1' and '00082_seg7'
2025-08-12 16:05:00,621 - DEBUG - Loaded and stored Omron data for key '00083_seg1' and '00083_seg7'
2025-08-12 16:05:00,621 - DEBUG - Loaded and stored Omron data for key '00084_seg1' and '00084_seg7'
2025-08-12 16:05:00,621 - DEBUG - Loaded and stored Omron data for key '00085_seg1' and '00085_seg7'
2025-08-12 16:05:00,621 - DEBUG - Loaded and stored Omron data for key '00086_seg1' and '00086_seg7'
2025-08-12 16:05:00,621 - DEBUG - Loaded and stored Omron data for key '00087_seg1' and '00087_seg7'
2025-08-12 16:05:00,621 - DEBUG - Loaded and stored Omron data for key '00088_seg1' and '00088_seg7'
2025-08-12 16:05:00,622 - DEBUG - Loaded and stored Omron data for key '00089_seg1' and '00089_seg7'
2025-08-12 16:05:00,622 - DEBUG - Loaded and stored Omron data for key '00090_seg1' and '00090_seg7'
2025-08-12 16:05:00,622 - DEBUG - Loaded and stored Omron data for key '00091_seg1' and '00091_seg7'
2025-08-12 16:05:00,622 - DEBUG - Loaded and stored Omron data for key '00092_seg1' and '00092_seg7'
2025-08-12 16:05:00,622 - DEBUG - Loaded and stored Omron data for key '00093_seg1' and '00093_seg7'
2025-08-12 16:05:00,622 - DEBUG - Loaded and stored Omron data for key '00094_seg1' and '00094_seg7'
2025-08-12 16:05:00,622 - DEBUG - Loaded and stored Omron data for key '00095_seg1' and '00095_seg7'
2025-08-12 16:05:00,622 - DEBUG - Loaded and stored Omron data for key '00096_seg1' and '00096_seg7'
2025-08-12 16:05:00,622 - DEBUG - Loaded and stored Omron data for key '00097_seg1' and '00097_seg7'
2025-08-12 16:05:00,622 - DEBUG - Loaded and stored Omron data for key '00098_seg1' and '00098_seg7'
2025-08-12 16:05:00,623 - DEBUG - Loaded and stored Omron data for key '00099_seg1' and '00099_seg7'
2025-08-12 16:05:00,623 - DEBUG - Loaded and stored Omron data for key '00100_seg1' and '00100_seg7'
2025-08-12 16:05:00,623 - DEBUG - Loaded and stored Omron data for key '00101_seg1' and '00101_seg7'
2025-08-12 16:05:00,623 - DEBUG - Loaded and stored Omron data for key '00102_seg1' and '00102_seg7'
2025-08-12 16:05:00,623 - DEBUG - Loaded and stored Omron data for key '00103_seg1' and '00103_seg7'
2025-08-12 16:05:00,623 - DEBUG - Loaded and stored Omron data for key '00105_seg1' and '00105_seg7'
2025-08-12 16:05:00,623 - DEBUG - Loaded and stored Omron data for key '00106_seg1' and '00106_seg7'
2025-08-12 16:05:00,623 - DEBUG - Loaded and stored Omron data for key '00107_seg1' and '00107_seg7'
2025-08-12 16:05:00,623 - DEBUG - Loaded and stored Omron data for key '00108_seg1' and '00108_seg7'
2025-08-12 16:05:00,623 - DEBUG - Loaded and stored Omron data for key '00109_seg1' and '00109_seg7'
2025-08-12 16:05:00,624 - DEBUG - Loaded and stored Omron data for key '00110_seg1' and '00110_seg7'
2025-08-12 16:05:00,624 - DEBUG - Loaded and stored Omron data for key '00111_seg1' and '00111_seg7'
2025-08-12 16:05:00,624 - DEBUG - Loaded and stored Omron data for key '00112_seg1' and '00112_seg7'
2025-08-12 16:05:07,941 - DEBUG - Biopac BP values for seg1: SBP=107.3, DBP=81.5 (zeros excluded)
2025-08-12 16:05:08,148 - DEBUG - No shift for 00045, delta too large (28.2 mmHg)
2025-08-12 16:05:11,538 - DEBUG - Saved calibrated BP data to: ./data/processed/moved/00045/seg1_bp.csv
2025-08-12 16:05:12,731 - DEBUG - Filtering: 66672 points, range before=(109513.0000, 116144.0000), after=(-917.7559, 619.7717)
2025-08-12 16:05:13,710 - DEBUG - Filtering: 66671 points, range before=(113638.0000, 117561.0000), after=(-308.1170, 292.4295)
2025-08-12 16:05:14,725 - DEBUG - Filtering: 66670 points, range before=(104665.0000, 106172.0000), after=(-42.5484, 53.3492)
2025-08-12 16:05:15,726 - DEBUG - Filtering: 66671 points, range before=(150906.0000, 153993.0000), after=(-669.2145, 635.3825)
2025-08-12 16:05:15,733 - DEBUG - Available sensors for seg1: ['sensor2', 'sensor3', 'sensor4', 'sensor5'] (4/4)
2025-08-12 16:05:19,344 - DEBUG - Loaded HR data: average 92.7 bpm
2025-08-12 16:05:19,466 - DEBUG - Using provided HR: 92.7 bpm, RR interval: 0.647s
2025-08-12 16:05:19,740 - DEBUG - Found 927 BP valleys in 59999 samples (600.0s), HR: 93 bpm
2025-08-12 16:05:19,762 - DEBUG - Created 912 valley-based slices from 927 valleys
2025-08-12 16:05:19,765 - DEBUG - Generated 912 valley-based slices from seg1
2025-08-12 16:05:19,766 - DEBUG - Processing 00045 - seg7
2025-08-12 16:05:21,034 - DEBUG - Loading Omron data from: /root/ppg2bp/data/omron.csv
2025-08-12 16:05:21,037 - DEBUG - Loaded and stored Omron data for key '00042_seg1' and '00042_seg7'
2025-08-12 16:05:21,037 - DEBUG - Loaded and stored Omron data for key '00043_seg1' and '00043_seg7'
2025-08-12 16:05:21,037 - DEBUG - Loaded and stored Omron data for key '00044_seg1' and '00044_seg7'
2025-08-12 16:05:21,037 - DEBUG - Loaded and stored Omron data for key '00016_seg1' and '00016_seg7'
2025-08-12 16:05:21,037 - DEBUG - Loaded and stored Omron data for key '00045_seg1' and '00045_seg7'
2025-08-12 16:05:21,038 - DEBUG - Loaded and stored Omron data for key '00047_seg1' and '00047_seg7'
2025-08-12 16:05:21,038 - DEBUG - Loaded and stored Omron data for key '00048_seg1' and '00048_seg7'
2025-08-12 16:05:21,038 - DEBUG - Loaded and stored Omron data for key '00049_seg1' and '00049_seg7'
2025-08-12 16:05:21,038 - DEBUG - Loaded and stored Omron data for key '00050_seg1' and '00050_seg7'
2025-08-12 16:05:21,038 - DEBUG - Loaded and stored Omron data for key '00051_seg1' and '00051_seg7'
2025-08-12 16:05:21,038 - DEBUG - Loaded and stored Omron data for key '00052_seg1' and '00052_seg7'
2025-08-12 16:05:21,038 - DEBUG - Loaded and stored Omron data for key '00003_seg1' and '00003_seg7'
2025-08-12 16:05:21,038 - DEBUG - Loaded and stored Omron data for key '00053_seg1' and '00053_seg7'
2025-08-12 16:05:21,038 - DEBUG - Loaded and stored Omron data for key '00054_seg1' and '00054_seg7'
2025-08-12 16:05:21,038 - DEBUG - Loaded and stored Omron data for key '00055_seg1' and '00055_seg7'
2025-08-12 16:05:21,038 - DEBUG - Loaded and stored Omron data for key '00056_seg1' and '00056_seg7'
2025-08-12 16:05:21,039 - DEBUG - Loaded and stored Omron data for key '00057_seg1' and '00057_seg7'
2025-08-12 16:05:21,039 - DEBUG - Loaded and stored Omron data for key '00058_seg1' and '00058_seg7'
2025-08-12 16:05:21,039 - DEBUG - Loaded and stored Omron data for key '00059_seg1' and '00059_seg7'
2025-08-12 16:05:21,039 - DEBUG - Loaded and stored Omron data for key '00060_seg1' and '00060_seg7'
2025-08-12 16:05:21,039 - DEBUG - Loaded and stored Omron data for key '00061_seg1' and '00061_seg7'
2025-08-12 16:05:21,039 - DEBUG - Loaded and stored Omron data for key '00062_seg1' and '00062_seg7'
2025-08-12 16:05:21,039 - DEBUG - Loaded and stored Omron data for key '00063_seg1' and '00063_seg7'
2025-08-12 16:05:21,039 - DEBUG - Loaded and stored Omron data for key '00064_seg1' and '00064_seg7'
2025-08-12 16:05:21,039 - DEBUG - Loaded and stored Omron data for key '00065_seg1' and '00065_seg7'
2025-08-12 16:05:21,039 - DEBUG - Loaded and stored Omron data for key '00066_seg1' and '00066_seg7'
2025-08-12 16:05:21,039 - DEBUG - Loaded and stored Omron data for key '00067_seg1' and '00067_seg7'
2025-08-12 16:05:21,040 - DEBUG - Loaded and stored Omron data for key '00068_seg1' and '00068_seg7'
2025-08-12 16:05:21,040 - DEBUG - Loaded and stored Omron data for key '00069_seg1' and '00069_seg7'
2025-08-12 16:05:21,040 - DEBUG - Loaded and stored Omron data for key '00070_seg1' and '00070_seg7'
2025-08-12 16:05:21,040 - DEBUG - Loaded and stored Omron data for key '00071_seg1' and '00071_seg7'
2025-08-12 16:05:21,040 - DEBUG - Loaded and stored Omron data for key '00072_seg1' and '00072_seg7'
2025-08-12 16:05:21,040 - DEBUG - Loaded and stored Omron data for key '00073_seg1' and '00073_seg7'
2025-08-12 16:05:21,040 - DEBUG - Loaded and stored Omron data for key '00074_seg1' and '00074_seg7'
2025-08-12 16:05:21,040 - DEBUG - Loaded and stored Omron data for key '00075_seg1' and '00075_seg7'
2025-08-12 16:05:21,040 - DEBUG - Loaded and stored Omron data for key '00076_seg1' and '00076_seg7'
2025-08-12 16:05:21,040 - DEBUG - Loaded and stored Omron data for key '00077_seg1' and '00077_seg7'
2025-08-12 16:05:21,040 - DEBUG - Loaded and stored Omron data for key '00078_seg1' and '00078_seg7'
2025-08-12 16:05:21,041 - DEBUG - Loaded and stored Omron data for key '00079_seg1' and '00079_seg7'
2025-08-12 16:05:21,041 - DEBUG - Loaded and stored Omron data for key '00080_seg1' and '00080_seg7'
2025-08-12 16:05:21,041 - DEBUG - Loaded and stored Omron data for key '00081_seg1' and '00081_seg7'
2025-08-12 16:05:21,041 - DEBUG - Loaded and stored Omron data for key '00082_seg1' and '00082_seg7'
2025-08-12 16:05:21,041 - DEBUG - Loaded and stored Omron data for key '00083_seg1' and '00083_seg7'
2025-08-12 16:05:21,041 - DEBUG - Loaded and stored Omron data for key '00084_seg1' and '00084_seg7'
2025-08-12 16:05:21,041 - DEBUG - Loaded and stored Omron data for key '00085_seg1' and '00085_seg7'
2025-08-12 16:05:21,041 - DEBUG - Loaded and stored Omron data for key '00086_seg1' and '00086_seg7'
2025-08-12 16:05:21,041 - DEBUG - Loaded and stored Omron data for key '00087_seg1' and '00087_seg7'
2025-08-12 16:05:21,041 - DEBUG - Loaded and stored Omron data for key '00088_seg1' and '00088_seg7'
2025-08-12 16:05:21,041 - DEBUG - Loaded and stored Omron data for key '00089_seg1' and '00089_seg7'
2025-08-12 16:05:21,042 - DEBUG - Loaded and stored Omron data for key '00090_seg1' and '00090_seg7'
2025-08-12 16:05:21,042 - DEBUG - Loaded and stored Omron data for key '00091_seg1' and '00091_seg7'
2025-08-12 16:05:21,042 - DEBUG - Loaded and stored Omron data for key '00092_seg1' and '00092_seg7'
2025-08-12 16:05:21,042 - DEBUG - Loaded and stored Omron data for key '00093_seg1' and '00093_seg7'
2025-08-12 16:05:21,042 - DEBUG - Loaded and stored Omron data for key '00094_seg1' and '00094_seg7'
2025-08-12 16:05:21,042 - DEBUG - Loaded and stored Omron data for key '00095_seg1' and '00095_seg7'
2025-08-12 16:05:21,042 - DEBUG - Loaded and stored Omron data for key '00096_seg1' and '00096_seg7'
2025-08-12 16:05:21,042 - DEBUG - Loaded and stored Omron data for key '00097_seg1' and '00097_seg7'
2025-08-12 16:05:21,042 - DEBUG - Loaded and stored Omron data for key '00098_seg1' and '00098_seg7'
2025-08-12 16:05:21,042 - DEBUG - Loaded and stored Omron data for key '00099_seg1' and '00099_seg7'
2025-08-12 16:05:21,042 - DEBUG - Loaded and stored Omron data for key '00100_seg1' and '00100_seg7'
2025-08-12 16:05:21,042 - DEBUG - Loaded and stored Omron data for key '00101_seg1' and '00101_seg7'
2025-08-12 16:05:21,043 - DEBUG - Loaded and stored Omron data for key '00102_seg1' and '00102_seg7'
2025-08-12 16:05:21,043 - DEBUG - Loaded and stored Omron data for key '00103_seg1' and '00103_seg7'
2025-08-12 16:05:21,043 - DEBUG - Loaded and stored Omron data for key '00105_seg1' and '00105_seg7'
2025-08-12 16:05:21,043 - DEBUG - Loaded and stored Omron data for key '00106_seg1' and '00106_seg7'
2025-08-12 16:05:21,043 - DEBUG - Loaded and stored Omron data for key '00107_seg1' and '00107_seg7'
2025-08-12 16:05:21,043 - DEBUG - Loaded and stored Omron data for key '00108_seg1' and '00108_seg7'
2025-08-12 16:05:21,043 - DEBUG - Loaded and stored Omron data for key '00109_seg1' and '00109_seg7'
2025-08-12 16:05:21,043 - DEBUG - Loaded and stored Omron data for key '00110_seg1' and '00110_seg7'
2025-08-12 16:05:21,043 - DEBUG - Loaded and stored Omron data for key '00111_seg1' and '00111_seg7'
2025-08-12 16:05:21,043 - DEBUG - Loaded and stored Omron data for key '00112_seg1' and '00112_seg7'
2025-08-12 16:05:28,148 - DEBUG - Biopac BP values for seg1: SBP=107.3, DBP=81.5 (zeros excluded)
2025-08-12 16:05:28,347 - DEBUG - No shift for 00045, delta too large (28.2 mmHg)
2025-08-12 16:05:29,610 - DEBUG - Saved calibrated BP data to: ./data/processed/moved/00045/seg7_bp.csv
2025-08-12 16:05:30,130 - DEBUG - Filtering: 33336 points, range before=(113515.0000, 119194.0000), after=(-1442.4741, 2027.5742)
2025-08-12 16:05:30,634 - DEBUG - Filtering: 33335 points, range before=(112242.0000, 126170.0000), after=(-4069.2654, 3382.2820)
2025-08-12 16:05:31,229 - DEBUG - Filtering: 33335 points, range before=(108002.0000, 112598.0000), after=(-786.8055, 733.1067)
2025-08-12 16:05:31,895 - DEBUG - Filtering: 33337 points, range before=(138767.0000, 156811.0000), after=(-2394.4244, 2269.5410)
2025-08-12 16:05:31,920 - DEBUG - Available sensors for seg7: ['sensor2', 'sensor3', 'sensor4', 'sensor5'] (4/4)
2025-08-12 16:05:32,745 - DEBUG - Loaded HR data: average 98.4 bpm
2025-08-12 16:05:32,748 - DEBUG - Using provided HR: 98.4 bpm, RR interval: 0.610s
2025-08-12 16:05:32,922 - DEBUG - Found 0 BP valleys in 29999 samples (300.0s), HR: 98 bpm
2025-08-12 16:05:32,922 - DEBUG - Warning: Insufficient BP valleys found, using original slicing method
2025-08-12 16:05:32,927 - DEBUG - Generated 289 valley-based slices from seg7
2025-08-12 16:05:32,927 - DEBUG - Loading Omron data from: /root/ppg2bp/data/omron.csv
2025-08-12 16:05:32,931 - DEBUG - Loaded and stored Omron data for key '00042_seg1' and '00042_seg7'
2025-08-12 16:05:32,931 - DEBUG - Loaded and stored Omron data for key '00043_seg1' and '00043_seg7'
2025-08-12 16:05:32,931 - DEBUG - Loaded and stored Omron data for key '00044_seg1' and '00044_seg7'
2025-08-12 16:05:32,931 - DEBUG - Loaded and stored Omron data for key '00016_seg1' and '00016_seg7'
2025-08-12 16:05:32,931 - DEBUG - Loaded and stored Omron data for key '00045_seg1' and '00045_seg7'
2025-08-12 16:05:32,931 - DEBUG - Loaded and stored Omron data for key '00047_seg1' and '00047_seg7'
2025-08-12 16:05:32,931 - DEBUG - Loaded and stored Omron data for key '00048_seg1' and '00048_seg7'
2025-08-12 16:05:32,931 - DEBUG - Loaded and stored Omron data for key '00049_seg1' and '00049_seg7'
2025-08-12 16:05:32,932 - DEBUG - Loaded and stored Omron data for key '00050_seg1' and '00050_seg7'
2025-08-12 16:05:32,932 - DEBUG - Loaded and stored Omron data for key '00051_seg1' and '00051_seg7'
2025-08-12 16:05:32,932 - DEBUG - Loaded and stored Omron data for key '00052_seg1' and '00052_seg7'
2025-08-12 16:05:32,932 - DEBUG - Loaded and stored Omron data for key '00003_seg1' and '00003_seg7'
2025-08-12 16:05:32,932 - DEBUG - Loaded and stored Omron data for key '00053_seg1' and '00053_seg7'
2025-08-12 16:05:32,932 - DEBUG - Loaded and stored Omron data for key '00054_seg1' and '00054_seg7'
2025-08-12 16:05:32,932 - DEBUG - Loaded and stored Omron data for key '00055_seg1' and '00055_seg7'
2025-08-12 16:05:32,932 - DEBUG - Loaded and stored Omron data for key '00056_seg1' and '00056_seg7'
2025-08-12 16:05:32,932 - DEBUG - Loaded and stored Omron data for key '00057_seg1' and '00057_seg7'
2025-08-12 16:05:32,932 - DEBUG - Loaded and stored Omron data for key '00058_seg1' and '00058_seg7'
2025-08-12 16:05:32,932 - DEBUG - Loaded and stored Omron data for key '00059_seg1' and '00059_seg7'
2025-08-12 16:05:32,933 - DEBUG - Loaded and stored Omron data for key '00060_seg1' and '00060_seg7'
2025-08-12 16:05:32,933 - DEBUG - Loaded and stored Omron data for key '00061_seg1' and '00061_seg7'
2025-08-12 16:05:32,933 - DEBUG - Loaded and stored Omron data for key '00062_seg1' and '00062_seg7'
2025-08-12 16:05:32,933 - DEBUG - Loaded and stored Omron data for key '00063_seg1' and '00063_seg7'
2025-08-12 16:05:32,933 - DEBUG - Loaded and stored Omron data for key '00064_seg1' and '00064_seg7'
2025-08-12 16:05:32,933 - DEBUG - Loaded and stored Omron data for key '00065_seg1' and '00065_seg7'
2025-08-12 16:05:32,933 - DEBUG - Loaded and stored Omron data for key '00066_seg1' and '00066_seg7'
2025-08-12 16:05:32,933 - DEBUG - Loaded and stored Omron data for key '00067_seg1' and '00067_seg7'
2025-08-12 16:05:32,933 - DEBUG - Loaded and stored Omron data for key '00068_seg1' and '00068_seg7'
2025-08-12 16:05:32,933 - DEBUG - Loaded and stored Omron data for key '00069_seg1' and '00069_seg7'
2025-08-12 16:05:32,933 - DEBUG - Loaded and stored Omron data for key '00070_seg1' and '00070_seg7'
2025-08-12 16:05:32,933 - DEBUG - Loaded and stored Omron data for key '00071_seg1' and '00071_seg7'
2025-08-12 16:05:32,934 - DEBUG - Loaded and stored Omron data for key '00072_seg1' and '00072_seg7'
2025-08-12 16:05:32,934 - DEBUG - Loaded and stored Omron data for key '00073_seg1' and '00073_seg7'
2025-08-12 16:05:32,934 - DEBUG - Loaded and stored Omron data for key '00074_seg1' and '00074_seg7'
2025-08-12 16:05:32,934 - DEBUG - Loaded and stored Omron data for key '00075_seg1' and '00075_seg7'
2025-08-12 16:05:32,934 - DEBUG - Loaded and stored Omron data for key '00076_seg1' and '00076_seg7'
2025-08-12 16:05:32,934 - DEBUG - Loaded and stored Omron data for key '00077_seg1' and '00077_seg7'
2025-08-12 16:05:32,934 - DEBUG - Loaded and stored Omron data for key '00078_seg1' and '00078_seg7'
2025-08-12 16:05:32,934 - DEBUG - Loaded and stored Omron data for key '00079_seg1' and '00079_seg7'
2025-08-12 16:05:32,934 - DEBUG - Loaded and stored Omron data for key '00080_seg1' and '00080_seg7'
2025-08-12 16:05:32,934 - DEBUG - Loaded and stored Omron data for key '00081_seg1' and '00081_seg7'
2025-08-12 16:05:32,934 - DEBUG - Loaded and stored Omron data for key '00082_seg1' and '00082_seg7'
2025-08-12 16:05:32,935 - DEBUG - Loaded and stored Omron data for key '00083_seg1' and '00083_seg7'
2025-08-12 16:05:32,935 - DEBUG - Loaded and stored Omron data for key '00084_seg1' and '00084_seg7'
2025-08-12 16:05:32,935 - DEBUG - Loaded and stored Omron data for key '00085_seg1' and '00085_seg7'
2025-08-12 16:05:32,935 - DEBUG - Loaded and stored Omron data for key '00086_seg1' and '00086_seg7'
2025-08-12 16:05:32,935 - DEBUG - Loaded and stored Omron data for key '00087_seg1' and '00087_seg7'
2025-08-12 16:05:32,935 - DEBUG - Loaded and stored Omron data for key '00088_seg1' and '00088_seg7'
2025-08-12 16:05:32,935 - DEBUG - Loaded and stored Omron data for key '00089_seg1' and '00089_seg7'
2025-08-12 16:05:32,935 - DEBUG - Loaded and stored Omron data for key '00090_seg1' and '00090_seg7'
2025-08-12 16:05:32,935 - DEBUG - Loaded and stored Omron data for key '00091_seg1' and '00091_seg7'
2025-08-12 16:05:32,935 - DEBUG - Loaded and stored Omron data for key '00092_seg1' and '00092_seg7'
2025-08-12 16:05:32,935 - DEBUG - Loaded and stored Omron data for key '00093_seg1' and '00093_seg7'
2025-08-12 16:05:32,936 - DEBUG - Loaded and stored Omron data for key '00094_seg1' and '00094_seg7'
2025-08-12 16:05:32,936 - DEBUG - Loaded and stored Omron data for key '00095_seg1' and '00095_seg7'
2025-08-12 16:05:32,936 - DEBUG - Loaded and stored Omron data for key '00096_seg1' and '00096_seg7'
2025-08-12 16:05:32,936 - DEBUG - Loaded and stored Omron data for key '00097_seg1' and '00097_seg7'
2025-08-12 16:05:32,936 - DEBUG - Loaded and stored Omron data for key '00098_seg1' and '00098_seg7'
2025-08-12 16:05:32,936 - DEBUG - Loaded and stored Omron data for key '00099_seg1' and '00099_seg7'
2025-08-12 16:05:32,936 - DEBUG - Loaded and stored Omron data for key '00100_seg1' and '00100_seg7'
2025-08-12 16:05:32,936 - DEBUG - Loaded and stored Omron data for key '00101_seg1' and '00101_seg7'
2025-08-12 16:05:32,936 - DEBUG - Loaded and stored Omron data for key '00102_seg1' and '00102_seg7'
2025-08-12 16:05:32,936 - DEBUG - Loaded and stored Omron data for key '00103_seg1' and '00103_seg7'
2025-08-12 16:05:32,937 - DEBUG - Loaded and stored Omron data for key '00105_seg1' and '00105_seg7'
2025-08-12 16:05:32,937 - DEBUG - Loaded and stored Omron data for key '00106_seg1' and '00106_seg7'
2025-08-12 16:05:32,937 - DEBUG - Loaded and stored Omron data for key '00107_seg1' and '00107_seg7'
2025-08-12 16:05:32,937 - DEBUG - Loaded and stored Omron data for key '00108_seg1' and '00108_seg7'
2025-08-12 16:05:32,937 - DEBUG - Loaded and stored Omron data for key '00109_seg1' and '00109_seg7'
2025-08-12 16:05:32,937 - DEBUG - Loaded and stored Omron data for key '00110_seg1' and '00110_seg7'
2025-08-12 16:05:32,937 - DEBUG - Loaded and stored Omron data for key '00111_seg1' and '00111_seg7'
2025-08-12 16:05:32,937 - DEBUG - Loaded and stored Omron data for key '00112_seg1' and '00112_seg7'
2025-08-12 16:05:32,937 - DEBUG - No Omron data for 00046 seg1
2025-08-12 16:05:32,937 - DEBUG - Processing 00046 - seg1
2025-08-12 16:05:36,837 - DEBUG - Loading Omron data from: /root/ppg2bp/data/omron.csv
2025-08-12 16:05:36,841 - DEBUG - Loaded and stored Omron data for key '00042_seg1' and '00042_seg7'
2025-08-12 16:05:36,841 - DEBUG - Loaded and stored Omron data for key '00043_seg1' and '00043_seg7'
2025-08-12 16:05:36,841 - DEBUG - Loaded and stored Omron data for key '00044_seg1' and '00044_seg7'
2025-08-12 16:05:36,841 - DEBUG - Loaded and stored Omron data for key '00016_seg1' and '00016_seg7'
2025-08-12 16:05:36,841 - DEBUG - Loaded and stored Omron data for key '00045_seg1' and '00045_seg7'
2025-08-12 16:05:36,841 - DEBUG - Loaded and stored Omron data for key '00047_seg1' and '00047_seg7'
2025-08-12 16:05:36,841 - DEBUG - Loaded and stored Omron data for key '00048_seg1' and '00048_seg7'
2025-08-12 16:05:36,841 - DEBUG - Loaded and stored Omron data for key '00049_seg1' and '00049_seg7'
2025-08-12 16:05:36,841 - DEBUG - Loaded and stored Omron data for key '00050_seg1' and '00050_seg7'
2025-08-12 16:05:36,841 - DEBUG - Loaded and stored Omron data for key '00051_seg1' and '00051_seg7'
2025-08-12 16:05:36,842 - DEBUG - Loaded and stored Omron data for key '00052_seg1' and '00052_seg7'
2025-08-12 16:05:36,842 - DEBUG - Loaded and stored Omron data for key '00003_seg1' and '00003_seg7'
2025-08-12 16:05:36,842 - DEBUG - Loaded and stored Omron data for key '00053_seg1' and '00053_seg7'
2025-08-12 16:05:36,842 - DEBUG - Loaded and stored Omron data for key '00054_seg1' and '00054_seg7'
2025-08-12 16:05:36,842 - DEBUG - Loaded and stored Omron data for key '00055_seg1' and '00055_seg7'
2025-08-12 16:05:36,842 - DEBUG - Loaded and stored Omron data for key '00056_seg1' and '00056_seg7'
2025-08-12 16:05:36,842 - DEBUG - Loaded and stored Omron data for key '00057_seg1' and '00057_seg7'
2025-08-12 16:05:36,842 - DEBUG - Loaded and stored Omron data for key '00058_seg1' and '00058_seg7'
2025-08-12 16:05:36,842 - DEBUG - Loaded and stored Omron data for key '00059_seg1' and '00059_seg7'
2025-08-12 16:05:36,842 - DEBUG - Loaded and stored Omron data for key '00060_seg1' and '00060_seg7'
2025-08-12 16:05:36,842 - DEBUG - Loaded and stored Omron data for key '00061_seg1' and '00061_seg7'
2025-08-12 16:05:36,843 - DEBUG - Loaded and stored Omron data for key '00062_seg1' and '00062_seg7'
2025-08-12 16:05:36,843 - DEBUG - Loaded and stored Omron data for key '00063_seg1' and '00063_seg7'
2025-08-12 16:05:36,843 - DEBUG - Loaded and stored Omron data for key '00064_seg1' and '00064_seg7'
2025-08-12 16:05:36,843 - DEBUG - Loaded and stored Omron data for key '00065_seg1' and '00065_seg7'
2025-08-12 16:05:36,843 - DEBUG - Loaded and stored Omron data for key '00066_seg1' and '00066_seg7'
2025-08-12 16:05:36,843 - DEBUG - Loaded and stored Omron data for key '00067_seg1' and '00067_seg7'
2025-08-12 16:05:36,843 - DEBUG - Loaded and stored Omron data for key '00068_seg1' and '00068_seg7'
2025-08-12 16:05:36,843 - DEBUG - Loaded and stored Omron data for key '00069_seg1' and '00069_seg7'
2025-08-12 16:05:36,843 - DEBUG - Loaded and stored Omron data for key '00070_seg1' and '00070_seg7'
2025-08-12 16:05:36,843 - DEBUG - Loaded and stored Omron data for key '00071_seg1' and '00071_seg7'
2025-08-12 16:05:36,843 - DEBUG - Loaded and stored Omron data for key '00072_seg1' and '00072_seg7'
2025-08-12 16:05:36,843 - DEBUG - Loaded and stored Omron data for key '00073_seg1' and '00073_seg7'
2025-08-12 16:05:36,844 - DEBUG - Loaded and stored Omron data for key '00074_seg1' and '00074_seg7'
2025-08-12 16:05:36,844 - DEBUG - Loaded and stored Omron data for key '00075_seg1' and '00075_seg7'
2025-08-12 16:05:36,844 - DEBUG - Loaded and stored Omron data for key '00076_seg1' and '00076_seg7'
2025-08-12 16:05:36,844 - DEBUG - Loaded and stored Omron data for key '00077_seg1' and '00077_seg7'
2025-08-12 16:05:36,844 - DEBUG - Loaded and stored Omron data for key '00078_seg1' and '00078_seg7'
2025-08-12 16:05:36,844 - DEBUG - Loaded and stored Omron data for key '00079_seg1' and '00079_seg7'
2025-08-12 16:05:36,844 - DEBUG - Loaded and stored Omron data for key '00080_seg1' and '00080_seg7'
2025-08-12 16:05:36,844 - DEBUG - Loaded and stored Omron data for key '00081_seg1' and '00081_seg7'
2025-08-12 16:05:36,844 - DEBUG - Loaded and stored Omron data for key '00082_seg1' and '00082_seg7'
2025-08-12 16:05:36,844 - DEBUG - Loaded and stored Omron data for key '00083_seg1' and '00083_seg7'
2025-08-12 16:05:36,844 - DEBUG - Loaded and stored Omron data for key '00084_seg1' and '00084_seg7'
2025-08-12 16:05:36,845 - DEBUG - Loaded and stored Omron data for key '00085_seg1' and '00085_seg7'
2025-08-12 16:05:36,845 - DEBUG - Loaded and stored Omron data for key '00086_seg1' and '00086_seg7'
2025-08-12 16:05:36,845 - DEBUG - Loaded and stored Omron data for key '00087_seg1' and '00087_seg7'
2025-08-12 16:05:36,845 - DEBUG - Loaded and stored Omron data for key '00088_seg1' and '00088_seg7'
2025-08-12 16:05:36,845 - DEBUG - Loaded and stored Omron data for key '00089_seg1' and '00089_seg7'
2025-08-12 16:05:36,845 - DEBUG - Loaded and stored Omron data for key '00090_seg1' and '00090_seg7'
2025-08-12 16:05:36,845 - DEBUG - Loaded and stored Omron data for key '00091_seg1' and '00091_seg7'
2025-08-12 16:05:36,845 - DEBUG - Loaded and stored Omron data for key '00092_seg1' and '00092_seg7'
2025-08-12 16:05:36,845 - DEBUG - Loaded and stored Omron data for key '00093_seg1' and '00093_seg7'
2025-08-12 16:05:36,845 - DEBUG - Loaded and stored Omron data for key '00094_seg1' and '00094_seg7'
2025-08-12 16:05:36,845 - DEBUG - Loaded and stored Omron data for key '00095_seg1' and '00095_seg7'
2025-08-12 16:05:36,845 - DEBUG - Loaded and stored Omron data for key '00096_seg1' and '00096_seg7'
2025-08-12 16:05:36,846 - DEBUG - Loaded and stored Omron data for key '00097_seg1' and '00097_seg7'
2025-08-12 16:05:36,846 - DEBUG - Loaded and stored Omron data for key '00098_seg1' and '00098_seg7'
2025-08-12 16:05:36,846 - DEBUG - Loaded and stored Omron data for key '00099_seg1' and '00099_seg7'
2025-08-12 16:05:36,846 - DEBUG - Loaded and stored Omron data for key '00100_seg1' and '00100_seg7'
2025-08-12 16:05:36,846 - DEBUG - Loaded and stored Omron data for key '00101_seg1' and '00101_seg7'
2025-08-12 16:05:36,846 - DEBUG - Loaded and stored Omron data for key '00102_seg1' and '00102_seg7'
2025-08-12 16:05:36,846 - DEBUG - Loaded and stored Omron data for key '00103_seg1' and '00103_seg7'
2025-08-12 16:05:36,846 - DEBUG - Loaded and stored Omron data for key '00105_seg1' and '00105_seg7'
2025-08-12 16:05:36,846 - DEBUG - Loaded and stored Omron data for key '00106_seg1' and '00106_seg7'
2025-08-12 16:05:36,846 - DEBUG - Loaded and stored Omron data for key '00107_seg1' and '00107_seg7'
2025-08-12 16:05:36,846 - DEBUG - Loaded and stored Omron data for key '00108_seg1' and '00108_seg7'
2025-08-12 16:05:36,847 - DEBUG - Loaded and stored Omron data for key '00109_seg1' and '00109_seg7'
2025-08-12 16:05:36,847 - DEBUG - Loaded and stored Omron data for key '00110_seg1' and '00110_seg7'
2025-08-12 16:05:36,847 - DEBUG - Loaded and stored Omron data for key '00111_seg1' and '00111_seg7'
2025-08-12 16:05:36,847 - DEBUG - Loaded and stored Omron data for key '00112_seg1' and '00112_seg7'
2025-08-12 16:05:36,847 - DEBUG - No Omron data for 00046 seg1
2025-08-12 16:05:39,627 - DEBUG - Saved calibrated BP data to: ./data/processed/moved/00046/seg1_bp.csv
2025-08-12 16:05:40,537 - DEBUG - Filtering: 66673 points, range before=(99230.0000, 106862.0000), after=(-965.2356, 865.4427)
2025-08-12 16:05:40,935 - DEBUG - Filtering: 66673 points, range before=(129559.0000, 143250.0000), after=(-2359.9578, 1999.0377)
2025-08-12 16:05:41,250 - DEBUG - Filtering: 66672 points, range before=(103736.0000, 115592.0000), after=(-3008.7052, 2189.0194)
2025-08-12 16:05:41,730 - DEBUG - Filtering: 66672 points, range before=(88276.0000, 99251.0000), after=(-507.1420, 577.6471)
2025-08-12 16:05:41,736 - DEBUG - Available sensors for seg1: ['sensor2', 'sensor3', 'sensor4', 'sensor5'] (4/4)
2025-08-12 16:05:44,043 - DEBUG - Loaded HR data: average 76.0 bpm
2025-08-12 16:05:44,135 - DEBUG - Using provided HR: 76.0 bpm, RR interval: 0.790s
2025-08-12 16:05:44,432 - DEBUG - Found 705 BP valleys in 60001 samples (600.0s), HR: 76 bpm
2025-08-12 16:05:44,441 - DEBUG - Created 693 valley-based slices from 705 valleys
2025-08-12 16:05:44,441 - DEBUG - Generated 693 valley-based slices from seg1
2025-08-12 16:05:44,441 - DEBUG - Processing 00046 - seg7
2025-08-12 16:05:45,340 - DEBUG - Loading Omron data from: /root/ppg2bp/data/omron.csv
2025-08-12 16:05:45,342 - DEBUG - Loaded and stored Omron data for key '00042_seg1' and '00042_seg7'
2025-08-12 16:05:45,342 - DEBUG - Loaded and stored Omron data for key '00043_seg1' and '00043_seg7'
2025-08-12 16:05:45,342 - DEBUG - Loaded and stored Omron data for key '00044_seg1' and '00044_seg7'
2025-08-12 16:05:45,342 - DEBUG - Loaded and stored Omron data for key '00016_seg1' and '00016_seg7'
2025-08-12 16:05:45,342 - DEBUG - Loaded and stored Omron data for key '00045_seg1' and '00045_seg7'
2025-08-12 16:05:45,342 - DEBUG - Loaded and stored Omron data for key '00047_seg1' and '00047_seg7'
2025-08-12 16:05:45,342 - DEBUG - Loaded and stored Omron data for key '00048_seg1' and '00048_seg7'
2025-08-12 16:05:45,342 - DEBUG - Loaded and stored Omron data for key '00049_seg1' and '00049_seg7'
2025-08-12 16:05:45,343 - DEBUG - Loaded and stored Omron data for key '00050_seg1' and '00050_seg7'
2025-08-12 16:05:45,343 - DEBUG - Loaded and stored Omron data for key '00051_seg1' and '00051_seg7'
2025-08-12 16:05:45,343 - DEBUG - Loaded and stored Omron data for key '00052_seg1' and '00052_seg7'
2025-08-12 16:05:45,343 - DEBUG - Loaded and stored Omron data for key '00003_seg1' and '00003_seg7'
2025-08-12 16:05:45,343 - DEBUG - Loaded and stored Omron data for key '00053_seg1' and '00053_seg7'
2025-08-12 16:05:45,343 - DEBUG - Loaded and stored Omron data for key '00054_seg1' and '00054_seg7'
2025-08-12 16:05:45,343 - DEBUG - Loaded and stored Omron data for key '00055_seg1' and '00055_seg7'
2025-08-12 16:05:45,343 - DEBUG - Loaded and stored Omron data for key '00056_seg1' and '00056_seg7'
2025-08-12 16:05:45,343 - DEBUG - Loaded and stored Omron data for key '00057_seg1' and '00057_seg7'
2025-08-12 16:05:45,344 - DEBUG - Loaded and stored Omron data for key '00058_seg1' and '00058_seg7'
2025-08-12 16:05:45,344 - DEBUG - Loaded and stored Omron data for key '00059_seg1' and '00059_seg7'
2025-08-12 16:05:45,344 - DEBUG - Loaded and stored Omron data for key '00060_seg1' and '00060_seg7'
2025-08-12 16:05:45,344 - DEBUG - Loaded and stored Omron data for key '00061_seg1' and '00061_seg7'
2025-08-12 16:05:45,344 - DEBUG - Loaded and stored Omron data for key '00062_seg1' and '00062_seg7'
2025-08-12 16:05:45,344 - DEBUG - Loaded and stored Omron data for key '00063_seg1' and '00063_seg7'
2025-08-12 16:05:45,344 - DEBUG - Loaded and stored Omron data for key '00064_seg1' and '00064_seg7'
2025-08-12 16:05:45,344 - DEBUG - Loaded and stored Omron data for key '00065_seg1' and '00065_seg7'
2025-08-12 16:05:45,344 - DEBUG - Loaded and stored Omron data for key '00066_seg1' and '00066_seg7'
2025-08-12 16:05:45,345 - DEBUG - Loaded and stored Omron data for key '00067_seg1' and '00067_seg7'
2025-08-12 16:05:45,345 - DEBUG - Loaded and stored Omron data for key '00068_seg1' and '00068_seg7'
2025-08-12 16:05:45,345 - DEBUG - Loaded and stored Omron data for key '00069_seg1' and '00069_seg7'
2025-08-12 16:05:45,345 - DEBUG - Loaded and stored Omron data for key '00070_seg1' and '00070_seg7'
2025-08-12 16:05:45,345 - DEBUG - Loaded and stored Omron data for key '00071_seg1' and '00071_seg7'
2025-08-12 16:05:45,345 - DEBUG - Loaded and stored Omron data for key '00072_seg1' and '00072_seg7'
2025-08-12 16:05:45,345 - DEBUG - Loaded and stored Omron data for key '00073_seg1' and '00073_seg7'
2025-08-12 16:05:45,345 - DEBUG - Loaded and stored Omron data for key '00074_seg1' and '00074_seg7'
2025-08-12 16:05:45,345 - DEBUG - Loaded and stored Omron data for key '00075_seg1' and '00075_seg7'
2025-08-12 16:05:45,346 - DEBUG - Loaded and stored Omron data for key '00076_seg1' and '00076_seg7'
2025-08-12 16:05:45,346 - DEBUG - Loaded and stored Omron data for key '00077_seg1' and '00077_seg7'
2025-08-12 16:05:45,346 - DEBUG - Loaded and stored Omron data for key '00078_seg1' and '00078_seg7'
2025-08-12 16:05:45,346 - DEBUG - Loaded and stored Omron data for key '00079_seg1' and '00079_seg7'
2025-08-12 16:05:45,346 - DEBUG - Loaded and stored Omron data for key '00080_seg1' and '00080_seg7'
2025-08-12 16:05:45,346 - DEBUG - Loaded and stored Omron data for key '00081_seg1' and '00081_seg7'
2025-08-12 16:05:45,346 - DEBUG - Loaded and stored Omron data for key '00082_seg1' and '00082_seg7'
2025-08-12 16:05:45,346 - DEBUG - Loaded and stored Omron data for key '00083_seg1' and '00083_seg7'
2025-08-12 16:05:45,346 - DEBUG - Loaded and stored Omron data for key '00084_seg1' and '00084_seg7'
2025-08-12 16:05:45,347 - DEBUG - Loaded and stored Omron data for key '00085_seg1' and '00085_seg7'
2025-08-12 16:05:45,347 - DEBUG - Loaded and stored Omron data for key '00086_seg1' and '00086_seg7'
2025-08-12 16:05:45,347 - DEBUG - Loaded and stored Omron data for key '00087_seg1' and '00087_seg7'
2025-08-12 16:05:45,347 - DEBUG - Loaded and stored Omron data for key '00088_seg1' and '00088_seg7'
2025-08-12 16:05:45,347 - DEBUG - Loaded and stored Omron data for key '00089_seg1' and '00089_seg7'
2025-08-12 16:05:45,347 - DEBUG - Loaded and stored Omron data for key '00090_seg1' and '00090_seg7'
2025-08-12 16:05:45,347 - DEBUG - Loaded and stored Omron data for key '00091_seg1' and '00091_seg7'
2025-08-12 16:05:45,347 - DEBUG - Loaded and stored Omron data for key '00092_seg1' and '00092_seg7'
2025-08-12 16:05:45,347 - DEBUG - Loaded and stored Omron data for key '00093_seg1' and '00093_seg7'
2025-08-12 16:05:45,348 - DEBUG - Loaded and stored Omron data for key '00094_seg1' and '00094_seg7'
2025-08-12 16:05:45,348 - DEBUG - Loaded and stored Omron data for key '00095_seg1' and '00095_seg7'
2025-08-12 16:05:45,348 - DEBUG - Loaded and stored Omron data for key '00096_seg1' and '00096_seg7'
2025-08-12 16:05:45,348 - DEBUG - Loaded and stored Omron data for key '00097_seg1' and '00097_seg7'
2025-08-12 16:05:45,348 - DEBUG - Loaded and stored Omron data for key '00098_seg1' and '00098_seg7'
2025-08-12 16:05:45,348 - DEBUG - Loaded and stored Omron data for key '00099_seg1' and '00099_seg7'
2025-08-12 16:05:45,348 - DEBUG - Loaded and stored Omron data for key '00100_seg1' and '00100_seg7'
2025-08-12 16:05:45,348 - DEBUG - Loaded and stored Omron data for key '00101_seg1' and '00101_seg7'
2025-08-12 16:05:45,348 - DEBUG - Loaded and stored Omron data for key '00102_seg1' and '00102_seg7'
2025-08-12 16:05:45,349 - DEBUG - Loaded and stored Omron data for key '00103_seg1' and '00103_seg7'
2025-08-12 16:05:45,349 - DEBUG - Loaded and stored Omron data for key '00105_seg1' and '00105_seg7'
2025-08-12 16:05:45,349 - DEBUG - Loaded and stored Omron data for key '00106_seg1' and '00106_seg7'
2025-08-12 16:05:45,349 - DEBUG - Loaded and stored Omron data for key '00107_seg1' and '00107_seg7'
2025-08-12 16:05:45,349 - DEBUG - Loaded and stored Omron data for key '00108_seg1' and '00108_seg7'
2025-08-12 16:05:45,349 - DEBUG - Loaded and stored Omron data for key '00109_seg1' and '00109_seg7'
2025-08-12 16:05:45,349 - DEBUG - Loaded and stored Omron data for key '00110_seg1' and '00110_seg7'
2025-08-12 16:05:45,349 - DEBUG - Loaded and stored Omron data for key '00111_seg1' and '00111_seg7'
2025-08-12 16:05:45,350 - DEBUG - Loaded and stored Omron data for key '00112_seg1' and '00112_seg7'
2025-08-12 16:05:45,350 - DEBUG - No Omron data for 00046 seg1
2025-08-12 16:05:46,846 - DEBUG - Saved calibrated BP data to: ./data/processed/moved/00046/seg7_bp.csv
2025-08-12 16:05:47,132 - DEBUG - Filtering: 33343 points, range before=(101088.0000, 106497.0000), after=(-847.2034, 831.6659)
2025-08-12 16:05:47,332 - DEBUG - Filtering: 33344 points, range before=(125949.0000, 130364.0000), after=(-841.2047, 1089.0406)
2025-08-12 16:05:47,516 - DEBUG - Filtering: 33343 points, range before=(108291.0000, 116551.0000), after=(-1234.7585, 1221.0071)
2025-08-12 16:05:47,703 - DEBUG - Filtering: 33342 points, range before=(97481.0000, 104987.0000), after=(-682.7295, 1369.1977)
2025-08-12 16:05:47,715 - DEBUG - Available sensors for seg7: ['sensor2', 'sensor3', 'sensor4', 'sensor5'] (4/4)
2025-08-12 16:05:48,330 - DEBUG - Loaded HR data: average 83.1 bpm
2025-08-12 16:05:48,336 - DEBUG - Using provided HR: 83.1 bpm, RR interval: 0.722s
2025-08-12 16:05:48,434 - DEBUG - Found 0 BP valleys in 30006 samples (300.1s), HR: 83 bpm
2025-08-12 16:05:48,434 - DEBUG - Warning: Insufficient BP valleys found, using original slicing method
2025-08-12 16:05:48,438 - DEBUG - Generated 290 valley-based slices from seg7
2025-08-12 16:05:48,438 - DEBUG - Loading Omron data from: /root/ppg2bp/data/omron.csv
2025-08-12 16:05:48,440 - DEBUG - Loaded and stored Omron data for key '00042_seg1' and '00042_seg7'
2025-08-12 16:05:48,440 - DEBUG - Loaded and stored Omron data for key '00043_seg1' and '00043_seg7'
2025-08-12 16:05:48,440 - DEBUG - Loaded and stored Omron data for key '00044_seg1' and '00044_seg7'
2025-08-12 16:05:48,440 - DEBUG - Loaded and stored Omron data for key '00016_seg1' and '00016_seg7'
2025-08-12 16:05:48,440 - DEBUG - Loaded and stored Omron data for key '00045_seg1' and '00045_seg7'
2025-08-12 16:05:48,440 - DEBUG - Loaded and stored Omron data for key '00047_seg1' and '00047_seg7'
2025-08-12 16:05:48,440 - DEBUG - Loaded and stored Omron data for key '00048_seg1' and '00048_seg7'
2025-08-12 16:05:48,441 - DEBUG - Loaded and stored Omron data for key '00049_seg1' and '00049_seg7'
2025-08-12 16:05:48,441 - DEBUG - Loaded and stored Omron data for key '00050_seg1' and '00050_seg7'
2025-08-12 16:05:48,441 - DEBUG - Loaded and stored Omron data for key '00051_seg1' and '00051_seg7'
2025-08-12 16:05:48,441 - DEBUG - Loaded and stored Omron data for key '00052_seg1' and '00052_seg7'
2025-08-12 16:05:48,441 - DEBUG - Loaded and stored Omron data for key '00003_seg1' and '00003_seg7'
2025-08-12 16:05:48,441 - DEBUG - Loaded and stored Omron data for key '00053_seg1' and '00053_seg7'
2025-08-12 16:05:48,441 - DEBUG - Loaded and stored Omron data for key '00054_seg1' and '00054_seg7'
2025-08-12 16:05:48,441 - DEBUG - Loaded and stored Omron data for key '00055_seg1' and '00055_seg7'
2025-08-12 16:05:48,441 - DEBUG - Loaded and stored Omron data for key '00056_seg1' and '00056_seg7'
2025-08-12 16:05:48,441 - DEBUG - Loaded and stored Omron data for key '00057_seg1' and '00057_seg7'
2025-08-12 16:05:48,441 - DEBUG - Loaded and stored Omron data for key '00058_seg1' and '00058_seg7'
2025-08-12 16:05:48,442 - DEBUG - Loaded and stored Omron data for key '00059_seg1' and '00059_seg7'
2025-08-12 16:05:48,442 - DEBUG - Loaded and stored Omron data for key '00060_seg1' and '00060_seg7'
2025-08-12 16:05:48,442 - DEBUG - Loaded and stored Omron data for key '00061_seg1' and '00061_seg7'
2025-08-12 16:05:48,442 - DEBUG - Loaded and stored Omron data for key '00062_seg1' and '00062_seg7'
2025-08-12 16:05:48,442 - DEBUG - Loaded and stored Omron data for key '00063_seg1' and '00063_seg7'
2025-08-12 16:05:48,442 - DEBUG - Loaded and stored Omron data for key '00064_seg1' and '00064_seg7'
2025-08-12 16:05:48,442 - DEBUG - Loaded and stored Omron data for key '00065_seg1' and '00065_seg7'
2025-08-12 16:05:48,442 - DEBUG - Loaded and stored Omron data for key '00066_seg1' and '00066_seg7'
2025-08-12 16:05:48,442 - DEBUG - Loaded and stored Omron data for key '00067_seg1' and '00067_seg7'
2025-08-12 16:05:48,442 - DEBUG - Loaded and stored Omron data for key '00068_seg1' and '00068_seg7'
2025-08-12 16:05:48,442 - DEBUG - Loaded and stored Omron data for key '00069_seg1' and '00069_seg7'
2025-08-12 16:05:48,442 - DEBUG - Loaded and stored Omron data for key '00070_seg1' and '00070_seg7'
2025-08-12 16:05:48,443 - DEBUG - Loaded and stored Omron data for key '00071_seg1' and '00071_seg7'
2025-08-12 16:05:48,443 - DEBUG - Loaded and stored Omron data for key '00072_seg1' and '00072_seg7'
2025-08-12 16:05:48,443 - DEBUG - Loaded and stored Omron data for key '00073_seg1' and '00073_seg7'
2025-08-12 16:05:48,443 - DEBUG - Loaded and stored Omron data for key '00074_seg1' and '00074_seg7'
2025-08-12 16:05:48,443 - DEBUG - Loaded and stored Omron data for key '00075_seg1' and '00075_seg7'
2025-08-12 16:05:48,443 - DEBUG - Loaded and stored Omron data for key '00076_seg1' and '00076_seg7'
2025-08-12 16:05:48,443 - DEBUG - Loaded and stored Omron data for key '00077_seg1' and '00077_seg7'
2025-08-12 16:05:48,443 - DEBUG - Loaded and stored Omron data for key '00078_seg1' and '00078_seg7'
2025-08-12 16:05:48,443 - DEBUG - Loaded and stored Omron data for key '00079_seg1' and '00079_seg7'
2025-08-12 16:05:48,443 - DEBUG - Loaded and stored Omron data for key '00080_seg1' and '00080_seg7'
2025-08-12 16:05:48,443 - DEBUG - Loaded and stored Omron data for key '00081_seg1' and '00081_seg7'
2025-08-12 16:05:48,444 - DEBUG - Loaded and stored Omron data for key '00082_seg1' and '00082_seg7'
2025-08-12 16:05:48,444 - DEBUG - Loaded and stored Omron data for key '00083_seg1' and '00083_seg7'
2025-08-12 16:05:48,444 - DEBUG - Loaded and stored Omron data for key '00084_seg1' and '00084_seg7'
2025-08-12 16:05:48,444 - DEBUG - Loaded and stored Omron data for key '00085_seg1' and '00085_seg7'
2025-08-12 16:05:48,444 - DEBUG - Loaded and stored Omron data for key '00086_seg1' and '00086_seg7'
2025-08-12 16:05:48,444 - DEBUG - Loaded and stored Omron data for key '00087_seg1' and '00087_seg7'
2025-08-12 16:05:48,444 - DEBUG - Loaded and stored Omron data for key '00088_seg1' and '00088_seg7'
2025-08-12 16:05:48,444 - DEBUG - Loaded and stored Omron data for key '00089_seg1' and '00089_seg7'
2025-08-12 16:05:48,444 - DEBUG - Loaded and stored Omron data for key '00090_seg1' and '00090_seg7'
2025-08-12 16:05:48,444 - DEBUG - Loaded and stored Omron data for key '00091_seg1' and '00091_seg7'
2025-08-12 16:05:48,444 - DEBUG - Loaded and stored Omron data for key '00092_seg1' and '00092_seg7'
2025-08-12 16:05:48,444 - DEBUG - Loaded and stored Omron data for key '00093_seg1' and '00093_seg7'
2025-08-12 16:05:48,445 - DEBUG - Loaded and stored Omron data for key '00094_seg1' and '00094_seg7'
2025-08-12 16:05:48,445 - DEBUG - Loaded and stored Omron data for key '00095_seg1' and '00095_seg7'
2025-08-12 16:05:48,445 - DEBUG - Loaded and stored Omron data for key '00096_seg1' and '00096_seg7'
2025-08-12 16:05:48,445 - DEBUG - Loaded and stored Omron data for key '00097_seg1' and '00097_seg7'
2025-08-12 16:05:48,445 - DEBUG - Loaded and stored Omron data for key '00098_seg1' and '00098_seg7'
2025-08-12 16:05:48,445 - DEBUG - Loaded and stored Omron data for key '00099_seg1' and '00099_seg7'
2025-08-12 16:05:48,445 - DEBUG - Loaded and stored Omron data for key '00100_seg1' and '00100_seg7'
2025-08-12 16:05:48,445 - DEBUG - Loaded and stored Omron data for key '00101_seg1' and '00101_seg7'
2025-08-12 16:05:48,445 - DEBUG - Loaded and stored Omron data for key '00102_seg1' and '00102_seg7'
2025-08-12 16:05:48,445 - DEBUG - Loaded and stored Omron data for key '00103_seg1' and '00103_seg7'
2025-08-12 16:05:48,445 - DEBUG - Loaded and stored Omron data for key '00105_seg1' and '00105_seg7'
2025-08-12 16:05:48,446 - DEBUG - Loaded and stored Omron data for key '00106_seg1' and '00106_seg7'
2025-08-12 16:05:48,446 - DEBUG - Loaded and stored Omron data for key '00107_seg1' and '00107_seg7'
2025-08-12 16:05:48,446 - DEBUG - Loaded and stored Omron data for key '00108_seg1' and '00108_seg7'
2025-08-12 16:05:48,446 - DEBUG - Loaded and stored Omron data for key '00109_seg1' and '00109_seg7'
2025-08-12 16:05:48,446 - DEBUG - Loaded and stored Omron data for key '00110_seg1' and '00110_seg7'
2025-08-12 16:05:48,446 - DEBUG - Loaded and stored Omron data for key '00111_seg1' and '00111_seg7'
2025-08-12 16:05:48,446 - DEBUG - Loaded and stored Omron data for key '00112_seg1' and '00112_seg7'
2025-08-12 16:05:52,739 - DEBUG - Biopac BP values for seg1: SBP=107.7, DBP=59.4 (zeros excluded)
2025-08-12 16:05:52,926 - DEBUG - Calculated shift amount for 00047: +15.5 mmHg
2025-08-12 16:05:52,927 - DEBUG - Processing 00047 - seg1
2025-08-12 16:05:59,329 - DEBUG - Saved calibrated BP data to: ./data/processed/moved/00047/seg1_bp.csv
2025-08-12 16:06:00,530 - DEBUG - Filtering: 66673 points, range before=(110232.0000, 112457.0000), after=(-299.2188, 282.5522)
2025-08-12 16:06:01,633 - DEBUG - Filtering: 66674 points, range before=(121157.0000, 124124.0000), after=(-51.5017, 74.4324)
2025-08-12 16:06:02,726 - DEBUG - Filtering: 66675 points, range before=(107967.0000, 111706.0000), after=(-89.6085, 116.3653)
2025-08-12 16:06:03,820 - DEBUG - Filtering: 66674 points, range before=(110208.0000, 112124.0000), after=(-263.2286, 232.9171)
2025-08-12 16:06:03,827 - DEBUG - Available sensors for seg1: ['sensor2', 'sensor3', 'sensor4', 'sensor5'] (4/4)
2025-08-12 16:06:06,348 - DEBUG - Loaded HR data: average 74.5 bpm
2025-08-12 16:06:06,439 - DEBUG - Using provided HR: 74.5 bpm, RR interval: 0.806s
2025-08-12 16:06:06,841 - DEBUG - Found 0 BP valleys in 60003 samples (600.0s), HR: 74 bpm
2025-08-12 16:06:06,841 - DEBUG - Warning: Insufficient BP valleys found, using original slicing method
2025-08-12 16:06:06,849 - DEBUG - Generated 590 valley-based slices from seg1
2025-08-12 16:06:06,849 - DEBUG - Processing 00047 - seg7
2025-08-12 16:06:09,243 - DEBUG - Saved calibrated BP data to: ./data/processed/moved/00047/seg7_bp.csv
2025-08-12 16:06:09,868 - DEBUG - Filtering: 33337 points, range before=(125902.0000, 128806.0000), after=(-547.6361, 286.2623)
2025-08-12 16:06:10,223 - DEBUG - Filtering: 33337 points, range before=(126459.0000, 142119.0000), after=(-3325.4869, 3135.3071)
2025-08-12 16:06:10,735 - DEBUG - Filtering: 33336 points, range before=(108686.0000, 133846.0000), after=(-8920.8126, 6297.0718)
2025-08-12 16:06:11,244 - DEBUG - Filtering: 33336 points, range before=(100729.0000, 103680.0000), after=(-510.3610, 325.7614)
2025-08-12 16:06:11,247 - DEBUG - Available sensors for seg7: ['sensor2', 'sensor3', 'sensor4', 'sensor5'] (4/4)
2025-08-12 16:06:12,031 - DEBUG - Loaded HR data: average 82.3 bpm
2025-08-12 16:06:12,036 - DEBUG - Using provided HR: 82.3 bpm, RR interval: 0.729s
2025-08-12 16:06:12,161 - DEBUG - Found 0 BP valleys in 30000 samples (300.0s), HR: 82 bpm
2025-08-12 16:06:12,163 - DEBUG - Warning: Insufficient BP valleys found, using original slicing method
2025-08-12 16:06:12,172 - DEBUG - Generated 290 valley-based slices from seg7
2025-08-12 16:06:12,176 - DEBUG - Loading Omron data from: /root/ppg2bp/data/omron.csv
2025-08-12 16:06:12,203 - DEBUG - Loaded and stored Omron data for key '00042_seg1' and '00042_seg7'
2025-08-12 16:06:12,206 - DEBUG - Loaded and stored Omron data for key '00043_seg1' and '00043_seg7'
2025-08-12 16:06:12,208 - DEBUG - Loaded and stored Omron data for key '00044_seg1' and '00044_seg7'
2025-08-12 16:06:12,210 - DEBUG - Loaded and stored Omron data for key '00016_seg1' and '00016_seg7'
2025-08-12 16:06:12,212 - DEBUG - Loaded and stored Omron data for key '00045_seg1' and '00045_seg7'
2025-08-12 16:06:12,214 - DEBUG - Loaded and stored Omron data for key '00047_seg1' and '00047_seg7'
2025-08-12 16:06:12,215 - DEBUG - Loaded and stored Omron data for key '00048_seg1' and '00048_seg7'
2025-08-12 16:06:12,216 - DEBUG - Loaded and stored Omron data for key '00049_seg1' and '00049_seg7'
2025-08-12 16:06:12,217 - DEBUG - Loaded and stored Omron data for key '00050_seg1' and '00050_seg7'
2025-08-12 16:06:12,218 - DEBUG - Loaded and stored Omron data for key '00051_seg1' and '00051_seg7'
2025-08-12 16:06:12,218 - DEBUG - Loaded and stored Omron data for key '00052_seg1' and '00052_seg7'
2025-08-12 16:06:12,219 - DEBUG - Loaded and stored Omron data for key '00003_seg1' and '00003_seg7'
2025-08-12 16:06:12,219 - DEBUG - Loaded and stored Omron data for key '00053_seg1' and '00053_seg7'
2025-08-12 16:06:12,220 - DEBUG - Loaded and stored Omron data for key '00054_seg1' and '00054_seg7'
2025-08-12 16:06:12,220 - DEBUG - Loaded and stored Omron data for key '00055_seg1' and '00055_seg7'
2025-08-12 16:06:12,221 - DEBUG - Loaded and stored Omron data for key '00056_seg1' and '00056_seg7'
2025-08-12 16:06:12,221 - DEBUG - Loaded and stored Omron data for key '00057_seg1' and '00057_seg7'
2025-08-12 16:06:12,222 - DEBUG - Loaded and stored Omron data for key '00058_seg1' and '00058_seg7'
2025-08-12 16:06:12,222 - DEBUG - Loaded and stored Omron data for key '00059_seg1' and '00059_seg7'
2025-08-12 16:06:12,223 - DEBUG - Loaded and stored Omron data for key '00060_seg1' and '00060_seg7'
2025-08-12 16:06:12,223 - DEBUG - Loaded and stored Omron data for key '00061_seg1' and '00061_seg7'
2025-08-12 16:06:12,223 - DEBUG - Loaded and stored Omron data for key '00062_seg1' and '00062_seg7'
2025-08-12 16:06:12,224 - DEBUG - Loaded and stored Omron data for key '00063_seg1' and '00063_seg7'
2025-08-12 16:06:12,224 - DEBUG - Loaded and stored Omron data for key '00064_seg1' and '00064_seg7'
2025-08-12 16:06:12,224 - DEBUG - Loaded and stored Omron data for key '00065_seg1' and '00065_seg7'
2025-08-12 16:06:12,224 - DEBUG - Loaded and stored Omron data for key '00066_seg1' and '00066_seg7'
2025-08-12 16:06:12,225 - DEBUG - Loaded and stored Omron data for key '00067_seg1' and '00067_seg7'
2025-08-12 16:06:12,225 - DEBUG - Loaded and stored Omron data for key '00068_seg1' and '00068_seg7'
2025-08-12 16:06:12,225 - DEBUG - Loaded and stored Omron data for key '00069_seg1' and '00069_seg7'
2025-08-12 16:06:12,225 - DEBUG - Loaded and stored Omron data for key '00070_seg1' and '00070_seg7'
2025-08-12 16:06:12,225 - DEBUG - Loaded and stored Omron data for key '00071_seg1' and '00071_seg7'
2025-08-12 16:06:12,226 - DEBUG - Loaded and stored Omron data for key '00072_seg1' and '00072_seg7'
2025-08-12 16:06:12,226 - DEBUG - Loaded and stored Omron data for key '00073_seg1' and '00073_seg7'
2025-08-12 16:06:12,226 - DEBUG - Loaded and stored Omron data for key '00074_seg1' and '00074_seg7'
2025-08-12 16:06:12,226 - DEBUG - Loaded and stored Omron data for key '00075_seg1' and '00075_seg7'
2025-08-12 16:06:12,226 - DEBUG - Loaded and stored Omron data for key '00076_seg1' and '00076_seg7'
2025-08-12 16:06:12,227 - DEBUG - Loaded and stored Omron data for key '00077_seg1' and '00077_seg7'
2025-08-12 16:06:12,227 - DEBUG - Loaded and stored Omron data for key '00078_seg1' and '00078_seg7'
2025-08-12 16:06:12,227 - DEBUG - Loaded and stored Omron data for key '00079_seg1' and '00079_seg7'
2025-08-12 16:06:12,227 - DEBUG - Loaded and stored Omron data for key '00080_seg1' and '00080_seg7'
2025-08-12 16:06:12,227 - DEBUG - Loaded and stored Omron data for key '00081_seg1' and '00081_seg7'
2025-08-12 16:06:12,227 - DEBUG - Loaded and stored Omron data for key '00082_seg1' and '00082_seg7'
2025-08-12 16:06:12,228 - DEBUG - Loaded and stored Omron data for key '00083_seg1' and '00083_seg7'
2025-08-12 16:06:12,228 - DEBUG - Loaded and stored Omron data for key '00084_seg1' and '00084_seg7'
2025-08-12 16:06:12,228 - DEBUG - Loaded and stored Omron data for key '00085_seg1' and '00085_seg7'
2025-08-12 16:06:12,228 - DEBUG - Loaded and stored Omron data for key '00086_seg1' and '00086_seg7'
2025-08-12 16:06:12,228 - DEBUG - Loaded and stored Omron data for key '00087_seg1' and '00087_seg7'
2025-08-12 16:06:12,228 - DEBUG - Loaded and stored Omron data for key '00088_seg1' and '00088_seg7'
2025-08-12 16:06:12,228 - DEBUG - Loaded and stored Omron data for key '00089_seg1' and '00089_seg7'
2025-08-12 16:06:12,229 - DEBUG - Loaded and stored Omron data for key '00090_seg1' and '00090_seg7'
2025-08-12 16:06:12,229 - DEBUG - Loaded and stored Omron data for key '00091_seg1' and '00091_seg7'
2025-08-12 16:06:12,229 - DEBUG - Loaded and stored Omron data for key '00092_seg1' and '00092_seg7'
2025-08-12 16:06:12,229 - DEBUG - Loaded and stored Omron data for key '00093_seg1' and '00093_seg7'
2025-08-12 16:06:12,229 - DEBUG - Loaded and stored Omron data for key '00094_seg1' and '00094_seg7'
2025-08-12 16:06:12,229 - DEBUG - Loaded and stored Omron data for key '00095_seg1' and '00095_seg7'
2025-08-12 16:06:12,229 - DEBUG - Loaded and stored Omron data for key '00096_seg1' and '00096_seg7'
2025-08-12 16:06:12,229 - DEBUG - Loaded and stored Omron data for key '00097_seg1' and '00097_seg7'
2025-08-12 16:06:12,229 - DEBUG - Loaded and stored Omron data for key '00098_seg1' and '00098_seg7'
2025-08-12 16:06:12,229 - DEBUG - Loaded and stored Omron data for key '00099_seg1' and '00099_seg7'
2025-08-12 16:06:12,230 - DEBUG - Loaded and stored Omron data for key '00100_seg1' and '00100_seg7'
2025-08-12 16:06:12,230 - DEBUG - Loaded and stored Omron data for key '00101_seg1' and '00101_seg7'
2025-08-12 16:06:12,230 - DEBUG - Loaded and stored Omron data for key '00102_seg1' and '00102_seg7'
2025-08-12 16:06:12,230 - DEBUG - Loaded and stored Omron data for key '00103_seg1' and '00103_seg7'
2025-08-12 16:06:12,230 - DEBUG - Loaded and stored Omron data for key '00105_seg1' and '00105_seg7'
2025-08-12 16:06:12,230 - DEBUG - Loaded and stored Omron data for key '00106_seg1' and '00106_seg7'
2025-08-12 16:06:12,230 - DEBUG - Loaded and stored Omron data for key '00107_seg1' and '00107_seg7'
2025-08-12 16:06:12,230 - DEBUG - Loaded and stored Omron data for key '00108_seg1' and '00108_seg7'
2025-08-12 16:06:12,230 - DEBUG - Loaded and stored Omron data for key '00109_seg1' and '00109_seg7'
2025-08-12 16:06:12,231 - DEBUG - Loaded and stored Omron data for key '00110_seg1' and '00110_seg7'
2025-08-12 16:06:12,231 - DEBUG - Loaded and stored Omron data for key '00111_seg1' and '00111_seg7'
2025-08-12 16:06:12,231 - DEBUG - Loaded and stored Omron data for key '00112_seg1' and '00112_seg7'
2025-08-12 16:06:19,240 - DEBUG - Biopac BP values for seg1: SBP=93.6, DBP=42.7 (zeros excluded)
2025-08-12 16:06:19,443 - DEBUG - Calculated shift amount for 00048: +29.3 mmHg
2025-08-12 16:06:19,444 - DEBUG - Processing 00048 - seg1
2025-08-12 16:06:26,345 - DEBUG - Saved calibrated BP data to: ./data/processed/moved/00048/seg1_bp.csv
2025-08-12 16:06:27,550 - DEBUG - Filtering: 66673 points, range before=(95614.0000, 103028.0000), after=(-1787.9189, 1384.7056)
2025-08-12 16:06:28,245 - DEBUG - Filtering: 66673 points, range before=(131970.0000, 140111.0000), after=(-1076.9414, 1049.9796)
2025-08-12 16:06:29,335 - DEBUG - Filtering: 66672 points, range before=(109706.0000, 112400.0000), after=(-383.9716, 331.3864)
2025-08-12 16:06:31,274 - DEBUG - Filtering: 66672 points, range before=(85695.0000, 95696.0000), after=(-450.7994, 564.1833)
2025-08-12 16:06:31,316 - DEBUG - Available sensors for seg1: ['sensor2', 'sensor3', 'sensor4', 'sensor5'] (4/4)
2025-08-12 16:06:34,026 - DEBUG - Loaded HR data: average 61.4 bpm
2025-08-12 16:06:34,124 - DEBUG - Using provided HR: 61.4 bpm, RR interval: 0.976s
2025-08-12 16:06:34,325 - DEBUG - Found 613 BP valleys in 60002 samples (600.0s), HR: 61 bpm
2025-08-12 16:06:34,334 - DEBUG - Created 604 valley-based slices from 613 valleys
2025-08-12 16:06:34,334 - DEBUG - Generated 604 valley-based slices from seg1
2025-08-12 16:06:34,334 - DEBUG - Processing 00048 - seg7
2025-08-12 16:06:37,040 - DEBUG - Saved calibrated BP data to: ./data/processed/moved/00048/seg7_bp.csv
2025-08-12 16:06:37,535 - DEBUG - Filtering: 33337 points, range before=(97062.0000, 107893.0000), after=(-2271.2307, 1873.9243)
2025-08-12 16:06:37,727 - DEBUG - Filtering: 33336 points, range before=(127367.0000, 133239.0000), after=(-2876.0471, 1252.9069)
2025-08-12 16:06:38,228 - DEBUG - Filtering: 33335 points, range before=(98583.0000, 115459.0000), after=(-8391.6427, 6553.4234)
2025-08-12 16:06:38,630 - DEBUG - Filtering: 33335 points, range before=(83833.0000, 89559.0000), after=(-1015.1384, 1161.9365)
2025-08-12 16:06:38,632 - DEBUG - Available sensors for seg7: ['sensor2', 'sensor3', 'sensor4', 'sensor5'] (4/4)
2025-08-12 16:06:39,343 - DEBUG - Loaded HR data: average 67.9 bpm
2025-08-12 16:06:39,346 - DEBUG - Using provided HR: 67.9 bpm, RR interval: 0.884s
2025-08-12 16:06:39,429 - DEBUG - Found 0 BP valleys in 29999 samples (300.0s), HR: 68 bpm
2025-08-12 16:06:39,430 - DEBUG - Warning: Insufficient BP valleys found, using original slicing method
2025-08-12 16:06:39,433 - DEBUG - Generated 289 valley-based slices from seg7
2025-08-12 16:06:39,434 - DEBUG - Loading Omron data from: /root/ppg2bp/data/omron.csv
2025-08-12 16:06:39,437 - DEBUG - Loaded and stored Omron data for key '00042_seg1' and '00042_seg7'
2025-08-12 16:06:39,437 - DEBUG - Loaded and stored Omron data for key '00043_seg1' and '00043_seg7'
2025-08-12 16:06:39,437 - DEBUG - Loaded and stored Omron data for key '00044_seg1' and '00044_seg7'
2025-08-12 16:06:39,437 - DEBUG - Loaded and stored Omron data for key '00016_seg1' and '00016_seg7'
2025-08-12 16:06:39,437 - DEBUG - Loaded and stored Omron data for key '00045_seg1' and '00045_seg7'
2025-08-12 16:06:39,438 - DEBUG - Loaded and stored Omron data for key '00047_seg1' and '00047_seg7'
2025-08-12 16:06:39,438 - DEBUG - Loaded and stored Omron data for key '00048_seg1' and '00048_seg7'
2025-08-12 16:06:39,438 - DEBUG - Loaded and stored Omron data for key '00049_seg1' and '00049_seg7'
2025-08-12 16:06:39,438 - DEBUG - Loaded and stored Omron data for key '00050_seg1' and '00050_seg7'
2025-08-12 16:06:39,438 - DEBUG - Loaded and stored Omron data for key '00051_seg1' and '00051_seg7'
2025-08-12 16:06:39,438 - DEBUG - Loaded and stored Omron data for key '00052_seg1' and '00052_seg7'
2025-08-12 16:06:39,438 - DEBUG - Loaded and stored Omron data for key '00003_seg1' and '00003_seg7'
2025-08-12 16:06:39,438 - DEBUG - Loaded and stored Omron data for key '00053_seg1' and '00053_seg7'
2025-08-12 16:06:39,438 - DEBUG - Loaded and stored Omron data for key '00054_seg1' and '00054_seg7'
2025-08-12 16:06:39,438 - DEBUG - Loaded and stored Omron data for key '00055_seg1' and '00055_seg7'
2025-08-12 16:06:39,438 - DEBUG - Loaded and stored Omron data for key '00056_seg1' and '00056_seg7'
2025-08-12 16:06:39,438 - DEBUG - Loaded and stored Omron data for key '00057_seg1' and '00057_seg7'
2025-08-12 16:06:39,439 - DEBUG - Loaded and stored Omron data for key '00058_seg1' and '00058_seg7'
2025-08-12 16:06:39,439 - DEBUG - Loaded and stored Omron data for key '00059_seg1' and '00059_seg7'
2025-08-12 16:06:39,439 - DEBUG - Loaded and stored Omron data for key '00060_seg1' and '00060_seg7'
2025-08-12 16:06:39,439 - DEBUG - Loaded and stored Omron data for key '00061_seg1' and '00061_seg7'
2025-08-12 16:06:39,439 - DEBUG - Loaded and stored Omron data for key '00062_seg1' and '00062_seg7'
2025-08-12 16:06:39,439 - DEBUG - Loaded and stored Omron data for key '00063_seg1' and '00063_seg7'
2025-08-12 16:06:39,439 - DEBUG - Loaded and stored Omron data for key '00064_seg1' and '00064_seg7'
2025-08-12 16:06:39,439 - DEBUG - Loaded and stored Omron data for key '00065_seg1' and '00065_seg7'
2025-08-12 16:06:39,439 - DEBUG - Loaded and stored Omron data for key '00066_seg1' and '00066_seg7'
2025-08-12 16:06:39,439 - DEBUG - Loaded and stored Omron data for key '00067_seg1' and '00067_seg7'
2025-08-12 16:06:39,439 - DEBUG - Loaded and stored Omron data for key '00068_seg1' and '00068_seg7'
2025-08-12 16:06:39,440 - DEBUG - Loaded and stored Omron data for key '00069_seg1' and '00069_seg7'
2025-08-12 16:06:39,440 - DEBUG - Loaded and stored Omron data for key '00070_seg1' and '00070_seg7'
2025-08-12 16:06:39,440 - DEBUG - Loaded and stored Omron data for key '00071_seg1' and '00071_seg7'
2025-08-12 16:06:39,440 - DEBUG - Loaded and stored Omron data for key '00072_seg1' and '00072_seg7'
2025-08-12 16:06:39,440 - DEBUG - Loaded and stored Omron data for key '00073_seg1' and '00073_seg7'
2025-08-12 16:06:39,440 - DEBUG - Loaded and stored Omron data for key '00074_seg1' and '00074_seg7'
2025-08-12 16:06:39,440 - DEBUG - Loaded and stored Omron data for key '00075_seg1' and '00075_seg7'
2025-08-12 16:06:39,440 - DEBUG - Loaded and stored Omron data for key '00076_seg1' and '00076_seg7'
2025-08-12 16:06:39,440 - DEBUG - Loaded and stored Omron data for key '00077_seg1' and '00077_seg7'
2025-08-12 16:06:39,440 - DEBUG - Loaded and stored Omron data for key '00078_seg1' and '00078_seg7'
2025-08-12 16:06:39,440 - DEBUG - Loaded and stored Omron data for key '00079_seg1' and '00079_seg7'
2025-08-12 16:06:39,440 - DEBUG - Loaded and stored Omron data for key '00080_seg1' and '00080_seg7'
2025-08-12 16:06:39,441 - DEBUG - Loaded and stored Omron data for key '00081_seg1' and '00081_seg7'
2025-08-12 16:06:39,441 - DEBUG - Loaded and stored Omron data for key '00082_seg1' and '00082_seg7'
2025-08-12 16:06:39,441 - DEBUG - Loaded and stored Omron data for key '00083_seg1' and '00083_seg7'
2025-08-12 16:06:39,441 - DEBUG - Loaded and stored Omron data for key '00084_seg1' and '00084_seg7'
2025-08-12 16:06:39,441 - DEBUG - Loaded and stored Omron data for key '00085_seg1' and '00085_seg7'
2025-08-12 16:06:39,441 - DEBUG - Loaded and stored Omron data for key '00086_seg1' and '00086_seg7'
2025-08-12 16:06:39,441 - DEBUG - Loaded and stored Omron data for key '00087_seg1' and '00087_seg7'
2025-08-12 16:06:39,441 - DEBUG - Loaded and stored Omron data for key '00088_seg1' and '00088_seg7'
2025-08-12 16:06:39,441 - DEBUG - Loaded and stored Omron data for key '00089_seg1' and '00089_seg7'
2025-08-12 16:06:39,441 - DEBUG - Loaded and stored Omron data for key '00090_seg1' and '00090_seg7'
2025-08-12 16:06:39,441 - DEBUG - Loaded and stored Omron data for key '00091_seg1' and '00091_seg7'
2025-08-12 16:06:39,442 - DEBUG - Loaded and stored Omron data for key '00092_seg1' and '00092_seg7'
2025-08-12 16:06:39,442 - DEBUG - Loaded and stored Omron data for key '00093_seg1' and '00093_seg7'
2025-08-12 16:06:39,442 - DEBUG - Loaded and stored Omron data for key '00094_seg1' and '00094_seg7'
2025-08-12 16:06:39,442 - DEBUG - Loaded and stored Omron data for key '00095_seg1' and '00095_seg7'
2025-08-12 16:06:39,442 - DEBUG - Loaded and stored Omron data for key '00096_seg1' and '00096_seg7'
2025-08-12 16:06:39,442 - DEBUG - Loaded and stored Omron data for key '00097_seg1' and '00097_seg7'
2025-08-12 16:06:39,442 - DEBUG - Loaded and stored Omron data for key '00098_seg1' and '00098_seg7'
2025-08-12 16:06:39,442 - DEBUG - Loaded and stored Omron data for key '00099_seg1' and '00099_seg7'
2025-08-12 16:06:39,442 - DEBUG - Loaded and stored Omron data for key '00100_seg1' and '00100_seg7'
2025-08-12 16:06:39,442 - DEBUG - Loaded and stored Omron data for key '00101_seg1' and '00101_seg7'
2025-08-12 16:06:39,442 - DEBUG - Loaded and stored Omron data for key '00102_seg1' and '00102_seg7'
2025-08-12 16:06:39,442 - DEBUG - Loaded and stored Omron data for key '00103_seg1' and '00103_seg7'
2025-08-12 16:06:39,443 - DEBUG - Loaded and stored Omron data for key '00105_seg1' and '00105_seg7'
2025-08-12 16:06:39,443 - DEBUG - Loaded and stored Omron data for key '00106_seg1' and '00106_seg7'
2025-08-12 16:06:39,443 - DEBUG - Loaded and stored Omron data for key '00107_seg1' and '00107_seg7'
2025-08-12 16:06:39,443 - DEBUG - Loaded and stored Omron data for key '00108_seg1' and '00108_seg7'
2025-08-12 16:06:39,443 - DEBUG - Loaded and stored Omron data for key '00109_seg1' and '00109_seg7'
2025-08-12 16:06:39,443 - DEBUG - Loaded and stored Omron data for key '00110_seg1' and '00110_seg7'
2025-08-12 16:06:39,443 - DEBUG - Loaded and stored Omron data for key '00111_seg1' and '00111_seg7'
2025-08-12 16:06:39,443 - DEBUG - Loaded and stored Omron data for key '00112_seg1' and '00112_seg7'
2025-08-12 16:06:39,646 - DEBUG - Biopac BP values for seg1: SBP=100.0, DBP=61.9 (zeros excluded)
2025-08-12 16:06:39,648 - DEBUG - No shift for 00049, delta too large (11.9 mmHg)
2025-08-12 16:06:39,648 - DEBUG - Processing 00049 - seg1
2025-08-12 16:06:39,822 - DEBUG - Loading Omron data from: /root/ppg2bp/data/omron.csv
2025-08-12 16:06:39,825 - DEBUG - Loaded and stored Omron data for key '00042_seg1' and '00042_seg7'
2025-08-12 16:06:39,825 - DEBUG - Loaded and stored Omron data for key '00043_seg1' and '00043_seg7'
2025-08-12 16:06:39,826 - DEBUG - Loaded and stored Omron data for key '00044_seg1' and '00044_seg7'
2025-08-12 16:06:39,826 - DEBUG - Loaded and stored Omron data for key '00016_seg1' and '00016_seg7'
2025-08-12 16:06:39,826 - DEBUG - Loaded and stored Omron data for key '00045_seg1' and '00045_seg7'
2025-08-12 16:06:39,826 - DEBUG - Loaded and stored Omron data for key '00047_seg1' and '00047_seg7'
2025-08-12 16:06:39,826 - DEBUG - Loaded and stored Omron data for key '00048_seg1' and '00048_seg7'
2025-08-12 16:06:39,826 - DEBUG - Loaded and stored Omron data for key '00049_seg1' and '00049_seg7'
2025-08-12 16:06:39,826 - DEBUG - Loaded and stored Omron data for key '00050_seg1' and '00050_seg7'
2025-08-12 16:06:39,826 - DEBUG - Loaded and stored Omron data for key '00051_seg1' and '00051_seg7'
2025-08-12 16:06:39,826 - DEBUG - Loaded and stored Omron data for key '00052_seg1' and '00052_seg7'
2025-08-12 16:06:39,826 - DEBUG - Loaded and stored Omron data for key '00003_seg1' and '00003_seg7'
2025-08-12 16:06:39,827 - DEBUG - Loaded and stored Omron data for key '00053_seg1' and '00053_seg7'
2025-08-12 16:06:39,827 - DEBUG - Loaded and stored Omron data for key '00054_seg1' and '00054_seg7'
2025-08-12 16:06:39,827 - DEBUG - Loaded and stored Omron data for key '00055_seg1' and '00055_seg7'
2025-08-12 16:06:39,827 - DEBUG - Loaded and stored Omron data for key '00056_seg1' and '00056_seg7'
2025-08-12 16:06:39,827 - DEBUG - Loaded and stored Omron data for key '00057_seg1' and '00057_seg7'
2025-08-12 16:06:39,827 - DEBUG - Loaded and stored Omron data for key '00058_seg1' and '00058_seg7'
2025-08-12 16:06:39,827 - DEBUG - Loaded and stored Omron data for key '00059_seg1' and '00059_seg7'
2025-08-12 16:06:39,827 - DEBUG - Loaded and stored Omron data for key '00060_seg1' and '00060_seg7'
2025-08-12 16:06:39,827 - DEBUG - Loaded and stored Omron data for key '00061_seg1' and '00061_seg7'
2025-08-12 16:06:39,827 - DEBUG - Loaded and stored Omron data for key '00062_seg1' and '00062_seg7'
2025-08-12 16:06:39,827 - DEBUG - Loaded and stored Omron data for key '00063_seg1' and '00063_seg7'
2025-08-12 16:06:39,827 - DEBUG - Loaded and stored Omron data for key '00064_seg1' and '00064_seg7'
2025-08-12 16:06:39,828 - DEBUG - Loaded and stored Omron data for key '00065_seg1' and '00065_seg7'
2025-08-12 16:06:39,828 - DEBUG - Loaded and stored Omron data for key '00066_seg1' and '00066_seg7'
2025-08-12 16:06:39,828 - DEBUG - Loaded and stored Omron data for key '00067_seg1' and '00067_seg7'
2025-08-12 16:06:39,828 - DEBUG - Loaded and stored Omron data for key '00068_seg1' and '00068_seg7'
2025-08-12 16:06:39,828 - DEBUG - Loaded and stored Omron data for key '00069_seg1' and '00069_seg7'
2025-08-12 16:06:39,828 - DEBUG - Loaded and stored Omron data for key '00070_seg1' and '00070_seg7'
2025-08-12 16:06:39,828 - DEBUG - Loaded and stored Omron data for key '00071_seg1' and '00071_seg7'
2025-08-12 16:06:39,828 - DEBUG - Loaded and stored Omron data for key '00072_seg1' and '00072_seg7'
2025-08-12 16:06:39,828 - DEBUG - Loaded and stored Omron data for key '00073_seg1' and '00073_seg7'
2025-08-12 16:06:39,828 - DEBUG - Loaded and stored Omron data for key '00074_seg1' and '00074_seg7'
2025-08-12 16:06:39,828 - DEBUG - Loaded and stored Omron data for key '00075_seg1' and '00075_seg7'
2025-08-12 16:06:39,828 - DEBUG - Loaded and stored Omron data for key '00076_seg1' and '00076_seg7'
2025-08-12 16:06:39,829 - DEBUG - Loaded and stored Omron data for key '00077_seg1' and '00077_seg7'
2025-08-12 16:06:39,829 - DEBUG - Loaded and stored Omron data for key '00078_seg1' and '00078_seg7'
2025-08-12 16:06:39,829 - DEBUG - Loaded and stored Omron data for key '00079_seg1' and '00079_seg7'
2025-08-12 16:06:39,829 - DEBUG - Loaded and stored Omron data for key '00080_seg1' and '00080_seg7'
2025-08-12 16:06:39,829 - DEBUG - Loaded and stored Omron data for key '00081_seg1' and '00081_seg7'
2025-08-12 16:06:39,829 - DEBUG - Loaded and stored Omron data for key '00082_seg1' and '00082_seg7'
2025-08-12 16:06:39,829 - DEBUG - Loaded and stored Omron data for key '00083_seg1' and '00083_seg7'
2025-08-12 16:06:39,829 - DEBUG - Loaded and stored Omron data for key '00084_seg1' and '00084_seg7'
2025-08-12 16:06:39,829 - DEBUG - Loaded and stored Omron data for key '00085_seg1' and '00085_seg7'
2025-08-12 16:06:39,829 - DEBUG - Loaded and stored Omron data for key '00086_seg1' and '00086_seg7'
2025-08-12 16:06:39,829 - DEBUG - Loaded and stored Omron data for key '00087_seg1' and '00087_seg7'
2025-08-12 16:06:39,830 - DEBUG - Loaded and stored Omron data for key '00088_seg1' and '00088_seg7'
2025-08-12 16:06:39,830 - DEBUG - Loaded and stored Omron data for key '00089_seg1' and '00089_seg7'
2025-08-12 16:06:39,830 - DEBUG - Loaded and stored Omron data for key '00090_seg1' and '00090_seg7'
2025-08-12 16:06:39,830 - DEBUG - Loaded and stored Omron data for key '00091_seg1' and '00091_seg7'
2025-08-12 16:06:39,830 - DEBUG - Loaded and stored Omron data for key '00092_seg1' and '00092_seg7'
2025-08-12 16:06:39,830 - DEBUG - Loaded and stored Omron data for key '00093_seg1' and '00093_seg7'
2025-08-12 16:06:39,830 - DEBUG - Loaded and stored Omron data for key '00094_seg1' and '00094_seg7'
2025-08-12 16:06:39,830 - DEBUG - Loaded and stored Omron data for key '00095_seg1' and '00095_seg7'
2025-08-12 16:06:39,830 - DEBUG - Loaded and stored Omron data for key '00096_seg1' and '00096_seg7'
2025-08-12 16:06:39,830 - DEBUG - Loaded and stored Omron data for key '00097_seg1' and '00097_seg7'
2025-08-12 16:06:39,830 - DEBUG - Loaded and stored Omron data for key '00098_seg1' and '00098_seg7'
2025-08-12 16:06:39,830 - DEBUG - Loaded and stored Omron data for key '00099_seg1' and '00099_seg7'
2025-08-12 16:06:39,831 - DEBUG - Loaded and stored Omron data for key '00100_seg1' and '00100_seg7'
2025-08-12 16:06:39,831 - DEBUG - Loaded and stored Omron data for key '00101_seg1' and '00101_seg7'
2025-08-12 16:06:39,831 - DEBUG - Loaded and stored Omron data for key '00102_seg1' and '00102_seg7'
2025-08-12 16:06:39,831 - DEBUG - Loaded and stored Omron data for key '00103_seg1' and '00103_seg7'
2025-08-12 16:06:39,831 - DEBUG - Loaded and stored Omron data for key '00105_seg1' and '00105_seg7'
2025-08-12 16:06:39,831 - DEBUG - Loaded and stored Omron data for key '00106_seg1' and '00106_seg7'
2025-08-12 16:06:39,831 - DEBUG - Loaded and stored Omron data for key '00107_seg1' and '00107_seg7'
2025-08-12 16:06:39,831 - DEBUG - Loaded and stored Omron data for key '00108_seg1' and '00108_seg7'
2025-08-12 16:06:39,831 - DEBUG - Loaded and stored Omron data for key '00109_seg1' and '00109_seg7'
2025-08-12 16:06:39,831 - DEBUG - Loaded and stored Omron data for key '00110_seg1' and '00110_seg7'
2025-08-12 16:06:39,831 - DEBUG - Loaded and stored Omron data for key '00111_seg1' and '00111_seg7'
2025-08-12 16:06:39,831 - DEBUG - Loaded and stored Omron data for key '00112_seg1' and '00112_seg7'
2025-08-12 16:06:40,040 - DEBUG - Biopac BP values for seg1: SBP=100.0, DBP=61.9 (zeros excluded)
2025-08-12 16:06:40,042 - DEBUG - No shift for 00049, delta too large (11.9 mmHg)
2025-08-12 16:06:40,157 - DEBUG - Saved calibrated BP data to: ./data/processed/moved/00049/seg1_bp.csv
2025-08-12 16:06:41,125 - DEBUG - Filtering: 66676 points, range before=(97915.0000, 102349.0000), after=(-615.8144, 495.1498)
2025-08-12 16:06:41,828 - DEBUG - Filtering: 66677 points, range before=(140594.0000, 146488.0000), after=(-455.7956, 596.8785)
2025-08-12 16:06:42,843 - DEBUG - Filtering: 66677 points, range before=(105407.0000, 108306.0000), after=(-891.8787, 691.9034)
2025-08-12 16:06:43,986 - DEBUG - Filtering: 66676 points, range before=(13934.0000, 131834.0000), after=(-40962.1723, 29757.4925)
2025-08-12 16:06:44,020 - DEBUG - Available sensors for seg1: ['sensor2', 'sensor3', 'sensor4', 'sensor5'] (4/4)
2025-08-12 16:06:44,086 - DEBUG - Loaded HR data: average 89.5 bpm
2025-08-12 16:06:44,099 - DEBUG - Using provided HR: 89.5 bpm, RR interval: 0.671s
2025-08-12 16:06:44,119 - DEBUG - Found 31 BP valleys in 2060 samples (20.6s), HR: 89 bpm
2025-08-12 16:06:44,120 - DEBUG - Created 16 valley-based slices from 31 valleys
2025-08-12 16:06:44,121 - DEBUG - Generated 16 valley-based slices from seg1
2025-08-12 16:06:44,121 - DEBUG - Processing 00049 - seg7
2025-08-12 16:06:45,214 - DEBUG - Loading Omron data from: /root/ppg2bp/data/omron.csv
2025-08-12 16:06:45,222 - DEBUG - Loaded and stored Omron data for key '00042_seg1' and '00042_seg7'
2025-08-12 16:06:45,223 - DEBUG - Loaded and stored Omron data for key '00043_seg1' and '00043_seg7'
2025-08-12 16:06:45,223 - DEBUG - Loaded and stored Omron data for key '00044_seg1' and '00044_seg7'
2025-08-12 16:06:45,223 - DEBUG - Loaded and stored Omron data for key '00016_seg1' and '00016_seg7'
2025-08-12 16:06:45,223 - DEBUG - Loaded and stored Omron data for key '00045_seg1' and '00045_seg7'
2025-08-12 16:06:45,223 - DEBUG - Loaded and stored Omron data for key '00047_seg1' and '00047_seg7'
2025-08-12 16:06:45,223 - DEBUG - Loaded and stored Omron data for key '00048_seg1' and '00048_seg7'
2025-08-12 16:06:45,223 - DEBUG - Loaded and stored Omron data for key '00049_seg1' and '00049_seg7'
2025-08-12 16:06:45,223 - DEBUG - Loaded and stored Omron data for key '00050_seg1' and '00050_seg7'
2025-08-12 16:06:45,223 - DEBUG - Loaded and stored Omron data for key '00051_seg1' and '00051_seg7'
2025-08-12 16:06:45,223 - DEBUG - Loaded and stored Omron data for key '00052_seg1' and '00052_seg7'
2025-08-12 16:06:45,224 - DEBUG - Loaded and stored Omron data for key '00003_seg1' and '00003_seg7'
2025-08-12 16:06:45,224 - DEBUG - Loaded and stored Omron data for key '00053_seg1' and '00053_seg7'
2025-08-12 16:06:45,224 - DEBUG - Loaded and stored Omron data for key '00054_seg1' and '00054_seg7'
2025-08-12 16:06:45,224 - DEBUG - Loaded and stored Omron data for key '00055_seg1' and '00055_seg7'
2025-08-12 16:06:45,224 - DEBUG - Loaded and stored Omron data for key '00056_seg1' and '00056_seg7'
2025-08-12 16:06:45,224 - DEBUG - Loaded and stored Omron data for key '00057_seg1' and '00057_seg7'
2025-08-12 16:06:45,224 - DEBUG - Loaded and stored Omron data for key '00058_seg1' and '00058_seg7'
2025-08-12 16:06:45,224 - DEBUG - Loaded and stored Omron data for key '00059_seg1' and '00059_seg7'
2025-08-12 16:06:45,224 - DEBUG - Loaded and stored Omron data for key '00060_seg1' and '00060_seg7'
2025-08-12 16:06:45,224 - DEBUG - Loaded and stored Omron data for key '00061_seg1' and '00061_seg7'
2025-08-12 16:06:45,224 - DEBUG - Loaded and stored Omron data for key '00062_seg1' and '00062_seg7'
2025-08-12 16:06:45,225 - DEBUG - Loaded and stored Omron data for key '00063_seg1' and '00063_seg7'
2025-08-12 16:06:45,225 - DEBUG - Loaded and stored Omron data for key '00064_seg1' and '00064_seg7'
2025-08-12 16:06:45,225 - DEBUG - Loaded and stored Omron data for key '00065_seg1' and '00065_seg7'
2025-08-12 16:06:45,225 - DEBUG - Loaded and stored Omron data for key '00066_seg1' and '00066_seg7'
2025-08-12 16:06:45,225 - DEBUG - Loaded and stored Omron data for key '00067_seg1' and '00067_seg7'
2025-08-12 16:06:45,225 - DEBUG - Loaded and stored Omron data for key '00068_seg1' and '00068_seg7'
2025-08-12 16:06:45,225 - DEBUG - Loaded and stored Omron data for key '00069_seg1' and '00069_seg7'
2025-08-12 16:06:45,225 - DEBUG - Loaded and stored Omron data for key '00070_seg1' and '00070_seg7'
2025-08-12 16:06:45,225 - DEBUG - Loaded and stored Omron data for key '00071_seg1' and '00071_seg7'
2025-08-12 16:06:45,225 - DEBUG - Loaded and stored Omron data for key '00072_seg1' and '00072_seg7'
2025-08-12 16:06:45,225 - DEBUG - Loaded and stored Omron data for key '00073_seg1' and '00073_seg7'
2025-08-12 16:06:45,225 - DEBUG - Loaded and stored Omron data for key '00074_seg1' and '00074_seg7'
2025-08-12 16:06:45,226 - DEBUG - Loaded and stored Omron data for key '00075_seg1' and '00075_seg7'
2025-08-12 16:06:45,226 - DEBUG - Loaded and stored Omron data for key '00076_seg1' and '00076_seg7'
2025-08-12 16:06:45,226 - DEBUG - Loaded and stored Omron data for key '00077_seg1' and '00077_seg7'
2025-08-12 16:06:45,226 - DEBUG - Loaded and stored Omron data for key '00078_seg1' and '00078_seg7'
2025-08-12 16:06:45,226 - DEBUG - Loaded and stored Omron data for key '00079_seg1' and '00079_seg7'
2025-08-12 16:06:45,226 - DEBUG - Loaded and stored Omron data for key '00080_seg1' and '00080_seg7'
2025-08-12 16:06:45,226 - DEBUG - Loaded and stored Omron data for key '00081_seg1' and '00081_seg7'
2025-08-12 16:06:45,226 - DEBUG - Loaded and stored Omron data for key '00082_seg1' and '00082_seg7'
2025-08-12 16:06:45,226 - DEBUG - Loaded and stored Omron data for key '00083_seg1' and '00083_seg7'
2025-08-12 16:06:45,226 - DEBUG - Loaded and stored Omron data for key '00084_seg1' and '00084_seg7'
2025-08-12 16:06:45,226 - DEBUG - Loaded and stored Omron data for key '00085_seg1' and '00085_seg7'
2025-08-12 16:06:45,227 - DEBUG - Loaded and stored Omron data for key '00086_seg1' and '00086_seg7'
2025-08-12 16:06:45,227 - DEBUG - Loaded and stored Omron data for key '00087_seg1' and '00087_seg7'
2025-08-12 16:06:45,227 - DEBUG - Loaded and stored Omron data for key '00088_seg1' and '00088_seg7'
2025-08-12 16:06:45,227 - DEBUG - Loaded and stored Omron data for key '00089_seg1' and '00089_seg7'
2025-08-12 16:06:45,227 - DEBUG - Loaded and stored Omron data for key '00090_seg1' and '00090_seg7'
2025-08-12 16:06:45,227 - DEBUG - Loaded and stored Omron data for key '00091_seg1' and '00091_seg7'
2025-08-12 16:06:45,227 - DEBUG - Loaded and stored Omron data for key '00092_seg1' and '00092_seg7'
2025-08-12 16:06:45,227 - DEBUG - Loaded and stored Omron data for key '00093_seg1' and '00093_seg7'
2025-08-12 16:06:45,227 - DEBUG - Loaded and stored Omron data for key '00094_seg1' and '00094_seg7'
2025-08-12 16:06:45,227 - DEBUG - Loaded and stored Omron data for key '00095_seg1' and '00095_seg7'
2025-08-12 16:06:45,227 - DEBUG - Loaded and stored Omron data for key '00096_seg1' and '00096_seg7'
2025-08-12 16:06:45,227 - DEBUG - Loaded and stored Omron data for key '00097_seg1' and '00097_seg7'
2025-08-12 16:06:45,228 - DEBUG - Loaded and stored Omron data for key '00098_seg1' and '00098_seg7'
2025-08-12 16:06:45,228 - DEBUG - Loaded and stored Omron data for key '00099_seg1' and '00099_seg7'
2025-08-12 16:06:45,228 - DEBUG - Loaded and stored Omron data for key '00100_seg1' and '00100_seg7'
2025-08-12 16:06:45,228 - DEBUG - Loaded and stored Omron data for key '00101_seg1' and '00101_seg7'
2025-08-12 16:06:45,228 - DEBUG - Loaded and stored Omron data for key '00102_seg1' and '00102_seg7'
2025-08-12 16:06:45,228 - DEBUG - Loaded and stored Omron data for key '00103_seg1' and '00103_seg7'
2025-08-12 16:06:45,228 - DEBUG - Loaded and stored Omron data for key '00105_seg1' and '00105_seg7'
2025-08-12 16:06:45,228 - DEBUG - Loaded and stored Omron data for key '00106_seg1' and '00106_seg7'
2025-08-12 16:06:45,228 - DEBUG - Loaded and stored Omron data for key '00107_seg1' and '00107_seg7'
2025-08-12 16:06:45,228 - DEBUG - Loaded and stored Omron data for key '00108_seg1' and '00108_seg7'
2025-08-12 16:06:45,228 - DEBUG - Loaded and stored Omron data for key '00109_seg1' and '00109_seg7'
2025-08-12 16:06:45,229 - DEBUG - Loaded and stored Omron data for key '00110_seg1' and '00110_seg7'
2025-08-12 16:06:45,229 - DEBUG - Loaded and stored Omron data for key '00111_seg1' and '00111_seg7'
2025-08-12 16:06:45,229 - DEBUG - Loaded and stored Omron data for key '00112_seg1' and '00112_seg7'
2025-08-12 16:06:45,440 - DEBUG - Biopac BP values for seg1: SBP=100.0, DBP=61.9 (zeros excluded)
2025-08-12 16:06:45,443 - DEBUG - No shift for 00049, delta too large (11.9 mmHg)
2025-08-12 16:06:46,825 - DEBUG - Saved calibrated BP data to: ./data/processed/moved/00049/seg7_bp.csv
2025-08-12 16:06:47,147 - DEBUG - Filtering: 33340 points, range before=(104440.0000, 109856.0000), after=(-409.3202, 553.9934)
2025-08-12 16:06:47,433 - DEBUG - Filtering: 33339 points, range before=(137967.0000, 142151.0000), after=(-476.7451, 603.6571)
2025-08-12 16:06:47,942 - DEBUG - Filtering: 33338 points, range before=(98646.0000, 106596.0000), after=(-211.5505, 164.1667)
2025-08-12 16:06:48,448 - DEBUG - Filtering: 33339 points, range before=(3660.0000, 10527.0000), after=(-465.6257, 583.3036)
2025-08-12 16:06:48,455 - DEBUG - Available sensors for seg7: ['sensor2', 'sensor3', 'sensor4', 'sensor5'] (4/4)
2025-08-12 16:06:49,243 - DEBUG - Loaded HR data: average 102.7 bpm
2025-08-12 16:06:49,245 - DEBUG - Using provided HR: 102.7 bpm, RR interval: 0.584s
2025-08-12 16:06:49,439 - DEBUG - Found 0 BP valleys in 30001 samples (300.0s), HR: 103 bpm
2025-08-12 16:06:49,439 - DEBUG - Warning: Insufficient BP valleys found, using original slicing method
2025-08-12 16:06:49,442 - DEBUG - Generated 290 valley-based slices from seg7
2025-08-12 16:06:49,442 - DEBUG - Loading Omron data from: /root/ppg2bp/data/omron.csv
2025-08-12 16:06:49,444 - DEBUG - Loaded and stored Omron data for key '00042_seg1' and '00042_seg7'
2025-08-12 16:06:49,444 - DEBUG - Loaded and stored Omron data for key '00043_seg1' and '00043_seg7'
2025-08-12 16:06:49,444 - DEBUG - Loaded and stored Omron data for key '00044_seg1' and '00044_seg7'
2025-08-12 16:06:49,444 - DEBUG - Loaded and stored Omron data for key '00016_seg1' and '00016_seg7'
2025-08-12 16:06:49,444 - DEBUG - Loaded and stored Omron data for key '00045_seg1' and '00045_seg7'
2025-08-12 16:06:49,444 - DEBUG - Loaded and stored Omron data for key '00047_seg1' and '00047_seg7'
2025-08-12 16:06:49,444 - DEBUG - Loaded and stored Omron data for key '00048_seg1' and '00048_seg7'
2025-08-12 16:06:49,445 - DEBUG - Loaded and stored Omron data for key '00049_seg1' and '00049_seg7'
2025-08-12 16:06:49,445 - DEBUG - Loaded and stored Omron data for key '00050_seg1' and '00050_seg7'
2025-08-12 16:06:49,445 - DEBUG - Loaded and stored Omron data for key '00051_seg1' and '00051_seg7'
2025-08-12 16:06:49,445 - DEBUG - Loaded and stored Omron data for key '00052_seg1' and '00052_seg7'
2025-08-12 16:06:49,445 - DEBUG - Loaded and stored Omron data for key '00003_seg1' and '00003_seg7'
2025-08-12 16:06:49,445 - DEBUG - Loaded and stored Omron data for key '00053_seg1' and '00053_seg7'
2025-08-12 16:06:49,445 - DEBUG - Loaded and stored Omron data for key '00054_seg1' and '00054_seg7'
2025-08-12 16:06:49,445 - DEBUG - Loaded and stored Omron data for key '00055_seg1' and '00055_seg7'
2025-08-12 16:06:49,445 - DEBUG - Loaded and stored Omron data for key '00056_seg1' and '00056_seg7'
2025-08-12 16:06:49,445 - DEBUG - Loaded and stored Omron data for key '00057_seg1' and '00057_seg7'
2025-08-12 16:06:49,445 - DEBUG - Loaded and stored Omron data for key '00058_seg1' and '00058_seg7'
2025-08-12 16:06:49,446 - DEBUG - Loaded and stored Omron data for key '00059_seg1' and '00059_seg7'
2025-08-12 16:06:49,446 - DEBUG - Loaded and stored Omron data for key '00060_seg1' and '00060_seg7'
2025-08-12 16:06:49,446 - DEBUG - Loaded and stored Omron data for key '00061_seg1' and '00061_seg7'
2025-08-12 16:06:49,446 - DEBUG - Loaded and stored Omron data for key '00062_seg1' and '00062_seg7'
2025-08-12 16:06:49,446 - DEBUG - Loaded and stored Omron data for key '00063_seg1' and '00063_seg7'
2025-08-12 16:06:49,446 - DEBUG - Loaded and stored Omron data for key '00064_seg1' and '00064_seg7'
2025-08-12 16:06:49,446 - DEBUG - Loaded and stored Omron data for key '00065_seg1' and '00065_seg7'
2025-08-12 16:06:49,446 - DEBUG - Loaded and stored Omron data for key '00066_seg1' and '00066_seg7'
2025-08-12 16:06:49,446 - DEBUG - Loaded and stored Omron data for key '00067_seg1' and '00067_seg7'
2025-08-12 16:06:49,446 - DEBUG - Loaded and stored Omron data for key '00068_seg1' and '00068_seg7'
2025-08-12 16:06:49,446 - DEBUG - Loaded and stored Omron data for key '00069_seg1' and '00069_seg7'
2025-08-12 16:06:49,447 - DEBUG - Loaded and stored Omron data for key '00070_seg1' and '00070_seg7'
2025-08-12 16:06:49,447 - DEBUG - Loaded and stored Omron data for key '00071_seg1' and '00071_seg7'
2025-08-12 16:06:49,447 - DEBUG - Loaded and stored Omron data for key '00072_seg1' and '00072_seg7'
2025-08-12 16:06:49,447 - DEBUG - Loaded and stored Omron data for key '00073_seg1' and '00073_seg7'
2025-08-12 16:06:49,447 - DEBUG - Loaded and stored Omron data for key '00074_seg1' and '00074_seg7'
2025-08-12 16:06:49,447 - DEBUG - Loaded and stored Omron data for key '00075_seg1' and '00075_seg7'
2025-08-12 16:06:49,447 - DEBUG - Loaded and stored Omron data for key '00076_seg1' and '00076_seg7'
2025-08-12 16:06:49,447 - DEBUG - Loaded and stored Omron data for key '00077_seg1' and '00077_seg7'
2025-08-12 16:06:49,447 - DEBUG - Loaded and stored Omron data for key '00078_seg1' and '00078_seg7'
2025-08-12 16:06:49,448 - DEBUG - Loaded and stored Omron data for key '00079_seg1' and '00079_seg7'
2025-08-12 16:06:49,448 - DEBUG - Loaded and stored Omron data for key '00080_seg1' and '00080_seg7'
2025-08-12 16:06:49,448 - DEBUG - Loaded and stored Omron data for key '00081_seg1' and '00081_seg7'
2025-08-12 16:06:49,448 - DEBUG - Loaded and stored Omron data for key '00082_seg1' and '00082_seg7'
2025-08-12 16:06:49,448 - DEBUG - Loaded and stored Omron data for key '00083_seg1' and '00083_seg7'
2025-08-12 16:06:49,448 - DEBUG - Loaded and stored Omron data for key '00084_seg1' and '00084_seg7'
2025-08-12 16:06:49,448 - DEBUG - Loaded and stored Omron data for key '00085_seg1' and '00085_seg7'
2025-08-12 16:06:49,448 - DEBUG - Loaded and stored Omron data for key '00086_seg1' and '00086_seg7'
2025-08-12 16:06:49,448 - DEBUG - Loaded and stored Omron data for key '00087_seg1' and '00087_seg7'
2025-08-12 16:06:49,449 - DEBUG - Loaded and stored Omron data for key '00088_seg1' and '00088_seg7'
2025-08-12 16:06:49,449 - DEBUG - Loaded and stored Omron data for key '00089_seg1' and '00089_seg7'
2025-08-12 16:06:49,449 - DEBUG - Loaded and stored Omron data for key '00090_seg1' and '00090_seg7'
2025-08-12 16:06:49,449 - DEBUG - Loaded and stored Omron data for key '00091_seg1' and '00091_seg7'
2025-08-12 16:06:49,449 - DEBUG - Loaded and stored Omron data for key '00092_seg1' and '00092_seg7'
2025-08-12 16:06:49,449 - DEBUG - Loaded and stored Omron data for key '00093_seg1' and '00093_seg7'
2025-08-12 16:06:49,449 - DEBUG - Loaded and stored Omron data for key '00094_seg1' and '00094_seg7'
2025-08-12 16:06:49,449 - DEBUG - Loaded and stored Omron data for key '00095_seg1' and '00095_seg7'
2025-08-12 16:06:49,450 - DEBUG - Loaded and stored Omron data for key '00096_seg1' and '00096_seg7'
2025-08-12 16:06:49,450 - DEBUG - Loaded and stored Omron data for key '00097_seg1' and '00097_seg7'
2025-08-12 16:06:49,450 - DEBUG - Loaded and stored Omron data for key '00098_seg1' and '00098_seg7'
2025-08-12 16:06:49,450 - DEBUG - Loaded and stored Omron data for key '00099_seg1' and '00099_seg7'
2025-08-12 16:06:49,450 - DEBUG - Loaded and stored Omron data for key '00100_seg1' and '00100_seg7'
2025-08-12 16:06:49,450 - DEBUG - Loaded and stored Omron data for key '00101_seg1' and '00101_seg7'
2025-08-12 16:06:49,453 - DEBUG - Loaded and stored Omron data for key '00102_seg1' and '00102_seg7'
2025-08-12 16:06:49,457 - DEBUG - Loaded and stored Omron data for key '00103_seg1' and '00103_seg7'
2025-08-12 16:06:49,457 - DEBUG - Loaded and stored Omron data for key '00105_seg1' and '00105_seg7'
2025-08-12 16:06:49,458 - DEBUG - Loaded and stored Omron data for key '00106_seg1' and '00106_seg7'
2025-08-12 16:06:49,458 - DEBUG - Loaded and stored Omron data for key '00107_seg1' and '00107_seg7'
2025-08-12 16:06:49,458 - DEBUG - Loaded and stored Omron data for key '00108_seg1' and '00108_seg7'
2025-08-12 16:06:49,458 - DEBUG - Loaded and stored Omron data for key '00109_seg1' and '00109_seg7'
2025-08-12 16:06:49,459 - DEBUG - Loaded and stored Omron data for key '00110_seg1' and '00110_seg7'
2025-08-12 16:06:49,459 - DEBUG - Loaded and stored Omron data for key '00111_seg1' and '00111_seg7'
2025-08-12 16:06:49,463 - DEBUG - Loaded and stored Omron data for key '00112_seg1' and '00112_seg7'
2025-08-12 16:06:54,740 - DEBUG - Biopac BP values for seg1: SBP=82.7, DBP=50.5 (zeros excluded)
2025-08-12 16:06:54,846 - DEBUG - Calculated shift amount for 00050: +20.9 mmHg
2025-08-12 16:06:54,846 - DEBUG - Processing 00050 - seg1
2025-08-12 16:07:02,526 - DEBUG - Saved calibrated BP data to: ./data/processed/moved/00050/seg1_bp.csv
2025-08-12 16:07:03,695 - DEBUG - Filtering: 66673 points, range before=(52882.0000, 63676.0000), after=(-1015.0285, 1483.2432)
2025-08-12 16:07:04,775 - DEBUG - Filtering: 66672 points, range before=(135126.0000, 139284.0000), after=(-658.4251, 942.9293)
2025-08-12 16:07:05,945 - DEBUG - Filtering: 66672 points, range before=(114310.0000, 119954.0000), after=(-1597.8279, 1283.8999)
2025-08-12 16:07:07,207 - DEBUG - Filtering: 66673 points, range before=(8499.0000, 62682.0000), after=(-8019.7190, 7878.4910)
2025-08-12 16:07:07,220 - DEBUG - Available sensors for seg1: ['sensor2', 'sensor3', 'sensor4', 'sensor5'] (4/4)
2025-08-12 16:07:10,830 - DEBUG - Loaded HR data: average 90.3 bpm
2025-08-12 16:07:10,979 - DEBUG - Using provided HR: 90.3 bpm, RR interval: 0.664s
2025-08-12 16:07:11,221 - DEBUG - Found 902 BP valleys in 60001 samples (600.0s), HR: 90 bpm
2025-08-12 16:07:11,237 - DEBUG - Created 887 valley-based slices from 902 valleys
2025-08-12 16:07:11,238 - DEBUG - Generated 887 valley-based slices from seg1
2025-08-12 16:07:11,239 - DEBUG - Processing 00050 - seg7
2025-08-12 16:07:13,892 - DEBUG - Saved calibrated BP data to: ./data/processed/moved/00050/seg7_bp.csv
2025-08-12 16:07:14,600 - DEBUG - Filtering: 33338 points, range before=(61492.0000, 74927.0000), after=(-1576.1335, 1509.6230)
2025-08-12 16:07:15,170 - DEBUG - Filtering: 33338 points, range before=(134539.0000, 138429.0000), after=(-770.6347, 1140.2133)
2025-08-12 16:07:15,747 - DEBUG - Filtering: 33339 points, range before=(121083.0000, 125800.0000), after=(-952.7153, 1309.6074)
2025-08-12 16:07:16,398 - DEBUG - Filtering: 33340 points, range before=(26781.0000, 132014.0000), after=(-33456.6911, 37663.8429)
2025-08-12 16:07:16,407 - DEBUG - Available sensors for seg7: ['sensor2', 'sensor3', 'sensor4', 'sensor5'] (4/4)
2025-08-12 16:07:17,434 - DEBUG - Loaded HR data: average 82.1 bpm
2025-08-12 16:07:17,449 - DEBUG - Using provided HR: 82.1 bpm, RR interval: 0.731s
2025-08-12 16:07:17,531 - DEBUG - Found 0 BP valleys in 30002 samples (300.0s), HR: 82 bpm
2025-08-12 16:07:17,532 - DEBUG - Warning: Insufficient BP valleys found, using original slicing method
2025-08-12 16:07:17,539 - DEBUG - Generated 290 valley-based slices from seg7
2025-08-12 16:07:17,540 - DEBUG - Loading Omron data from: /root/ppg2bp/data/omron.csv
2025-08-12 16:07:17,546 - DEBUG - Loaded and stored Omron data for key '00042_seg1' and '00042_seg7'
2025-08-12 16:07:17,546 - DEBUG - Loaded and stored Omron data for key '00043_seg1' and '00043_seg7'
2025-08-12 16:07:17,546 - DEBUG - Loaded and stored Omron data for key '00044_seg1' and '00044_seg7'
2025-08-12 16:07:17,546 - DEBUG - Loaded and stored Omron data for key '00016_seg1' and '00016_seg7'
2025-08-12 16:07:17,547 - DEBUG - Loaded and stored Omron data for key '00045_seg1' and '00045_seg7'
2025-08-12 16:07:17,547 - DEBUG - Loaded and stored Omron data for key '00047_seg1' and '00047_seg7'
2025-08-12 16:07:17,547 - DEBUG - Loaded and stored Omron data for key '00048_seg1' and '00048_seg7'
2025-08-12 16:07:17,547 - DEBUG - Loaded and stored Omron data for key '00049_seg1' and '00049_seg7'
2025-08-12 16:07:17,547 - DEBUG - Loaded and stored Omron data for key '00050_seg1' and '00050_seg7'
2025-08-12 16:07:17,548 - DEBUG - Loaded and stored Omron data for key '00051_seg1' and '00051_seg7'
2025-08-12 16:07:17,548 - DEBUG - Loaded and stored Omron data for key '00052_seg1' and '00052_seg7'
2025-08-12 16:07:17,548 - DEBUG - Loaded and stored Omron data for key '00003_seg1' and '00003_seg7'
2025-08-12 16:07:17,548 - DEBUG - Loaded and stored Omron data for key '00053_seg1' and '00053_seg7'
2025-08-12 16:07:17,548 - DEBUG - Loaded and stored Omron data for key '00054_seg1' and '00054_seg7'
2025-08-12 16:07:17,548 - DEBUG - Loaded and stored Omron data for key '00055_seg1' and '00055_seg7'
2025-08-12 16:07:17,548 - DEBUG - Loaded and stored Omron data for key '00056_seg1' and '00056_seg7'
2025-08-12 16:07:17,549 - DEBUG - Loaded and stored Omron data for key '00057_seg1' and '00057_seg7'
2025-08-12 16:07:17,549 - DEBUG - Loaded and stored Omron data for key '00058_seg1' and '00058_seg7'
2025-08-12 16:07:17,549 - DEBUG - Loaded and stored Omron data for key '00059_seg1' and '00059_seg7'
2025-08-12 16:07:17,549 - DEBUG - Loaded and stored Omron data for key '00060_seg1' and '00060_seg7'
2025-08-12 16:07:17,549 - DEBUG - Loaded and stored Omron data for key '00061_seg1' and '00061_seg7'
2025-08-12 16:07:17,549 - DEBUG - Loaded and stored Omron data for key '00062_seg1' and '00062_seg7'
2025-08-12 16:07:17,549 - DEBUG - Loaded and stored Omron data for key '00063_seg1' and '00063_seg7'
2025-08-12 16:07:17,550 - DEBUG - Loaded and stored Omron data for key '00064_seg1' and '00064_seg7'
2025-08-12 16:07:17,550 - DEBUG - Loaded and stored Omron data for key '00065_seg1' and '00065_seg7'
2025-08-12 16:07:17,550 - DEBUG - Loaded and stored Omron data for key '00066_seg1' and '00066_seg7'
2025-08-12 16:07:17,554 - DEBUG - Loaded and stored Omron data for key '00067_seg1' and '00067_seg7'
2025-08-12 16:07:17,555 - DEBUG - Loaded and stored Omron data for key '00068_seg1' and '00068_seg7'
2025-08-12 16:07:17,556 - DEBUG - Loaded and stored Omron data for key '00069_seg1' and '00069_seg7'
2025-08-12 16:07:17,557 - DEBUG - Loaded and stored Omron data for key '00070_seg1' and '00070_seg7'
2025-08-12 16:07:17,560 - DEBUG - Loaded and stored Omron data for key '00071_seg1' and '00071_seg7'
2025-08-12 16:07:17,562 - DEBUG - Loaded and stored Omron data for key '00072_seg1' and '00072_seg7'
2025-08-12 16:07:17,563 - DEBUG - Loaded and stored Omron data for key '00073_seg1' and '00073_seg7'
2025-08-12 16:07:17,564 - DEBUG - Loaded and stored Omron data for key '00074_seg1' and '00074_seg7'
2025-08-12 16:07:17,564 - DEBUG - Loaded and stored Omron data for key '00075_seg1' and '00075_seg7'
2025-08-12 16:07:17,565 - DEBUG - Loaded and stored Omron data for key '00076_seg1' and '00076_seg7'
2025-08-12 16:07:17,565 - DEBUG - Loaded and stored Omron data for key '00077_seg1' and '00077_seg7'
2025-08-12 16:07:17,567 - DEBUG - Loaded and stored Omron data for key '00078_seg1' and '00078_seg7'
2025-08-12 16:07:17,567 - DEBUG - Loaded and stored Omron data for key '00079_seg1' and '00079_seg7'
2025-08-12 16:07:17,568 - DEBUG - Loaded and stored Omron data for key '00080_seg1' and '00080_seg7'
2025-08-12 16:07:17,568 - DEBUG - Loaded and stored Omron data for key '00081_seg1' and '00081_seg7'
2025-08-12 16:07:17,569 - DEBUG - Loaded and stored Omron data for key '00082_seg1' and '00082_seg7'
2025-08-12 16:07:17,569 - DEBUG - Loaded and stored Omron data for key '00083_seg1' and '00083_seg7'
2025-08-12 16:07:17,570 - DEBUG - Loaded and stored Omron data for key '00084_seg1' and '00084_seg7'
2025-08-12 16:07:17,571 - DEBUG - Loaded and stored Omron data for key '00085_seg1' and '00085_seg7'
2025-08-12 16:07:17,572 - DEBUG - Loaded and stored Omron data for key '00086_seg1' and '00086_seg7'
2025-08-12 16:07:17,572 - DEBUG - Loaded and stored Omron data for key '00087_seg1' and '00087_seg7'
2025-08-12 16:07:17,573 - DEBUG - Loaded and stored Omron data for key '00088_seg1' and '00088_seg7'
2025-08-12 16:07:17,574 - DEBUG - Loaded and stored Omron data for key '00089_seg1' and '00089_seg7'
2025-08-12 16:07:17,574 - DEBUG - Loaded and stored Omron data for key '00090_seg1' and '00090_seg7'
2025-08-12 16:07:17,575 - DEBUG - Loaded and stored Omron data for key '00091_seg1' and '00091_seg7'
2025-08-12 16:07:17,575 - DEBUG - Loaded and stored Omron data for key '00092_seg1' and '00092_seg7'
2025-08-12 16:07:17,576 - DEBUG - Loaded and stored Omron data for key '00093_seg1' and '00093_seg7'
2025-08-12 16:07:17,577 - DEBUG - Loaded and stored Omron data for key '00094_seg1' and '00094_seg7'
2025-08-12 16:07:17,578 - DEBUG - Loaded and stored Omron data for key '00095_seg1' and '00095_seg7'
2025-08-12 16:07:17,578 - DEBUG - Loaded and stored Omron data for key '00096_seg1' and '00096_seg7'
2025-08-12 16:07:17,579 - DEBUG - Loaded and stored Omron data for key '00097_seg1' and '00097_seg7'
2025-08-12 16:07:17,581 - DEBUG - Loaded and stored Omron data for key '00098_seg1' and '00098_seg7'
2025-08-12 16:07:17,581 - DEBUG - Loaded and stored Omron data for key '00099_seg1' and '00099_seg7'
2025-08-12 16:07:17,581 - DEBUG - Loaded and stored Omron data for key '00100_seg1' and '00100_seg7'
2025-08-12 16:07:17,582 - DEBUG - Loaded and stored Omron data for key '00101_seg1' and '00101_seg7'
2025-08-12 16:07:17,582 - DEBUG - Loaded and stored Omron data for key '00102_seg1' and '00102_seg7'
2025-08-12 16:07:17,584 - DEBUG - Loaded and stored Omron data for key '00103_seg1' and '00103_seg7'
2025-08-12 16:07:17,585 - DEBUG - Loaded and stored Omron data for key '00105_seg1' and '00105_seg7'
2025-08-12 16:07:17,585 - DEBUG - Loaded and stored Omron data for key '00106_seg1' and '00106_seg7'
2025-08-12 16:07:17,585 - DEBUG - Loaded and stored Omron data for key '00107_seg1' and '00107_seg7'
2025-08-12 16:07:17,586 - DEBUG - Loaded and stored Omron data for key '00108_seg1' and '00108_seg7'
2025-08-12 16:07:17,586 - DEBUG - Loaded and stored Omron data for key '00109_seg1' and '00109_seg7'
2025-08-12 16:07:17,586 - DEBUG - Loaded and stored Omron data for key '00110_seg1' and '00110_seg7'
2025-08-12 16:07:17,586 - DEBUG - Loaded and stored Omron data for key '00111_seg1' and '00111_seg7'
2025-08-12 16:07:17,586 - DEBUG - Loaded and stored Omron data for key '00112_seg1' and '00112_seg7'
2025-08-12 16:07:25,518 - DEBUG - Biopac BP values for seg1: SBP=95.3, DBP=63.6 (zeros excluded)
2025-08-12 16:07:25,816 - DEBUG - No shift for 00051, delta too large (12.3 mmHg)
2025-08-12 16:07:25,817 - DEBUG - Processing 00051 - seg1
2025-08-12 16:07:30,312 - DEBUG - Loading Omron data from: /root/ppg2bp/data/omron.csv
2025-08-12 16:07:30,318 - DEBUG - Loaded and stored Omron data for key '00042_seg1' and '00042_seg7'
2025-08-12 16:07:30,319 - DEBUG - Loaded and stored Omron data for key '00043_seg1' and '00043_seg7'
2025-08-12 16:07:30,319 - DEBUG - Loaded and stored Omron data for key '00044_seg1' and '00044_seg7'
2025-08-12 16:07:30,319 - DEBUG - Loaded and stored Omron data for key '00016_seg1' and '00016_seg7'
2025-08-12 16:07:30,319 - DEBUG - Loaded and stored Omron data for key '00045_seg1' and '00045_seg7'
2025-08-12 16:07:30,319 - DEBUG - Loaded and stored Omron data for key '00047_seg1' and '00047_seg7'
2025-08-12 16:07:30,319 - DEBUG - Loaded and stored Omron data for key '00048_seg1' and '00048_seg7'
2025-08-12 16:07:30,319 - DEBUG - Loaded and stored Omron data for key '00049_seg1' and '00049_seg7'
2025-08-12 16:07:30,319 - DEBUG - Loaded and stored Omron data for key '00050_seg1' and '00050_seg7'
2025-08-12 16:07:30,319 - DEBUG - Loaded and stored Omron data for key '00051_seg1' and '00051_seg7'
2025-08-12 16:07:30,320 - DEBUG - Loaded and stored Omron data for key '00052_seg1' and '00052_seg7'
2025-08-12 16:07:30,320 - DEBUG - Loaded and stored Omron data for key '00003_seg1' and '00003_seg7'
2025-08-12 16:07:30,320 - DEBUG - Loaded and stored Omron data for key '00053_seg1' and '00053_seg7'
2025-08-12 16:07:30,320 - DEBUG - Loaded and stored Omron data for key '00054_seg1' and '00054_seg7'
2025-08-12 16:07:30,320 - DEBUG - Loaded and stored Omron data for key '00055_seg1' and '00055_seg7'
2025-08-12 16:07:30,320 - DEBUG - Loaded and stored Omron data for key '00056_seg1' and '00056_seg7'
2025-08-12 16:07:30,320 - DEBUG - Loaded and stored Omron data for key '00057_seg1' and '00057_seg7'
2025-08-12 16:07:30,320 - DEBUG - Loaded and stored Omron data for key '00058_seg1' and '00058_seg7'
2025-08-12 16:07:30,320 - DEBUG - Loaded and stored Omron data for key '00059_seg1' and '00059_seg7'
2025-08-12 16:07:30,321 - DEBUG - Loaded and stored Omron data for key '00060_seg1' and '00060_seg7'
2025-08-12 16:07:30,321 - DEBUG - Loaded and stored Omron data for key '00061_seg1' and '00061_seg7'
2025-08-12 16:07:30,321 - DEBUG - Loaded and stored Omron data for key '00062_seg1' and '00062_seg7'
2025-08-12 16:07:30,321 - DEBUG - Loaded and stored Omron data for key '00063_seg1' and '00063_seg7'
2025-08-12 16:07:30,321 - DEBUG - Loaded and stored Omron data for key '00064_seg1' and '00064_seg7'
2025-08-12 16:07:30,321 - DEBUG - Loaded and stored Omron data for key '00065_seg1' and '00065_seg7'
2025-08-12 16:07:30,321 - DEBUG - Loaded and stored Omron data for key '00066_seg1' and '00066_seg7'
2025-08-12 16:07:30,321 - DEBUG - Loaded and stored Omron data for key '00067_seg1' and '00067_seg7'
2025-08-12 16:07:30,321 - DEBUG - Loaded and stored Omron data for key '00068_seg1' and '00068_seg7'
2025-08-12 16:07:30,321 - DEBUG - Loaded and stored Omron data for key '00069_seg1' and '00069_seg7'
2025-08-12 16:07:30,321 - DEBUG - Loaded and stored Omron data for key '00070_seg1' and '00070_seg7'
2025-08-12 16:07:30,322 - DEBUG - Loaded and stored Omron data for key '00071_seg1' and '00071_seg7'
2025-08-12 16:07:30,322 - DEBUG - Loaded and stored Omron data for key '00072_seg1' and '00072_seg7'
2025-08-12 16:07:30,322 - DEBUG - Loaded and stored Omron data for key '00073_seg1' and '00073_seg7'
2025-08-12 16:07:30,322 - DEBUG - Loaded and stored Omron data for key '00074_seg1' and '00074_seg7'
2025-08-12 16:07:30,322 - DEBUG - Loaded and stored Omron data for key '00075_seg1' and '00075_seg7'
2025-08-12 16:07:30,322 - DEBUG - Loaded and stored Omron data for key '00076_seg1' and '00076_seg7'
2025-08-12 16:07:30,322 - DEBUG - Loaded and stored Omron data for key '00077_seg1' and '00077_seg7'
2025-08-12 16:07:30,322 - DEBUG - Loaded and stored Omron data for key '00078_seg1' and '00078_seg7'
2025-08-12 16:07:30,322 - DEBUG - Loaded and stored Omron data for key '00079_seg1' and '00079_seg7'
2025-08-12 16:07:30,323 - DEBUG - Loaded and stored Omron data for key '00080_seg1' and '00080_seg7'
2025-08-12 16:07:30,323 - DEBUG - Loaded and stored Omron data for key '00081_seg1' and '00081_seg7'
2025-08-12 16:07:30,323 - DEBUG - Loaded and stored Omron data for key '00082_seg1' and '00082_seg7'
2025-08-12 16:07:30,323 - DEBUG - Loaded and stored Omron data for key '00083_seg1' and '00083_seg7'
2025-08-12 16:07:30,323 - DEBUG - Loaded and stored Omron data for key '00084_seg1' and '00084_seg7'
2025-08-12 16:07:30,323 - DEBUG - Loaded and stored Omron data for key '00085_seg1' and '00085_seg7'
2025-08-12 16:07:30,323 - DEBUG - Loaded and stored Omron data for key '00086_seg1' and '00086_seg7'
2025-08-12 16:07:30,323 - DEBUG - Loaded and stored Omron data for key '00087_seg1' and '00087_seg7'
2025-08-12 16:07:30,323 - DEBUG - Loaded and stored Omron data for key '00088_seg1' and '00088_seg7'
2025-08-12 16:07:30,323 - DEBUG - Loaded and stored Omron data for key '00089_seg1' and '00089_seg7'
2025-08-12 16:07:30,323 - DEBUG - Loaded and stored Omron data for key '00090_seg1' and '00090_seg7'
2025-08-12 16:07:30,324 - DEBUG - Loaded and stored Omron data for key '00091_seg1' and '00091_seg7'
2025-08-12 16:07:30,324 - DEBUG - Loaded and stored Omron data for key '00092_seg1' and '00092_seg7'
2025-08-12 16:07:30,324 - DEBUG - Loaded and stored Omron data for key '00093_seg1' and '00093_seg7'
2025-08-12 16:07:30,324 - DEBUG - Loaded and stored Omron data for key '00094_seg1' and '00094_seg7'
2025-08-12 16:07:30,324 - DEBUG - Loaded and stored Omron data for key '00095_seg1' and '00095_seg7'
2025-08-12 16:07:30,324 - DEBUG - Loaded and stored Omron data for key '00096_seg1' and '00096_seg7'
2025-08-12 16:07:30,324 - DEBUG - Loaded and stored Omron data for key '00097_seg1' and '00097_seg7'
2025-08-12 16:07:30,324 - DEBUG - Loaded and stored Omron data for key '00098_seg1' and '00098_seg7'
2025-08-12 16:07:30,324 - DEBUG - Loaded and stored Omron data for key '00099_seg1' and '00099_seg7'
2025-08-12 16:07:30,324 - DEBUG - Loaded and stored Omron data for key '00100_seg1' and '00100_seg7'
2025-08-12 16:07:30,325 - DEBUG - Loaded and stored Omron data for key '00101_seg1' and '00101_seg7'
2025-08-12 16:07:30,325 - DEBUG - Loaded and stored Omron data for key '00102_seg1' and '00102_seg7'
2025-08-12 16:07:30,325 - DEBUG - Loaded and stored Omron data for key '00103_seg1' and '00103_seg7'
2025-08-12 16:07:30,325 - DEBUG - Loaded and stored Omron data for key '00105_seg1' and '00105_seg7'
2025-08-12 16:07:30,325 - DEBUG - Loaded and stored Omron data for key '00106_seg1' and '00106_seg7'
2025-08-12 16:07:30,325 - DEBUG - Loaded and stored Omron data for key '00107_seg1' and '00107_seg7'
2025-08-12 16:07:30,325 - DEBUG - Loaded and stored Omron data for key '00108_seg1' and '00108_seg7'
2025-08-12 16:07:30,325 - DEBUG - Loaded and stored Omron data for key '00109_seg1' and '00109_seg7'
2025-08-12 16:07:30,325 - DEBUG - Loaded and stored Omron data for key '00110_seg1' and '00110_seg7'
2025-08-12 16:07:30,325 - DEBUG - Loaded and stored Omron data for key '00111_seg1' and '00111_seg7'
2025-08-12 16:07:30,326 - DEBUG - Loaded and stored Omron data for key '00112_seg1' and '00112_seg7'
2025-08-12 16:07:38,553 - DEBUG - Biopac BP values for seg1: SBP=95.3, DBP=63.6 (zeros excluded)
2025-08-12 16:07:38,839 - DEBUG - No shift for 00051, delta too large (12.3 mmHg)
2025-08-12 16:07:40,267 - DEBUG - Saved calibrated BP data to: ./data/processed/moved/00051/seg1_bp.csv
2025-08-12 16:07:41,641 - DEBUG - Filtering: 68015 points, range before=(58719.0000, 71797.0000), after=(-3626.1794, 2789.6009)
2025-08-12 16:07:42,774 - DEBUG - Filtering: 68016 points, range before=(131088.0000, 137058.0000), after=(-640.6164, 688.8664)
2025-08-12 16:07:43,850 - DEBUG - Filtering: 68015 points, range before=(115737.0000, 120665.0000), after=(-995.9833, 631.4574)
2025-08-12 16:07:45,025 - DEBUG - Filtering: 68014 points, range before=(119094.0000, 132746.0000), after=(-1356.9414, 656.8479)
2025-08-12 16:07:45,048 - DEBUG - Available sensors for seg1: ['sensor2', 'sensor3', 'sensor4', 'sensor5'] (4/4)
2025-08-12 16:07:48,517 - DEBUG - Loaded HR data: average 91.8 bpm
2025-08-12 16:07:48,641 - DEBUG - Using provided HR: 91.8 bpm, RR interval: 0.653s
2025-08-12 16:07:49,010 - DEBUG - Found 0 BP valleys in 57595 samples (576.0s), HR: 92 bpm
2025-08-12 16:07:49,011 - DEBUG - Warning: Insufficient BP valleys found, using original slicing method
2025-08-12 16:07:49,031 - DEBUG - Generated 565 valley-based slices from seg1
2025-08-12 16:07:49,032 - DEBUG - Processing 00051 - seg7
2025-08-12 16:07:50,596 - DEBUG - Loading Omron data from: /root/ppg2bp/data/omron.csv
2025-08-12 16:07:50,601 - DEBUG - Loaded and stored Omron data for key '00042_seg1' and '00042_seg7'
2025-08-12 16:07:50,602 - DEBUG - Loaded and stored Omron data for key '00043_seg1' and '00043_seg7'
2025-08-12 16:07:50,602 - DEBUG - Loaded and stored Omron data for key '00044_seg1' and '00044_seg7'
2025-08-12 16:07:50,602 - DEBUG - Loaded and stored Omron data for key '00016_seg1' and '00016_seg7'
2025-08-12 16:07:50,602 - DEBUG - Loaded and stored Omron data for key '00045_seg1' and '00045_seg7'
2025-08-12 16:07:50,602 - DEBUG - Loaded and stored Omron data for key '00047_seg1' and '00047_seg7'
2025-08-12 16:07:50,602 - DEBUG - Loaded and stored Omron data for key '00048_seg1' and '00048_seg7'
2025-08-12 16:07:50,602 - DEBUG - Loaded and stored Omron data for key '00049_seg1' and '00049_seg7'
2025-08-12 16:07:50,602 - DEBUG - Loaded and stored Omron data for key '00050_seg1' and '00050_seg7'
2025-08-12 16:07:50,602 - DEBUG - Loaded and stored Omron data for key '00051_seg1' and '00051_seg7'
2025-08-12 16:07:50,603 - DEBUG - Loaded and stored Omron data for key '00052_seg1' and '00052_seg7'
2025-08-12 16:07:50,603 - DEBUG - Loaded and stored Omron data for key '00003_seg1' and '00003_seg7'
2025-08-12 16:07:50,603 - DEBUG - Loaded and stored Omron data for key '00053_seg1' and '00053_seg7'
2025-08-12 16:07:50,603 - DEBUG - Loaded and stored Omron data for key '00054_seg1' and '00054_seg7'
2025-08-12 16:07:50,603 - DEBUG - Loaded and stored Omron data for key '00055_seg1' and '00055_seg7'
2025-08-12 16:07:50,603 - DEBUG - Loaded and stored Omron data for key '00056_seg1' and '00056_seg7'
2025-08-12 16:07:50,603 - DEBUG - Loaded and stored Omron data for key '00057_seg1' and '00057_seg7'
2025-08-12 16:07:50,603 - DEBUG - Loaded and stored Omron data for key '00058_seg1' and '00058_seg7'
2025-08-12 16:07:50,603 - DEBUG - Loaded and stored Omron data for key '00059_seg1' and '00059_seg7'
2025-08-12 16:07:50,603 - DEBUG - Loaded and stored Omron data for key '00060_seg1' and '00060_seg7'
2025-08-12 16:07:50,604 - DEBUG - Loaded and stored Omron data for key '00061_seg1' and '00061_seg7'
2025-08-12 16:07:50,604 - DEBUG - Loaded and stored Omron data for key '00062_seg1' and '00062_seg7'
2025-08-12 16:07:50,604 - DEBUG - Loaded and stored Omron data for key '00063_seg1' and '00063_seg7'
2025-08-12 16:07:50,604 - DEBUG - Loaded and stored Omron data for key '00064_seg1' and '00064_seg7'
2025-08-12 16:07:50,604 - DEBUG - Loaded and stored Omron data for key '00065_seg1' and '00065_seg7'
2025-08-12 16:07:50,604 - DEBUG - Loaded and stored Omron data for key '00066_seg1' and '00066_seg7'
2025-08-12 16:07:50,604 - DEBUG - Loaded and stored Omron data for key '00067_seg1' and '00067_seg7'
2025-08-12 16:07:50,604 - DEBUG - Loaded and stored Omron data for key '00068_seg1' and '00068_seg7'
2025-08-12 16:07:50,604 - DEBUG - Loaded and stored Omron data for key '00069_seg1' and '00069_seg7'
2025-08-12 16:07:50,604 - DEBUG - Loaded and stored Omron data for key '00070_seg1' and '00070_seg7'
2025-08-12 16:07:50,605 - DEBUG - Loaded and stored Omron data for key '00071_seg1' and '00071_seg7'
2025-08-12 16:07:50,605 - DEBUG - Loaded and stored Omron data for key '00072_seg1' and '00072_seg7'
2025-08-12 16:07:50,605 - DEBUG - Loaded and stored Omron data for key '00073_seg1' and '00073_seg7'
2025-08-12 16:07:50,605 - DEBUG - Loaded and stored Omron data for key '00074_seg1' and '00074_seg7'
2025-08-12 16:07:50,605 - DEBUG - Loaded and stored Omron data for key '00075_seg1' and '00075_seg7'
2025-08-12 16:07:50,605 - DEBUG - Loaded and stored Omron data for key '00076_seg1' and '00076_seg7'
2025-08-12 16:07:50,605 - DEBUG - Loaded and stored Omron data for key '00077_seg1' and '00077_seg7'
2025-08-12 16:07:50,605 - DEBUG - Loaded and stored Omron data for key '00078_seg1' and '00078_seg7'
2025-08-12 16:07:50,605 - DEBUG - Loaded and stored Omron data for key '00079_seg1' and '00079_seg7'
2025-08-12 16:07:50,605 - DEBUG - Loaded and stored Omron data for key '00080_seg1' and '00080_seg7'
2025-08-12 16:07:50,606 - DEBUG - Loaded and stored Omron data for key '00081_seg1' and '00081_seg7'
2025-08-12 16:07:50,606 - DEBUG - Loaded and stored Omron data for key '00082_seg1' and '00082_seg7'
2025-08-12 16:07:50,606 - DEBUG - Loaded and stored Omron data for key '00083_seg1' and '00083_seg7'
2025-08-12 16:07:50,606 - DEBUG - Loaded and stored Omron data for key '00084_seg1' and '00084_seg7'
2025-08-12 16:07:50,606 - DEBUG - Loaded and stored Omron data for key '00085_seg1' and '00085_seg7'
2025-08-12 16:07:50,606 - DEBUG - Loaded and stored Omron data for key '00086_seg1' and '00086_seg7'
2025-08-12 16:07:50,606 - DEBUG - Loaded and stored Omron data for key '00087_seg1' and '00087_seg7'
2025-08-12 16:07:50,606 - DEBUG - Loaded and stored Omron data for key '00088_seg1' and '00088_seg7'
2025-08-12 16:07:50,606 - DEBUG - Loaded and stored Omron data for key '00089_seg1' and '00089_seg7'
2025-08-12 16:07:50,606 - DEBUG - Loaded and stored Omron data for key '00090_seg1' and '00090_seg7'
2025-08-12 16:07:50,606 - DEBUG - Loaded and stored Omron data for key '00091_seg1' and '00091_seg7'
2025-08-12 16:07:50,607 - DEBUG - Loaded and stored Omron data for key '00092_seg1' and '00092_seg7'
2025-08-12 16:07:50,607 - DEBUG - Loaded and stored Omron data for key '00093_seg1' and '00093_seg7'
2025-08-12 16:07:50,607 - DEBUG - Loaded and stored Omron data for key '00094_seg1' and '00094_seg7'
2025-08-12 16:07:50,607 - DEBUG - Loaded and stored Omron data for key '00095_seg1' and '00095_seg7'
2025-08-12 16:07:50,607 - DEBUG - Loaded and stored Omron data for key '00096_seg1' and '00096_seg7'
2025-08-12 16:07:50,607 - DEBUG - Loaded and stored Omron data for key '00097_seg1' and '00097_seg7'
2025-08-12 16:07:50,607 - DEBUG - Loaded and stored Omron data for key '00098_seg1' and '00098_seg7'
2025-08-12 16:07:50,607 - DEBUG - Loaded and stored Omron data for key '00099_seg1' and '00099_seg7'
2025-08-12 16:07:50,607 - DEBUG - Loaded and stored Omron data for key '00100_seg1' and '00100_seg7'
2025-08-12 16:07:50,607 - DEBUG - Loaded and stored Omron data for key '00101_seg1' and '00101_seg7'
2025-08-12 16:07:50,608 - DEBUG - Loaded and stored Omron data for key '00102_seg1' and '00102_seg7'
2025-08-12 16:07:50,608 - DEBUG - Loaded and stored Omron data for key '00103_seg1' and '00103_seg7'
2025-08-12 16:07:50,608 - DEBUG - Loaded and stored Omron data for key '00105_seg1' and '00105_seg7'
2025-08-12 16:07:50,608 - DEBUG - Loaded and stored Omron data for key '00106_seg1' and '00106_seg7'
2025-08-12 16:07:50,608 - DEBUG - Loaded and stored Omron data for key '00107_seg1' and '00107_seg7'
2025-08-12 16:07:50,608 - DEBUG - Loaded and stored Omron data for key '00108_seg1' and '00108_seg7'
2025-08-12 16:07:50,608 - DEBUG - Loaded and stored Omron data for key '00109_seg1' and '00109_seg7'
2025-08-12 16:07:50,608 - DEBUG - Loaded and stored Omron data for key '00110_seg1' and '00110_seg7'
2025-08-12 16:07:50,609 - DEBUG - Loaded and stored Omron data for key '00111_seg1' and '00111_seg7'
2025-08-12 16:07:50,609 - DEBUG - Loaded and stored Omron data for key '00112_seg1' and '00112_seg7'
2025-08-12 16:07:57,351 - DEBUG - Biopac BP values for seg1: SBP=95.3, DBP=63.6 (zeros excluded)
2025-08-12 16:07:57,590 - DEBUG - No shift for 00051, delta too large (12.3 mmHg)
2025-08-12 16:07:58,337 - DEBUG - Saved calibrated BP data to: ./data/processed/moved/00051/seg7_bp.csv
2025-08-12 16:07:58,848 - DEBUG - Filtering: 33340 points, range before=(51284.0000, 76287.0000), after=(-10662.8863, 4956.8135)
2025-08-12 16:07:59,330 - DEBUG - Filtering: 33339 points, range before=(120107.0000, 129502.0000), after=(-393.4528, 467.1097)
2025-08-12 16:07:59,601 - DEBUG - Filtering: 33338 points, range before=(122724.0000, 126014.0000), after=(-1007.3429, 400.5691)
2025-08-12 16:08:00,098 - DEBUG - Filtering: 33339 points, range before=(132538.0000, 137181.0000), after=(-817.0755, 755.9780)
2025-08-12 16:08:00,108 - DEBUG - Available sensors for seg7: ['sensor2', 'sensor3', 'sensor4', 'sensor5'] (4/4)
2025-08-12 16:08:01,348 - DEBUG - Loaded HR data: average 105.9 bpm
2025-08-12 16:08:01,363 - DEBUG - Using provided HR: 105.9 bpm, RR interval: 0.567s
2025-08-12 16:08:01,430 - DEBUG - Found 0 BP valleys in 30001 samples (300.0s), HR: 106 bpm
2025-08-12 16:08:01,430 - DEBUG - Warning: Insufficient BP valleys found, using original slicing method
2025-08-12 16:08:01,436 - DEBUG - Generated 290 valley-based slices from seg7
2025-08-12 16:08:01,437 - DEBUG - Loading Omron data from: /root/ppg2bp/data/omron.csv
2025-08-12 16:08:01,441 - DEBUG - Loaded and stored Omron data for key '00042_seg1' and '00042_seg7'
2025-08-12 16:08:01,441 - DEBUG - Loaded and stored Omron data for key '00043_seg1' and '00043_seg7'
2025-08-12 16:08:01,442 - DEBUG - Loaded and stored Omron data for key '00044_seg1' and '00044_seg7'
2025-08-12 16:08:01,442 - DEBUG - Loaded and stored Omron data for key '00016_seg1' and '00016_seg7'
2025-08-12 16:08:01,442 - DEBUG - Loaded and stored Omron data for key '00045_seg1' and '00045_seg7'
2025-08-12 16:08:01,442 - DEBUG - Loaded and stored Omron data for key '00047_seg1' and '00047_seg7'
2025-08-12 16:08:01,442 - DEBUG - Loaded and stored Omron data for key '00048_seg1' and '00048_seg7'
2025-08-12 16:08:01,442 - DEBUG - Loaded and stored Omron data for key '00049_seg1' and '00049_seg7'
2025-08-12 16:08:01,442 - DEBUG - Loaded and stored Omron data for key '00050_seg1' and '00050_seg7'
2025-08-12 16:08:01,442 - DEBUG - Loaded and stored Omron data for key '00051_seg1' and '00051_seg7'
2025-08-12 16:08:01,442 - DEBUG - Loaded and stored Omron data for key '00052_seg1' and '00052_seg7'
2025-08-12 16:08:01,442 - DEBUG - Loaded and stored Omron data for key '00003_seg1' and '00003_seg7'
2025-08-12 16:08:01,443 - DEBUG - Loaded and stored Omron data for key '00053_seg1' and '00053_seg7'
2025-08-12 16:08:01,443 - DEBUG - Loaded and stored Omron data for key '00054_seg1' and '00054_seg7'
2025-08-12 16:08:01,443 - DEBUG - Loaded and stored Omron data for key '00055_seg1' and '00055_seg7'
2025-08-12 16:08:01,443 - DEBUG - Loaded and stored Omron data for key '00056_seg1' and '00056_seg7'
2025-08-12 16:08:01,443 - DEBUG - Loaded and stored Omron data for key '00057_seg1' and '00057_seg7'
2025-08-12 16:08:01,443 - DEBUG - Loaded and stored Omron data for key '00058_seg1' and '00058_seg7'
2025-08-12 16:08:01,443 - DEBUG - Loaded and stored Omron data for key '00059_seg1' and '00059_seg7'
2025-08-12 16:08:01,443 - DEBUG - Loaded and stored Omron data for key '00060_seg1' and '00060_seg7'
2025-08-12 16:08:01,443 - DEBUG - Loaded and stored Omron data for key '00061_seg1' and '00061_seg7'
2025-08-12 16:08:01,443 - DEBUG - Loaded and stored Omron data for key '00062_seg1' and '00062_seg7'
2025-08-12 16:08:01,444 - DEBUG - Loaded and stored Omron data for key '00063_seg1' and '00063_seg7'
2025-08-12 16:08:01,444 - DEBUG - Loaded and stored Omron data for key '00064_seg1' and '00064_seg7'
2025-08-12 16:08:01,444 - DEBUG - Loaded and stored Omron data for key '00065_seg1' and '00065_seg7'
2025-08-12 16:08:01,444 - DEBUG - Loaded and stored Omron data for key '00066_seg1' and '00066_seg7'
2025-08-12 16:08:01,444 - DEBUG - Loaded and stored Omron data for key '00067_seg1' and '00067_seg7'
2025-08-12 16:08:01,444 - DEBUG - Loaded and stored Omron data for key '00068_seg1' and '00068_seg7'
2025-08-12 16:08:01,444 - DEBUG - Loaded and stored Omron data for key '00069_seg1' and '00069_seg7'
2025-08-12 16:08:01,444 - DEBUG - Loaded and stored Omron data for key '00070_seg1' and '00070_seg7'
2025-08-12 16:08:01,444 - DEBUG - Loaded and stored Omron data for key '00071_seg1' and '00071_seg7'
2025-08-12 16:08:01,444 - DEBUG - Loaded and stored Omron data for key '00072_seg1' and '00072_seg7'
2025-08-12 16:08:01,445 - DEBUG - Loaded and stored Omron data for key '00073_seg1' and '00073_seg7'
2025-08-12 16:08:01,445 - DEBUG - Loaded and stored Omron data for key '00074_seg1' and '00074_seg7'
2025-08-12 16:08:01,445 - DEBUG - Loaded and stored Omron data for key '00075_seg1' and '00075_seg7'
2025-08-12 16:08:01,445 - DEBUG - Loaded and stored Omron data for key '00076_seg1' and '00076_seg7'
2025-08-12 16:08:01,445 - DEBUG - Loaded and stored Omron data for key '00077_seg1' and '00077_seg7'
2025-08-12 16:08:01,445 - DEBUG - Loaded and stored Omron data for key '00078_seg1' and '00078_seg7'
2025-08-12 16:08:01,445 - DEBUG - Loaded and stored Omron data for key '00079_seg1' and '00079_seg7'
2025-08-12 16:08:01,445 - DEBUG - Loaded and stored Omron data for key '00080_seg1' and '00080_seg7'
2025-08-12 16:08:01,445 - DEBUG - Loaded and stored Omron data for key '00081_seg1' and '00081_seg7'
2025-08-12 16:08:01,445 - DEBUG - Loaded and stored Omron data for key '00082_seg1' and '00082_seg7'
2025-08-12 16:08:01,446 - DEBUG - Loaded and stored Omron data for key '00083_seg1' and '00083_seg7'
2025-08-12 16:08:01,446 - DEBUG - Loaded and stored Omron data for key '00084_seg1' and '00084_seg7'
2025-08-12 16:08:01,446 - DEBUG - Loaded and stored Omron data for key '00085_seg1' and '00085_seg7'
2025-08-12 16:08:01,446 - DEBUG - Loaded and stored Omron data for key '00086_seg1' and '00086_seg7'
2025-08-12 16:08:01,446 - DEBUG - Loaded and stored Omron data for key '00087_seg1' and '00087_seg7'
2025-08-12 16:08:01,446 - DEBUG - Loaded and stored Omron data for key '00088_seg1' and '00088_seg7'
2025-08-12 16:08:01,446 - DEBUG - Loaded and stored Omron data for key '00089_seg1' and '00089_seg7'
2025-08-12 16:08:01,446 - DEBUG - Loaded and stored Omron data for key '00090_seg1' and '00090_seg7'
2025-08-12 16:08:01,446 - DEBUG - Loaded and stored Omron data for key '00091_seg1' and '00091_seg7'
2025-08-12 16:08:01,446 - DEBUG - Loaded and stored Omron data for key '00092_seg1' and '00092_seg7'
2025-08-12 16:08:01,446 - DEBUG - Loaded and stored Omron data for key '00093_seg1' and '00093_seg7'
2025-08-12 16:08:01,447 - DEBUG - Loaded and stored Omron data for key '00094_seg1' and '00094_seg7'
2025-08-12 16:08:01,447 - DEBUG - Loaded and stored Omron data for key '00095_seg1' and '00095_seg7'
2025-08-12 16:08:01,447 - DEBUG - Loaded and stored Omron data for key '00096_seg1' and '00096_seg7'
2025-08-12 16:08:01,447 - DEBUG - Loaded and stored Omron data for key '00097_seg1' and '00097_seg7'
2025-08-12 16:08:01,447 - DEBUG - Loaded and stored Omron data for key '00098_seg1' and '00098_seg7'
2025-08-12 16:08:01,447 - DEBUG - Loaded and stored Omron data for key '00099_seg1' and '00099_seg7'
2025-08-12 16:08:01,447 - DEBUG - Loaded and stored Omron data for key '00100_seg1' and '00100_seg7'
2025-08-12 16:08:01,447 - DEBUG - Loaded and stored Omron data for key '00101_seg1' and '00101_seg7'
2025-08-12 16:08:01,448 - DEBUG - Loaded and stored Omron data for key '00102_seg1' and '00102_seg7'
2025-08-12 16:08:01,448 - DEBUG - Loaded and stored Omron data for key '00103_seg1' and '00103_seg7'
2025-08-12 16:08:01,448 - DEBUG - Loaded and stored Omron data for key '00105_seg1' and '00105_seg7'
2025-08-12 16:08:01,448 - DEBUG - Loaded and stored Omron data for key '00106_seg1' and '00106_seg7'
2025-08-12 16:08:01,448 - DEBUG - Loaded and stored Omron data for key '00107_seg1' and '00107_seg7'
2025-08-12 16:08:01,448 - DEBUG - Loaded and stored Omron data for key '00108_seg1' and '00108_seg7'
2025-08-12 16:08:01,448 - DEBUG - Loaded and stored Omron data for key '00109_seg1' and '00109_seg7'
2025-08-12 16:08:01,448 - DEBUG - Loaded and stored Omron data for key '00110_seg1' and '00110_seg7'
2025-08-12 16:08:01,448 - DEBUG - Loaded and stored Omron data for key '00111_seg1' and '00111_seg7'
2025-08-12 16:08:01,449 - DEBUG - Loaded and stored Omron data for key '00112_seg1' and '00112_seg7'
2025-08-12 16:08:09,325 - DEBUG - Biopac BP values for seg1: SBP=124.1, DBP=66.4 (zeros excluded)
2025-08-12 16:08:09,669 - DEBUG - Calculated shift amount for 00052: +4.2 mmHg
2025-08-12 16:08:09,672 - DEBUG - Processing 00052 - seg1
2025-08-12 16:08:15,572 - DEBUG - Saved calibrated BP data to: ./data/processed/moved/00052/seg1_bp.csv
2025-08-12 16:08:16,604 - DEBUG - Filtering: 64178 points, range before=(107222.0000, 113385.0000), after=(-631.7156, 533.2569)
2025-08-12 16:08:17,634 - DEBUG - Filtering: 64156 points, range before=(119840.0000, 133835.0000), after=(-795.2747, 770.5760)
2025-08-12 16:08:18,717 - DEBUG - Filtering: 64180 points, range before=(115625.0000, 126495.5000), after=(-184.5380, 403.2557)
2025-08-12 16:08:18,733 - DEBUG - Warning: ./data/raw/00052/seg1_sensor5.csv not found. Skipping this sensor.
2025-08-12 16:08:18,733 - DEBUG - Available sensors for seg1: ['sensor2', 'sensor3', 'sensor4'] (3/4)
2025-08-12 16:08:22,086 - DEBUG - Loaded HR data: average 74.4 bpm
2025-08-12 16:08:22,218 - DEBUG - Using provided HR: 74.4 bpm, RR interval: 0.807s
2025-08-12 16:08:22,407 - DEBUG - Found 740 BP valleys in 60002 samples (600.0s), HR: 74 bpm
2025-08-12 16:08:22,424 - DEBUG - Created 729 valley-based slices from 740 valleys
2025-08-12 16:08:22,427 - DEBUG - Generated 729 valley-based slices from seg1
2025-08-12 16:08:22,427 - DEBUG - Processing 00052 - seg7
2025-08-12 16:08:24,613 - DEBUG - Saved calibrated BP data to: ./data/processed/moved/00052/seg7_bp.csv
2025-08-12 16:08:25,269 - DEBUG - Filtering: 33337 points, range before=(105494.0000, 110052.0000), after=(-1403.0101, 1600.0789)
2025-08-12 16:08:25,810 - DEBUG - Filtering: 33336 points, range before=(120529.0000, 127509.0000), after=(-864.6751, 869.1688)
2025-08-12 16:08:26,360 - DEBUG - Filtering: 33335 points, range before=(123099.0000, 126486.0000), after=(-188.9852, 219.8064)
2025-08-12 16:08:26,997 - DEBUG - Filtering: 33335 points, range before=(106641.0000, 121967.0000), after=(-1601.4445, 1427.5680)
2025-08-12 16:08:27,009 - DEBUG - Available sensors for seg7: ['sensor2', 'sensor3', 'sensor4', 'sensor5'] (4/4)
2025-08-12 16:08:28,503 - DEBUG - Loaded HR data: average 81.1 bpm
2025-08-12 16:08:28,526 - DEBUG - Using provided HR: 81.1 bpm, RR interval: 0.740s
2025-08-12 16:08:28,725 - DEBUG - Found 0 BP valleys in 29999 samples (300.0s), HR: 81 bpm
2025-08-12 16:08:28,727 - DEBUG - Warning: Insufficient BP valleys found, using original slicing method
2025-08-12 16:08:28,748 - DEBUG - Generated 289 valley-based slices from seg7
2025-08-12 16:08:28,753 - DEBUG - Loading Omron data from: /root/ppg2bp/data/omron.csv
2025-08-12 16:08:28,782 - DEBUG - Loaded and stored Omron data for key '00042_seg1' and '00042_seg7'
2025-08-12 16:08:28,785 - DEBUG - Loaded and stored Omron data for key '00043_seg1' and '00043_seg7'
2025-08-12 16:08:28,787 - DEBUG - Loaded and stored Omron data for key '00044_seg1' and '00044_seg7'
2025-08-12 16:08:28,789 - DEBUG - Loaded and stored Omron data for key '00016_seg1' and '00016_seg7'
2025-08-12 16:08:28,789 - DEBUG - Loaded and stored Omron data for key '00045_seg1' and '00045_seg7'
2025-08-12 16:08:28,791 - DEBUG - Loaded and stored Omron data for key '00047_seg1' and '00047_seg7'
2025-08-12 16:08:28,792 - DEBUG - Loaded and stored Omron data for key '00048_seg1' and '00048_seg7'
2025-08-12 16:08:28,793 - DEBUG - Loaded and stored Omron data for key '00049_seg1' and '00049_seg7'
2025-08-12 16:08:28,794 - DEBUG - Loaded and stored Omron data for key '00050_seg1' and '00050_seg7'
2025-08-12 16:08:28,795 - DEBUG - Loaded and stored Omron data for key '00051_seg1' and '00051_seg7'
2025-08-12 16:08:28,796 - DEBUG - Loaded and stored Omron data for key '00052_seg1' and '00052_seg7'
2025-08-12 16:08:28,799 - DEBUG - Loaded and stored Omron data for key '00003_seg1' and '00003_seg7'
2025-08-12 16:08:28,799 - DEBUG - Loaded and stored Omron data for key '00053_seg1' and '00053_seg7'
2025-08-12 16:08:28,801 - DEBUG - Loaded and stored Omron data for key '00054_seg1' and '00054_seg7'
2025-08-12 16:08:28,803 - DEBUG - Loaded and stored Omron data for key '00055_seg1' and '00055_seg7'
2025-08-12 16:08:28,804 - DEBUG - Loaded and stored Omron data for key '00056_seg1' and '00056_seg7'
2025-08-12 16:08:28,805 - DEBUG - Loaded and stored Omron data for key '00057_seg1' and '00057_seg7'
2025-08-12 16:08:28,807 - DEBUG - Loaded and stored Omron data for key '00058_seg1' and '00058_seg7'
2025-08-12 16:08:28,808 - DEBUG - Loaded and stored Omron data for key '00059_seg1' and '00059_seg7'
2025-08-12 16:08:28,810 - DEBUG - Loaded and stored Omron data for key '00060_seg1' and '00060_seg7'
2025-08-12 16:08:28,811 - DEBUG - Loaded and stored Omron data for key '00061_seg1' and '00061_seg7'
2025-08-12 16:08:28,812 - DEBUG - Loaded and stored Omron data for key '00062_seg1' and '00062_seg7'
2025-08-12 16:08:28,813 - DEBUG - Loaded and stored Omron data for key '00063_seg1' and '00063_seg7'
2025-08-12 16:08:28,814 - DEBUG - Loaded and stored Omron data for key '00064_seg1' and '00064_seg7'
2025-08-12 16:08:28,814 - DEBUG - Loaded and stored Omron data for key '00065_seg1' and '00065_seg7'
2025-08-12 16:08:28,815 - DEBUG - Loaded and stored Omron data for key '00066_seg1' and '00066_seg7'
2025-08-12 16:08:28,817 - DEBUG - Loaded and stored Omron data for key '00067_seg1' and '00067_seg7'
2025-08-12 16:08:28,818 - DEBUG - Loaded and stored Omron data for key '00068_seg1' and '00068_seg7'
2025-08-12 16:08:28,819 - DEBUG - Loaded and stored Omron data for key '00069_seg1' and '00069_seg7'
2025-08-12 16:08:28,822 - DEBUG - Loaded and stored Omron data for key '00070_seg1' and '00070_seg7'
2025-08-12 16:08:28,825 - DEBUG - Loaded and stored Omron data for key '00071_seg1' and '00071_seg7'
2025-08-12 16:08:28,826 - DEBUG - Loaded and stored Omron data for key '00072_seg1' and '00072_seg7'
2025-08-12 16:08:28,826 - DEBUG - Loaded and stored Omron data for key '00073_seg1' and '00073_seg7'
2025-08-12 16:08:28,827 - DEBUG - Loaded and stored Omron data for key '00074_seg1' and '00074_seg7'
2025-08-12 16:08:28,830 - DEBUG - Loaded and stored Omron data for key '00075_seg1' and '00075_seg7'
2025-08-12 16:08:28,833 - DEBUG - Loaded and stored Omron data for key '00076_seg1' and '00076_seg7'
2025-08-12 16:08:28,834 - DEBUG - Loaded and stored Omron data for key '00077_seg1' and '00077_seg7'
2025-08-12 16:08:28,835 - DEBUG - Loaded and stored Omron data for key '00078_seg1' and '00078_seg7'
2025-08-12 16:08:28,835 - DEBUG - Loaded and stored Omron data for key '00079_seg1' and '00079_seg7'
2025-08-12 16:08:28,835 - DEBUG - Loaded and stored Omron data for key '00080_seg1' and '00080_seg7'
2025-08-12 16:08:28,837 - DEBUG - Loaded and stored Omron data for key '00081_seg1' and '00081_seg7'
2025-08-12 16:08:28,840 - DEBUG - Loaded and stored Omron data for key '00082_seg1' and '00082_seg7'
2025-08-12 16:08:28,842 - DEBUG - Loaded and stored Omron data for key '00083_seg1' and '00083_seg7'
2025-08-12 16:08:28,843 - DEBUG - Loaded and stored Omron data for key '00084_seg1' and '00084_seg7'
2025-08-12 16:08:28,843 - DEBUG - Loaded and stored Omron data for key '00085_seg1' and '00085_seg7'
2025-08-12 16:08:28,843 - DEBUG - Loaded and stored Omron data for key '00086_seg1' and '00086_seg7'
2025-08-12 16:08:28,843 - DEBUG - Loaded and stored Omron data for key '00087_seg1' and '00087_seg7'
2025-08-12 16:08:28,845 - DEBUG - Loaded and stored Omron data for key '00088_seg1' and '00088_seg7'
2025-08-12 16:08:28,847 - DEBUG - Loaded and stored Omron data for key '00089_seg1' and '00089_seg7'
2025-08-12 16:08:28,848 - DEBUG - Loaded and stored Omron data for key '00090_seg1' and '00090_seg7'
2025-08-12 16:08:28,849 - DEBUG - Loaded and stored Omron data for key '00091_seg1' and '00091_seg7'
2025-08-12 16:08:28,849 - DEBUG - Loaded and stored Omron data for key '00092_seg1' and '00092_seg7'
2025-08-12 16:08:28,849 - DEBUG - Loaded and stored Omron data for key '00093_seg1' and '00093_seg7'
2025-08-12 16:08:28,850 - DEBUG - Loaded and stored Omron data for key '00094_seg1' and '00094_seg7'
2025-08-12 16:08:28,853 - DEBUG - Loaded and stored Omron data for key '00095_seg1' and '00095_seg7'
2025-08-12 16:08:28,855 - DEBUG - Loaded and stored Omron data for key '00096_seg1' and '00096_seg7'
2025-08-12 16:08:28,856 - DEBUG - Loaded and stored Omron data for key '00097_seg1' and '00097_seg7'
2025-08-12 16:08:28,856 - DEBUG - Loaded and stored Omron data for key '00098_seg1' and '00098_seg7'
2025-08-12 16:08:28,857 - DEBUG - Loaded and stored Omron data for key '00099_seg1' and '00099_seg7'
2025-08-12 16:08:28,857 - DEBUG - Loaded and stored Omron data for key '00100_seg1' and '00100_seg7'
2025-08-12 16:08:28,858 - DEBUG - Loaded and stored Omron data for key '00101_seg1' and '00101_seg7'
2025-08-12 16:08:28,860 - DEBUG - Loaded and stored Omron data for key '00102_seg1' and '00102_seg7'
2025-08-12 16:08:28,862 - DEBUG - Loaded and stored Omron data for key '00103_seg1' and '00103_seg7'
2025-08-12 16:08:28,862 - DEBUG - Loaded and stored Omron data for key '00105_seg1' and '00105_seg7'
2025-08-12 16:08:28,862 - DEBUG - Loaded and stored Omron data for key '00106_seg1' and '00106_seg7'
2025-08-12 16:08:28,862 - DEBUG - Loaded and stored Omron data for key '00107_seg1' and '00107_seg7'
2025-08-12 16:08:28,865 - DEBUG - Loaded and stored Omron data for key '00108_seg1' and '00108_seg7'
2025-08-12 16:08:28,867 - DEBUG - Loaded and stored Omron data for key '00109_seg1' and '00109_seg7'
2025-08-12 16:08:28,867 - DEBUG - Loaded and stored Omron data for key '00110_seg1' and '00110_seg7'
2025-08-12 16:08:28,867 - DEBUG - Loaded and stored Omron data for key '00111_seg1' and '00111_seg7'
2025-08-12 16:08:28,867 - DEBUG - Loaded and stored Omron data for key '00112_seg1' and '00112_seg7'
2025-08-12 16:08:38,727 - DEBUG - Biopac BP values for seg1: SBP=86.0, DBP=45.5 (zeros excluded)
2025-08-12 16:08:39,075 - DEBUG - Calculated shift amount for 00003: +5.7 mmHg
2025-08-12 16:08:39,076 - DEBUG - Processing 00003 - seg1
2025-08-12 16:08:45,289 - DEBUG - Saved calibrated BP data to: ./data/processed/moved/00003/seg1_bp.csv
2025-08-12 16:08:46,659 - DEBUG - Filtering: 66671 points, range before=(104636.0000, 110338.0000), after=(-1560.2799, 996.9203)
2025-08-12 16:08:47,733 - DEBUG - Filtering: 66673 points, range before=(113259.0000, 117805.0000), after=(-111.7115, 161.6765)
2025-08-12 16:08:48,758 - DEBUG - Filtering: 66672 points, range before=(117707.0000, 118758.0000), after=(-203.4337, 245.4450)
2025-08-12 16:08:49,721 - DEBUG - Filtering: 66671 points, range before=(114705.0000, 130172.0000), after=(-612.4339, 617.4471)
2025-08-12 16:08:49,739 - DEBUG - Available sensors for seg1: ['sensor2', 'sensor3', 'sensor4', 'sensor5'] (4/4)
2025-08-12 16:08:52,804 - DEBUG - Loaded HR data: average 66.0 bpm
2025-08-12 16:08:52,947 - DEBUG - Using provided HR: 66.0 bpm, RR interval: 0.909s
2025-08-12 16:08:53,109 - DEBUG - Found 642 BP valleys in 60001 samples (600.0s), HR: 66 bpm
2025-08-12 16:08:53,121 - DEBUG - Created 632 valley-based slices from 642 valleys
2025-08-12 16:08:53,121 - DEBUG - Generated 632 valley-based slices from seg1
2025-08-12 16:08:53,122 - DEBUG - Processing 00003 - seg7
2025-08-12 16:08:55,418 - DEBUG - Saved calibrated BP data to: ./data/processed/moved/00003/seg7_bp.csv
2025-08-12 16:08:56,058 - DEBUG - Filtering: 33338 points, range before=(97770.0000, 106209.0000), after=(-914.9706, 836.9199)
2025-08-12 16:08:56,635 - DEBUG - Filtering: 33338 points, range before=(115356.0000, 132036.0000), after=(-7104.2053, 9968.6736)
2025-08-12 16:08:57,085 - DEBUG - Filtering: 33339 points, range before=(106927.0000, 118929.0000), after=(-2669.9211, 2667.5481)
2025-08-12 16:08:57,532 - DEBUG - Filtering: 33340 points, range before=(58659.0000, 90756.0000), after=(-5015.3924, 6126.0965)
2025-08-12 16:08:57,541 - DEBUG - Available sensors for seg7: ['sensor2', 'sensor3', 'sensor4', 'sensor5'] (4/4)
2025-08-12 16:08:58,358 - DEBUG - Loaded HR data: average 66.6 bpm
2025-08-12 16:08:58,380 - DEBUG - Using provided HR: 66.6 bpm, RR interval: 0.901s
2025-08-12 16:08:58,430 - DEBUG - Found 0 BP valleys in 30002 samples (300.0s), HR: 67 bpm
2025-08-12 16:08:58,431 - DEBUG - Warning: Insufficient BP valleys found, using original slicing method
2025-08-12 16:08:58,438 - DEBUG - Generated 290 valley-based slices from seg7
2025-08-12 16:08:58,440 - DEBUG - Loading Omron data from: /root/ppg2bp/data/omron.csv
2025-08-12 16:08:58,444 - DEBUG - Loaded and stored Omron data for key '00042_seg1' and '00042_seg7'
2025-08-12 16:08:58,444 - DEBUG - Loaded and stored Omron data for key '00043_seg1' and '00043_seg7'
2025-08-12 16:08:58,444 - DEBUG - Loaded and stored Omron data for key '00044_seg1' and '00044_seg7'
2025-08-12 16:08:58,444 - DEBUG - Loaded and stored Omron data for key '00016_seg1' and '00016_seg7'
2025-08-12 16:08:58,445 - DEBUG - Loaded and stored Omron data for key '00045_seg1' and '00045_seg7'
2025-08-12 16:08:58,445 - DEBUG - Loaded and stored Omron data for key '00047_seg1' and '00047_seg7'
2025-08-12 16:08:58,445 - DEBUG - Loaded and stored Omron data for key '00048_seg1' and '00048_seg7'
2025-08-12 16:08:58,445 - DEBUG - Loaded and stored Omron data for key '00049_seg1' and '00049_seg7'
2025-08-12 16:08:58,445 - DEBUG - Loaded and stored Omron data for key '00050_seg1' and '00050_seg7'
2025-08-12 16:08:58,445 - DEBUG - Loaded and stored Omron data for key '00051_seg1' and '00051_seg7'
2025-08-12 16:08:58,445 - DEBUG - Loaded and stored Omron data for key '00052_seg1' and '00052_seg7'
2025-08-12 16:08:58,445 - DEBUG - Loaded and stored Omron data for key '00003_seg1' and '00003_seg7'
2025-08-12 16:08:58,445 - DEBUG - Loaded and stored Omron data for key '00053_seg1' and '00053_seg7'
2025-08-12 16:08:58,446 - DEBUG - Loaded and stored Omron data for key '00054_seg1' and '00054_seg7'
2025-08-12 16:08:58,446 - DEBUG - Loaded and stored Omron data for key '00055_seg1' and '00055_seg7'
2025-08-12 16:08:58,446 - DEBUG - Loaded and stored Omron data for key '00056_seg1' and '00056_seg7'
2025-08-12 16:08:58,446 - DEBUG - Loaded and stored Omron data for key '00057_seg1' and '00057_seg7'
2025-08-12 16:08:58,446 - DEBUG - Loaded and stored Omron data for key '00058_seg1' and '00058_seg7'
2025-08-12 16:08:58,446 - DEBUG - Loaded and stored Omron data for key '00059_seg1' and '00059_seg7'
2025-08-12 16:08:58,446 - DEBUG - Loaded and stored Omron data for key '00060_seg1' and '00060_seg7'
2025-08-12 16:08:58,446 - DEBUG - Loaded and stored Omron data for key '00061_seg1' and '00061_seg7'
2025-08-12 16:08:58,446 - DEBUG - Loaded and stored Omron data for key '00062_seg1' and '00062_seg7'
2025-08-12 16:08:58,446 - DEBUG - Loaded and stored Omron data for key '00063_seg1' and '00063_seg7'
2025-08-12 16:08:58,447 - DEBUG - Loaded and stored Omron data for key '00064_seg1' and '00064_seg7'
2025-08-12 16:08:58,447 - DEBUG - Loaded and stored Omron data for key '00065_seg1' and '00065_seg7'
2025-08-12 16:08:58,447 - DEBUG - Loaded and stored Omron data for key '00066_seg1' and '00066_seg7'
2025-08-12 16:08:58,447 - DEBUG - Loaded and stored Omron data for key '00067_seg1' and '00067_seg7'
2025-08-12 16:08:58,447 - DEBUG - Loaded and stored Omron data for key '00068_seg1' and '00068_seg7'
2025-08-12 16:08:58,447 - DEBUG - Loaded and stored Omron data for key '00069_seg1' and '00069_seg7'
2025-08-12 16:08:58,447 - DEBUG - Loaded and stored Omron data for key '00070_seg1' and '00070_seg7'
2025-08-12 16:08:58,447 - DEBUG - Loaded and stored Omron data for key '00071_seg1' and '00071_seg7'
2025-08-12 16:08:58,447 - DEBUG - Loaded and stored Omron data for key '00072_seg1' and '00072_seg7'
2025-08-12 16:08:58,447 - DEBUG - Loaded and stored Omron data for key '00073_seg1' and '00073_seg7'
2025-08-12 16:08:58,448 - DEBUG - Loaded and stored Omron data for key '00074_seg1' and '00074_seg7'
2025-08-12 16:08:58,448 - DEBUG - Loaded and stored Omron data for key '00075_seg1' and '00075_seg7'
2025-08-12 16:08:58,448 - DEBUG - Loaded and stored Omron data for key '00076_seg1' and '00076_seg7'
2025-08-12 16:08:58,448 - DEBUG - Loaded and stored Omron data for key '00077_seg1' and '00077_seg7'
2025-08-12 16:08:58,448 - DEBUG - Loaded and stored Omron data for key '00078_seg1' and '00078_seg7'
2025-08-12 16:08:58,448 - DEBUG - Loaded and stored Omron data for key '00079_seg1' and '00079_seg7'
2025-08-12 16:08:58,448 - DEBUG - Loaded and stored Omron data for key '00080_seg1' and '00080_seg7'
2025-08-12 16:08:58,448 - DEBUG - Loaded and stored Omron data for key '00081_seg1' and '00081_seg7'
2025-08-12 16:08:58,448 - DEBUG - Loaded and stored Omron data for key '00082_seg1' and '00082_seg7'
2025-08-12 16:08:58,448 - DEBUG - Loaded and stored Omron data for key '00083_seg1' and '00083_seg7'
2025-08-12 16:08:58,448 - DEBUG - Loaded and stored Omron data for key '00084_seg1' and '00084_seg7'
2025-08-12 16:08:58,449 - DEBUG - Loaded and stored Omron data for key '00085_seg1' and '00085_seg7'
2025-08-12 16:08:58,449 - DEBUG - Loaded and stored Omron data for key '00086_seg1' and '00086_seg7'
2025-08-12 16:08:58,449 - DEBUG - Loaded and stored Omron data for key '00087_seg1' and '00087_seg7'
2025-08-12 16:08:58,449 - DEBUG - Loaded and stored Omron data for key '00088_seg1' and '00088_seg7'
2025-08-12 16:08:58,449 - DEBUG - Loaded and stored Omron data for key '00089_seg1' and '00089_seg7'
2025-08-12 16:08:58,449 - DEBUG - Loaded and stored Omron data for key '00090_seg1' and '00090_seg7'
2025-08-12 16:08:58,449 - DEBUG - Loaded and stored Omron data for key '00091_seg1' and '00091_seg7'
2025-08-12 16:08:58,449 - DEBUG - Loaded and stored Omron data for key '00092_seg1' and '00092_seg7'
2025-08-12 16:08:58,449 - DEBUG - Loaded and stored Omron data for key '00093_seg1' and '00093_seg7'
2025-08-12 16:08:58,449 - DEBUG - Loaded and stored Omron data for key '00094_seg1' and '00094_seg7'
2025-08-12 16:08:58,449 - DEBUG - Loaded and stored Omron data for key '00095_seg1' and '00095_seg7'
2025-08-12 16:08:58,450 - DEBUG - Loaded and stored Omron data for key '00096_seg1' and '00096_seg7'
2025-08-12 16:08:58,450 - DEBUG - Loaded and stored Omron data for key '00097_seg1' and '00097_seg7'
2025-08-12 16:08:58,450 - DEBUG - Loaded and stored Omron data for key '00098_seg1' and '00098_seg7'
2025-08-12 16:08:58,450 - DEBUG - Loaded and stored Omron data for key '00099_seg1' and '00099_seg7'
2025-08-12 16:08:58,450 - DEBUG - Loaded and stored Omron data for key '00100_seg1' and '00100_seg7'
2025-08-12 16:08:58,450 - DEBUG - Loaded and stored Omron data for key '00101_seg1' and '00101_seg7'
2025-08-12 16:08:58,450 - DEBUG - Loaded and stored Omron data for key '00102_seg1' and '00102_seg7'
2025-08-12 16:08:58,450 - DEBUG - Loaded and stored Omron data for key '00103_seg1' and '00103_seg7'
2025-08-12 16:08:58,451 - DEBUG - Loaded and stored Omron data for key '00105_seg1' and '00105_seg7'
2025-08-12 16:08:58,451 - DEBUG - Loaded and stored Omron data for key '00106_seg1' and '00106_seg7'
2025-08-12 16:08:58,451 - DEBUG - Loaded and stored Omron data for key '00107_seg1' and '00107_seg7'
2025-08-12 16:08:58,451 - DEBUG - Loaded and stored Omron data for key '00108_seg1' and '00108_seg7'
2025-08-12 16:08:58,451 - DEBUG - Loaded and stored Omron data for key '00109_seg1' and '00109_seg7'
2025-08-12 16:08:58,451 - DEBUG - Loaded and stored Omron data for key '00110_seg1' and '00110_seg7'
2025-08-12 16:08:58,451 - DEBUG - Loaded and stored Omron data for key '00111_seg1' and '00111_seg7'
2025-08-12 16:08:58,451 - DEBUG - Loaded and stored Omron data for key '00112_seg1' and '00112_seg7'
2025-08-12 16:09:06,937 - DEBUG - Biopac BP values for seg1: SBP=110.3, DBP=76.8 (zeros excluded)
2025-08-12 16:09:07,211 - DEBUG - Calculated shift amount for 00053: -3.0 mmHg
2025-08-12 16:09:07,213 - DEBUG - Processing 00053 - seg1
2025-08-12 16:09:13,218 - DEBUG - Saved calibrated BP data to: ./data/processed/moved/00053/seg1_bp.csv
2025-08-12 16:09:14,812 - DEBUG - Filtering: 66828 points, range before=(52165.0000, 56564.0000), after=(-229.7245, 196.9270)
2025-08-12 16:09:15,816 - DEBUG - Filtering: 66829 points, range before=(125899.0000, 133408.0000), after=(-1872.1433, 1787.7620)
2025-08-12 16:09:16,789 - DEBUG - Filtering: 66829 points, range before=(119661.0000, 121279.0000), after=(-168.6337, 144.3656)
2025-08-12 16:09:17,648 - DEBUG - Filtering: 66828 points, range before=(165262.0000, 167235.0000), after=(-154.2276, 160.1950)
2025-08-12 16:09:17,676 - DEBUG - Available sensors for seg1: ['sensor2', 'sensor3', 'sensor4', 'sensor5'] (4/4)
2025-08-12 16:09:20,879 - DEBUG - Loaded HR data: average 70.8 bpm
2025-08-12 16:09:21,022 - DEBUG - Using provided HR: 70.8 bpm, RR interval: 0.847s
2025-08-12 16:09:21,183 - DEBUG - Found 0 BP valleys in 60143 samples (601.4s), HR: 71 bpm
2025-08-12 16:09:21,184 - DEBUG - Warning: Insufficient BP valleys found, using original slicing method
2025-08-12 16:09:21,203 - DEBUG - Generated 591 valley-based slices from seg1
2025-08-12 16:09:21,203 - DEBUG - Processing 00053 - seg7
2025-08-12 16:09:23,330 - DEBUG - Saved calibrated BP data to: ./data/processed/moved/00053/seg7_bp.csv
2025-08-12 16:09:23,711 - DEBUG - Filtering: 33337 points, range before=(67186.0000, 74121.0000), after=(-1388.2930, 966.0764)
2025-08-12 16:09:24,030 - DEBUG - Filtering: 22460 points, range before=(134103.0000, 141371.0000), after=(-1979.4405, 1299.4235)
2025-08-12 16:09:24,272 - DEBUG - Filtering: 33335 points, range before=(121038.0000, 126727.0000), after=(-965.2625, 1076.1809)
2025-08-12 16:09:24,751 - DEBUG - Filtering: 33335 points, range before=(74056.0000, 89491.0000), after=(-3523.8352, 5087.6588)
2025-08-12 16:09:24,757 - DEBUG - Available sensors for seg7: ['sensor2', 'sensor3', 'sensor4', 'sensor5'] (4/4)
2025-08-12 16:09:25,693 - DEBUG - Loaded HR data: average 71.1 bpm
2025-08-12 16:09:25,706 - DEBUG - Using provided HR: 71.1 bpm, RR interval: 0.844s
2025-08-12 16:09:25,733 - DEBUG - Found 0 BP valleys in 20211 samples (202.1s), HR: 71 bpm
2025-08-12 16:09:25,734 - DEBUG - Warning: Insufficient BP valleys found, using original slicing method
2025-08-12 16:09:25,738 - DEBUG - Generated 192 valley-based slices from seg7
2025-08-12 16:09:25,739 - DEBUG - Loading Omron data from: /root/ppg2bp/data/omron.csv
2025-08-12 16:09:25,745 - DEBUG - Loaded and stored Omron data for key '00042_seg1' and '00042_seg7'
2025-08-12 16:09:25,745 - DEBUG - Loaded and stored Omron data for key '00043_seg1' and '00043_seg7'
2025-08-12 16:09:25,745 - DEBUG - Loaded and stored Omron data for key '00044_seg1' and '00044_seg7'
2025-08-12 16:09:25,746 - DEBUG - Loaded and stored Omron data for key '00016_seg1' and '00016_seg7'
2025-08-12 16:09:25,749 - DEBUG - Loaded and stored Omron data for key '00045_seg1' and '00045_seg7'
2025-08-12 16:09:25,750 - DEBUG - Loaded and stored Omron data for key '00047_seg1' and '00047_seg7'
2025-08-12 16:09:25,750 - DEBUG - Loaded and stored Omron data for key '00048_seg1' and '00048_seg7'
2025-08-12 16:09:25,750 - DEBUG - Loaded and stored Omron data for key '00049_seg1' and '00049_seg7'
2025-08-12 16:09:25,750 - DEBUG - Loaded and stored Omron data for key '00050_seg1' and '00050_seg7'
2025-08-12 16:09:25,750 - DEBUG - Loaded and stored Omron data for key '00051_seg1' and '00051_seg7'
2025-08-12 16:09:25,750 - DEBUG - Loaded and stored Omron data for key '00052_seg1' and '00052_seg7'
2025-08-12 16:09:25,750 - DEBUG - Loaded and stored Omron data for key '00003_seg1' and '00003_seg7'
2025-08-12 16:09:25,751 - DEBUG - Loaded and stored Omron data for key '00053_seg1' and '00053_seg7'
2025-08-12 16:09:25,751 - DEBUG - Loaded and stored Omron data for key '00054_seg1' and '00054_seg7'
2025-08-12 16:09:25,751 - DEBUG - Loaded and stored Omron data for key '00055_seg1' and '00055_seg7'
2025-08-12 16:09:25,751 - DEBUG - Loaded and stored Omron data for key '00056_seg1' and '00056_seg7'
2025-08-12 16:09:25,751 - DEBUG - Loaded and stored Omron data for key '00057_seg1' and '00057_seg7'
2025-08-12 16:09:25,751 - DEBUG - Loaded and stored Omron data for key '00058_seg1' and '00058_seg7'
2025-08-12 16:09:25,751 - DEBUG - Loaded and stored Omron data for key '00059_seg1' and '00059_seg7'
2025-08-12 16:09:25,751 - DEBUG - Loaded and stored Omron data for key '00060_seg1' and '00060_seg7'
2025-08-12 16:09:25,752 - DEBUG - Loaded and stored Omron data for key '00061_seg1' and '00061_seg7'
2025-08-12 16:09:25,752 - DEBUG - Loaded and stored Omron data for key '00062_seg1' and '00062_seg7'
2025-08-12 16:09:25,752 - DEBUG - Loaded and stored Omron data for key '00063_seg1' and '00063_seg7'
2025-08-12 16:09:25,752 - DEBUG - Loaded and stored Omron data for key '00064_seg1' and '00064_seg7'
2025-08-12 16:09:25,752 - DEBUG - Loaded and stored Omron data for key '00065_seg1' and '00065_seg7'
2025-08-12 16:09:25,752 - DEBUG - Loaded and stored Omron data for key '00066_seg1' and '00066_seg7'
2025-08-12 16:09:25,752 - DEBUG - Loaded and stored Omron data for key '00067_seg1' and '00067_seg7'
2025-08-12 16:09:25,752 - DEBUG - Loaded and stored Omron data for key '00068_seg1' and '00068_seg7'
2025-08-12 16:09:25,752 - DEBUG - Loaded and stored Omron data for key '00069_seg1' and '00069_seg7'
2025-08-12 16:09:25,753 - DEBUG - Loaded and stored Omron data for key '00070_seg1' and '00070_seg7'
2025-08-12 16:09:25,753 - DEBUG - Loaded and stored Omron data for key '00071_seg1' and '00071_seg7'
2025-08-12 16:09:25,753 - DEBUG - Loaded and stored Omron data for key '00072_seg1' and '00072_seg7'
2025-08-12 16:09:25,753 - DEBUG - Loaded and stored Omron data for key '00073_seg1' and '00073_seg7'
2025-08-12 16:09:25,753 - DEBUG - Loaded and stored Omron data for key '00074_seg1' and '00074_seg7'
2025-08-12 16:09:25,753 - DEBUG - Loaded and stored Omron data for key '00075_seg1' and '00075_seg7'
2025-08-12 16:09:25,753 - DEBUG - Loaded and stored Omron data for key '00076_seg1' and '00076_seg7'
2025-08-12 16:09:25,753 - DEBUG - Loaded and stored Omron data for key '00077_seg1' and '00077_seg7'
2025-08-12 16:09:25,753 - DEBUG - Loaded and stored Omron data for key '00078_seg1' and '00078_seg7'
2025-08-12 16:09:25,754 - DEBUG - Loaded and stored Omron data for key '00079_seg1' and '00079_seg7'
2025-08-12 16:09:25,754 - DEBUG - Loaded and stored Omron data for key '00080_seg1' and '00080_seg7'
2025-08-12 16:09:25,754 - DEBUG - Loaded and stored Omron data for key '00081_seg1' and '00081_seg7'
2025-08-12 16:09:25,754 - DEBUG - Loaded and stored Omron data for key '00082_seg1' and '00082_seg7'
2025-08-12 16:09:25,754 - DEBUG - Loaded and stored Omron data for key '00083_seg1' and '00083_seg7'
2025-08-12 16:09:25,754 - DEBUG - Loaded and stored Omron data for key '00084_seg1' and '00084_seg7'
2025-08-12 16:09:25,754 - DEBUG - Loaded and stored Omron data for key '00085_seg1' and '00085_seg7'
2025-08-12 16:09:25,754 - DEBUG - Loaded and stored Omron data for key '00086_seg1' and '00086_seg7'
2025-08-12 16:09:25,754 - DEBUG - Loaded and stored Omron data for key '00087_seg1' and '00087_seg7'
2025-08-12 16:09:25,754 - DEBUG - Loaded and stored Omron data for key '00088_seg1' and '00088_seg7'
2025-08-12 16:09:25,754 - DEBUG - Loaded and stored Omron data for key '00089_seg1' and '00089_seg7'
2025-08-12 16:09:25,755 - DEBUG - Loaded and stored Omron data for key '00090_seg1' and '00090_seg7'
2025-08-12 16:09:25,755 - DEBUG - Loaded and stored Omron data for key '00091_seg1' and '00091_seg7'
2025-08-12 16:09:25,757 - DEBUG - Loaded and stored Omron data for key '00092_seg1' and '00092_seg7'
2025-08-12 16:09:25,758 - DEBUG - Loaded and stored Omron data for key '00093_seg1' and '00093_seg7'
2025-08-12 16:09:25,759 - DEBUG - Loaded and stored Omron data for key '00094_seg1' and '00094_seg7'
2025-08-12 16:09:25,759 - DEBUG - Loaded and stored Omron data for key '00095_seg1' and '00095_seg7'
2025-08-12 16:09:25,759 - DEBUG - Loaded and stored Omron data for key '00096_seg1' and '00096_seg7'
2025-08-12 16:09:25,759 - DEBUG - Loaded and stored Omron data for key '00097_seg1' and '00097_seg7'
2025-08-12 16:09:25,759 - DEBUG - Loaded and stored Omron data for key '00098_seg1' and '00098_seg7'
2025-08-12 16:09:25,759 - DEBUG - Loaded and stored Omron data for key '00099_seg1' and '00099_seg7'
2025-08-12 16:09:25,759 - DEBUG - Loaded and stored Omron data for key '00100_seg1' and '00100_seg7'
2025-08-12 16:09:25,759 - DEBUG - Loaded and stored Omron data for key '00101_seg1' and '00101_seg7'
2025-08-12 16:09:25,760 - DEBUG - Loaded and stored Omron data for key '00102_seg1' and '00102_seg7'
2025-08-12 16:09:25,760 - DEBUG - Loaded and stored Omron data for key '00103_seg1' and '00103_seg7'
2025-08-12 16:09:25,760 - DEBUG - Loaded and stored Omron data for key '00105_seg1' and '00105_seg7'
2025-08-12 16:09:25,760 - DEBUG - Loaded and stored Omron data for key '00106_seg1' and '00106_seg7'
2025-08-12 16:09:25,760 - DEBUG - Loaded and stored Omron data for key '00107_seg1' and '00107_seg7'
2025-08-12 16:09:25,760 - DEBUG - Loaded and stored Omron data for key '00108_seg1' and '00108_seg7'
2025-08-12 16:09:25,760 - DEBUG - Loaded and stored Omron data for key '00109_seg1' and '00109_seg7'
2025-08-12 16:09:25,760 - DEBUG - Loaded and stored Omron data for key '00110_seg1' and '00110_seg7'
2025-08-12 16:09:25,760 - DEBUG - Loaded and stored Omron data for key '00111_seg1' and '00111_seg7'
2025-08-12 16:09:25,760 - DEBUG - Loaded and stored Omron data for key '00112_seg1' and '00112_seg7'
2025-08-12 16:09:34,760 - DEBUG - Biopac BP values for seg1: SBP=126.3, DBP=59.4 (zeros excluded)
2025-08-12 16:09:35,018 - DEBUG - Calculated shift amount for 00054: +9.6 mmHg
2025-08-12 16:09:35,020 - DEBUG - Processing 00054 - seg1
2025-08-12 16:09:40,270 - DEBUG - Saved calibrated BP data to: ./data/processed/moved/00054/seg1_bp.csv
2025-08-12 16:09:41,515 - DEBUG - Filtering: 66669 points, range before=(91196.0000, 97598.0000), after=(-2207.3240, 2011.6695)
2025-08-12 16:09:42,468 - DEBUG - Filtering: 66668 points, range before=(114158.0000, 118751.0000), after=(-526.5833, 342.9500)
2025-08-12 16:09:43,463 - DEBUG - Filtering: 66668 points, range before=(120688.0000, 122336.0000), after=(-105.8541, 131.1796)
2025-08-12 16:09:44,431 - DEBUG - Filtering: 66669 points, range before=(18101.0000, 25025.0000), after=(-201.5105, 248.6602)
2025-08-12 16:09:44,449 - DEBUG - Available sensors for seg1: ['sensor2', 'sensor3', 'sensor4', 'sensor5'] (4/4)
2025-08-12 16:09:47,255 - DEBUG - Loaded HR data: average 76.1 bpm
2025-08-12 16:09:47,371 - DEBUG - Using provided HR: 76.1 bpm, RR interval: 0.789s
2025-08-12 16:09:47,617 - DEBUG - Found 0 BP valleys in 59998 samples (600.0s), HR: 76 bpm
2025-08-12 16:09:47,618 - DEBUG - Warning: Insufficient BP valleys found, using original slicing method
2025-08-12 16:09:47,630 - DEBUG - Generated 589 valley-based slices from seg1
2025-08-12 16:09:47,630 - DEBUG - Processing 00054 - seg7
2025-08-12 16:09:47,630 - DEBUG - No data processed for seg7
2025-08-12 16:09:47,631 - DEBUG - Loading Omron data from: /root/ppg2bp/data/omron.csv
2025-08-12 16:09:47,636 - DEBUG - Loaded and stored Omron data for key '00042_seg1' and '00042_seg7'
2025-08-12 16:09:47,636 - DEBUG - Loaded and stored Omron data for key '00043_seg1' and '00043_seg7'
2025-08-12 16:09:47,637 - DEBUG - Loaded and stored Omron data for key '00044_seg1' and '00044_seg7'
2025-08-12 16:09:47,637 - DEBUG - Loaded and stored Omron data for key '00016_seg1' and '00016_seg7'
2025-08-12 16:09:47,637 - DEBUG - Loaded and stored Omron data for key '00045_seg1' and '00045_seg7'
2025-08-12 16:09:47,637 - DEBUG - Loaded and stored Omron data for key '00047_seg1' and '00047_seg7'
2025-08-12 16:09:47,637 - DEBUG - Loaded and stored Omron data for key '00048_seg1' and '00048_seg7'
2025-08-12 16:09:47,637 - DEBUG - Loaded and stored Omron data for key '00049_seg1' and '00049_seg7'
2025-08-12 16:09:47,637 - DEBUG - Loaded and stored Omron data for key '00050_seg1' and '00050_seg7'
2025-08-12 16:09:47,637 - DEBUG - Loaded and stored Omron data for key '00051_seg1' and '00051_seg7'
2025-08-12 16:09:47,638 - DEBUG - Loaded and stored Omron data for key '00052_seg1' and '00052_seg7'
2025-08-12 16:09:47,638 - DEBUG - Loaded and stored Omron data for key '00003_seg1' and '00003_seg7'
2025-08-12 16:09:47,638 - DEBUG - Loaded and stored Omron data for key '00053_seg1' and '00053_seg7'
2025-08-12 16:09:47,638 - DEBUG - Loaded and stored Omron data for key '00054_seg1' and '00054_seg7'
2025-08-12 16:09:47,638 - DEBUG - Loaded and stored Omron data for key '00055_seg1' and '00055_seg7'
2025-08-12 16:09:47,638 - DEBUG - Loaded and stored Omron data for key '00056_seg1' and '00056_seg7'
2025-08-12 16:09:47,638 - DEBUG - Loaded and stored Omron data for key '00057_seg1' and '00057_seg7'
2025-08-12 16:09:47,638 - DEBUG - Loaded and stored Omron data for key '00058_seg1' and '00058_seg7'
2025-08-12 16:09:47,638 - DEBUG - Loaded and stored Omron data for key '00059_seg1' and '00059_seg7'
2025-08-12 16:09:47,638 - DEBUG - Loaded and stored Omron data for key '00060_seg1' and '00060_seg7'
2025-08-12 16:09:47,638 - DEBUG - Loaded and stored Omron data for key '00061_seg1' and '00061_seg7'
2025-08-12 16:09:47,639 - DEBUG - Loaded and stored Omron data for key '00062_seg1' and '00062_seg7'
2025-08-12 16:09:47,639 - DEBUG - Loaded and stored Omron data for key '00063_seg1' and '00063_seg7'
2025-08-12 16:09:47,639 - DEBUG - Loaded and stored Omron data for key '00064_seg1' and '00064_seg7'
2025-08-12 16:09:47,639 - DEBUG - Loaded and stored Omron data for key '00065_seg1' and '00065_seg7'
2025-08-12 16:09:47,639 - DEBUG - Loaded and stored Omron data for key '00066_seg1' and '00066_seg7'
2025-08-12 16:09:47,639 - DEBUG - Loaded and stored Omron data for key '00067_seg1' and '00067_seg7'
2025-08-12 16:09:47,639 - DEBUG - Loaded and stored Omron data for key '00068_seg1' and '00068_seg7'
2025-08-12 16:09:47,639 - DEBUG - Loaded and stored Omron data for key '00069_seg1' and '00069_seg7'
2025-08-12 16:09:47,639 - DEBUG - Loaded and stored Omron data for key '00070_seg1' and '00070_seg7'
2025-08-12 16:09:47,639 - DEBUG - Loaded and stored Omron data for key '00071_seg1' and '00071_seg7'
2025-08-12 16:09:47,640 - DEBUG - Loaded and stored Omron data for key '00072_seg1' and '00072_seg7'
2025-08-12 16:09:47,640 - DEBUG - Loaded and stored Omron data for key '00073_seg1' and '00073_seg7'
2025-08-12 16:09:47,640 - DEBUG - Loaded and stored Omron data for key '00074_seg1' and '00074_seg7'
2025-08-12 16:09:47,640 - DEBUG - Loaded and stored Omron data for key '00075_seg1' and '00075_seg7'
2025-08-12 16:09:47,640 - DEBUG - Loaded and stored Omron data for key '00076_seg1' and '00076_seg7'
2025-08-12 16:09:47,640 - DEBUG - Loaded and stored Omron data for key '00077_seg1' and '00077_seg7'
2025-08-12 16:09:47,640 - DEBUG - Loaded and stored Omron data for key '00078_seg1' and '00078_seg7'
2025-08-12 16:09:47,640 - DEBUG - Loaded and stored Omron data for key '00079_seg1' and '00079_seg7'
2025-08-12 16:09:47,640 - DEBUG - Loaded and stored Omron data for key '00080_seg1' and '00080_seg7'
2025-08-12 16:09:47,640 - DEBUG - Loaded and stored Omron data for key '00081_seg1' and '00081_seg7'
2025-08-12 16:09:47,641 - DEBUG - Loaded and stored Omron data for key '00082_seg1' and '00082_seg7'
2025-08-12 16:09:47,641 - DEBUG - Loaded and stored Omron data for key '00083_seg1' and '00083_seg7'
2025-08-12 16:09:47,641 - DEBUG - Loaded and stored Omron data for key '00084_seg1' and '00084_seg7'
2025-08-12 16:09:47,641 - DEBUG - Loaded and stored Omron data for key '00085_seg1' and '00085_seg7'
2025-08-12 16:09:47,641 - DEBUG - Loaded and stored Omron data for key '00086_seg1' and '00086_seg7'
2025-08-12 16:09:47,641 - DEBUG - Loaded and stored Omron data for key '00087_seg1' and '00087_seg7'
2025-08-12 16:09:47,641 - DEBUG - Loaded and stored Omron data for key '00088_seg1' and '00088_seg7'
2025-08-12 16:09:47,641 - DEBUG - Loaded and stored Omron data for key '00089_seg1' and '00089_seg7'
2025-08-12 16:09:47,641 - DEBUG - Loaded and stored Omron data for key '00090_seg1' and '00090_seg7'
2025-08-12 16:09:47,641 - DEBUG - Loaded and stored Omron data for key '00091_seg1' and '00091_seg7'
2025-08-12 16:09:47,641 - DEBUG - Loaded and stored Omron data for key '00092_seg1' and '00092_seg7'
2025-08-12 16:09:47,642 - DEBUG - Loaded and stored Omron data for key '00093_seg1' and '00093_seg7'
2025-08-12 16:09:47,642 - DEBUG - Loaded and stored Omron data for key '00094_seg1' and '00094_seg7'
2025-08-12 16:09:47,642 - DEBUG - Loaded and stored Omron data for key '00095_seg1' and '00095_seg7'
2025-08-12 16:09:47,642 - DEBUG - Loaded and stored Omron data for key '00096_seg1' and '00096_seg7'
2025-08-12 16:09:47,642 - DEBUG - Loaded and stored Omron data for key '00097_seg1' and '00097_seg7'
2025-08-12 16:09:47,642 - DEBUG - Loaded and stored Omron data for key '00098_seg1' and '00098_seg7'
2025-08-12 16:09:47,642 - DEBUG - Loaded and stored Omron data for key '00099_seg1' and '00099_seg7'
2025-08-12 16:09:47,642 - DEBUG - Loaded and stored Omron data for key '00100_seg1' and '00100_seg7'
2025-08-12 16:09:47,642 - DEBUG - Loaded and stored Omron data for key '00101_seg1' and '00101_seg7'
2025-08-12 16:09:47,642 - DEBUG - Loaded and stored Omron data for key '00102_seg1' and '00102_seg7'
2025-08-12 16:09:47,642 - DEBUG - Loaded and stored Omron data for key '00103_seg1' and '00103_seg7'
2025-08-12 16:09:47,643 - DEBUG - Loaded and stored Omron data for key '00105_seg1' and '00105_seg7'
2025-08-12 16:09:47,643 - DEBUG - Loaded and stored Omron data for key '00106_seg1' and '00106_seg7'
2025-08-12 16:09:47,643 - DEBUG - Loaded and stored Omron data for key '00107_seg1' and '00107_seg7'
2025-08-12 16:09:47,643 - DEBUG - Loaded and stored Omron data for key '00108_seg1' and '00108_seg7'
2025-08-12 16:09:47,643 - DEBUG - Loaded and stored Omron data for key '00109_seg1' and '00109_seg7'
2025-08-12 16:09:47,643 - DEBUG - Loaded and stored Omron data for key '00110_seg1' and '00110_seg7'
2025-08-12 16:09:47,643 - DEBUG - Loaded and stored Omron data for key '00111_seg1' and '00111_seg7'
2025-08-12 16:09:47,643 - DEBUG - Loaded and stored Omron data for key '00112_seg1' and '00112_seg7'
2025-08-12 16:09:55,534 - DEBUG - Biopac BP values for seg1: SBP=91.1, DBP=52.5 (zeros excluded)
2025-08-12 16:09:55,795 - DEBUG - Calculated shift amount for 00055: +15.2 mmHg
2025-08-12 16:09:55,797 - DEBUG - Processing 00055 - seg1
2025-08-12 16:10:01,400 - DEBUG - Saved calibrated BP data to: ./data/processed/moved/00055/seg1_bp.csv
2025-08-12 16:10:03,187 - DEBUG - Filtering: 66669 points, range before=(74916.0000, 76791.0000), after=(-524.8698, 336.2793)
2025-08-12 16:10:04,409 - DEBUG - Filtering: 66669 points, range before=(113457.0000, 120393.0000), after=(-374.9915, 345.2620)
2025-08-12 16:10:05,505 - DEBUG - Filtering: 66669 points, range before=(119069.0000, 122416.0000), after=(-155.7368, 191.8141)
2025-08-12 16:10:06,572 - DEBUG - Filtering: 66670 points, range before=(76622.0000, 84231.0000), after=(-547.5491, 673.7325)
2025-08-12 16:10:06,591 - DEBUG - Available sensors for seg1: ['sensor2', 'sensor3', 'sensor4', 'sensor5'] (4/4)
2025-08-12 16:10:10,337 - DEBUG - Loaded HR data: average 70.4 bpm
2025-08-12 16:10:10,474 - DEBUG - Using provided HR: 70.4 bpm, RR interval: 0.852s
2025-08-12 16:10:10,726 - DEBUG - Found 691 BP valleys in 59999 samples (600.0s), HR: 70 bpm
2025-08-12 16:10:10,750 - DEBUG - Created 679 valley-based slices from 691 valleys
2025-08-12 16:10:10,752 - DEBUG - Generated 679 valley-based slices from seg1
2025-08-12 16:10:10,753 - DEBUG - Processing 00055 - seg7
2025-08-12 16:10:12,866 - DEBUG - Saved calibrated BP data to: ./data/processed/moved/00055/seg7_bp.csv
2025-08-12 16:10:13,254 - DEBUG - Filtering: 33336 points, range before=(72435.0000, 79719.0000), after=(-2523.2813, 1365.1296)
2025-08-12 16:10:13,266 - DEBUG - Warning: No valid data in ./data/raw/00055/seg7_sensor3.csv
2025-08-12 16:10:13,778 - DEBUG - Filtering: 33337 points, range before=(121056.0000, 124234.0000), after=(-178.5222, 231.2037)
2025-08-12 16:10:14,312 - DEBUG - Filtering: 33337 points, range before=(86089.0000, 94055.0000), after=(-994.5812, 945.0661)
2025-08-12 16:10:14,325 - DEBUG - Available sensors for seg7: ['sensor2', 'sensor4', 'sensor5'] (3/4)
2025-08-12 16:10:15,260 - DEBUG - Loaded HR data: average 67.6 bpm
2025-08-12 16:10:15,284 - DEBUG - Using provided HR: 67.6 bpm, RR interval: 0.888s
2025-08-12 16:10:15,365 - DEBUG - Found 0 BP valleys in 30000 samples (300.0s), HR: 68 bpm
2025-08-12 16:10:15,366 - DEBUG - Warning: Insufficient BP valleys found, using original slicing method
2025-08-12 16:10:15,375 - DEBUG - Generated 290 valley-based slices from seg7
2025-08-12 16:10:15,377 - DEBUG - Loading Omron data from: /root/ppg2bp/data/omron.csv
2025-08-12 16:10:15,387 - DEBUG - Loaded and stored Omron data for key '00042_seg1' and '00042_seg7'
2025-08-12 16:10:15,387 - DEBUG - Loaded and stored Omron data for key '00043_seg1' and '00043_seg7'
2025-08-12 16:10:15,387 - DEBUG - Loaded and stored Omron data for key '00044_seg1' and '00044_seg7'
2025-08-12 16:10:15,387 - DEBUG - Loaded and stored Omron data for key '00016_seg1' and '00016_seg7'
2025-08-12 16:10:15,387 - DEBUG - Loaded and stored Omron data for key '00045_seg1' and '00045_seg7'
2025-08-12 16:10:15,388 - DEBUG - Loaded and stored Omron data for key '00047_seg1' and '00047_seg7'
2025-08-12 16:10:15,388 - DEBUG - Loaded and stored Omron data for key '00048_seg1' and '00048_seg7'
2025-08-12 16:10:15,388 - DEBUG - Loaded and stored Omron data for key '00049_seg1' and '00049_seg7'
2025-08-12 16:10:15,388 - DEBUG - Loaded and stored Omron data for key '00050_seg1' and '00050_seg7'
2025-08-12 16:10:15,388 - DEBUG - Loaded and stored Omron data for key '00051_seg1' and '00051_seg7'
2025-08-12 16:10:15,388 - DEBUG - Loaded and stored Omron data for key '00052_seg1' and '00052_seg7'
2025-08-12 16:10:15,388 - DEBUG - Loaded and stored Omron data for key '00003_seg1' and '00003_seg7'
2025-08-12 16:10:15,389 - DEBUG - Loaded and stored Omron data for key '00053_seg1' and '00053_seg7'
2025-08-12 16:10:15,389 - DEBUG - Loaded and stored Omron data for key '00054_seg1' and '00054_seg7'
2025-08-12 16:10:15,389 - DEBUG - Loaded and stored Omron data for key '00055_seg1' and '00055_seg7'
2025-08-12 16:10:15,389 - DEBUG - Loaded and stored Omron data for key '00056_seg1' and '00056_seg7'
2025-08-12 16:10:15,389 - DEBUG - Loaded and stored Omron data for key '00057_seg1' and '00057_seg7'
2025-08-12 16:10:15,389 - DEBUG - Loaded and stored Omron data for key '00058_seg1' and '00058_seg7'
2025-08-12 16:10:15,389 - DEBUG - Loaded and stored Omron data for key '00059_seg1' and '00059_seg7'
2025-08-12 16:10:15,390 - DEBUG - Loaded and stored Omron data for key '00060_seg1' and '00060_seg7'
2025-08-12 16:10:15,390 - DEBUG - Loaded and stored Omron data for key '00061_seg1' and '00061_seg7'
2025-08-12 16:10:15,390 - DEBUG - Loaded and stored Omron data for key '00062_seg1' and '00062_seg7'
2025-08-12 16:10:15,390 - DEBUG - Loaded and stored Omron data for key '00063_seg1' and '00063_seg7'
2025-08-12 16:10:15,390 - DEBUG - Loaded and stored Omron data for key '00064_seg1' and '00064_seg7'
2025-08-12 16:10:15,390 - DEBUG - Loaded and stored Omron data for key '00065_seg1' and '00065_seg7'
2025-08-12 16:10:15,390 - DEBUG - Loaded and stored Omron data for key '00066_seg1' and '00066_seg7'
2025-08-12 16:10:15,390 - DEBUG - Loaded and stored Omron data for key '00067_seg1' and '00067_seg7'
2025-08-12 16:10:15,390 - DEBUG - Loaded and stored Omron data for key '00068_seg1' and '00068_seg7'
2025-08-12 16:10:15,391 - DEBUG - Loaded and stored Omron data for key '00069_seg1' and '00069_seg7'
2025-08-12 16:10:15,391 - DEBUG - Loaded and stored Omron data for key '00070_seg1' and '00070_seg7'
2025-08-12 16:10:15,391 - DEBUG - Loaded and stored Omron data for key '00071_seg1' and '00071_seg7'
2025-08-12 16:10:15,391 - DEBUG - Loaded and stored Omron data for key '00072_seg1' and '00072_seg7'
2025-08-12 16:10:15,391 - DEBUG - Loaded and stored Omron data for key '00073_seg1' and '00073_seg7'
2025-08-12 16:10:15,391 - DEBUG - Loaded and stored Omron data for key '00074_seg1' and '00074_seg7'
2025-08-12 16:10:15,391 - DEBUG - Loaded and stored Omron data for key '00075_seg1' and '00075_seg7'
2025-08-12 16:10:15,391 - DEBUG - Loaded and stored Omron data for key '00076_seg1' and '00076_seg7'
2025-08-12 16:10:15,391 - DEBUG - Loaded and stored Omron data for key '00077_seg1' and '00077_seg7'
2025-08-12 16:10:15,392 - DEBUG - Loaded and stored Omron data for key '00078_seg1' and '00078_seg7'
2025-08-12 16:10:15,392 - DEBUG - Loaded and stored Omron data for key '00079_seg1' and '00079_seg7'
2025-08-12 16:10:15,392 - DEBUG - Loaded and stored Omron data for key '00080_seg1' and '00080_seg7'
2025-08-12 16:10:15,392 - DEBUG - Loaded and stored Omron data for key '00081_seg1' and '00081_seg7'
2025-08-12 16:10:15,392 - DEBUG - Loaded and stored Omron data for key '00082_seg1' and '00082_seg7'
2025-08-12 16:10:15,392 - DEBUG - Loaded and stored Omron data for key '00083_seg1' and '00083_seg7'
2025-08-12 16:10:15,392 - DEBUG - Loaded and stored Omron data for key '00084_seg1' and '00084_seg7'
2025-08-12 16:10:15,392 - DEBUG - Loaded and stored Omron data for key '00085_seg1' and '00085_seg7'
2025-08-12 16:10:15,392 - DEBUG - Loaded and stored Omron data for key '00086_seg1' and '00086_seg7'
2025-08-12 16:10:15,393 - DEBUG - Loaded and stored Omron data for key '00087_seg1' and '00087_seg7'
2025-08-12 16:10:15,393 - DEBUG - Loaded and stored Omron data for key '00088_seg1' and '00088_seg7'
2025-08-12 16:10:15,393 - DEBUG - Loaded and stored Omron data for key '00089_seg1' and '00089_seg7'
2025-08-12 16:10:15,393 - DEBUG - Loaded and stored Omron data for key '00090_seg1' and '00090_seg7'
2025-08-12 16:10:15,393 - DEBUG - Loaded and stored Omron data for key '00091_seg1' and '00091_seg7'
2025-08-12 16:10:15,393 - DEBUG - Loaded and stored Omron data for key '00092_seg1' and '00092_seg7'
2025-08-12 16:10:15,393 - DEBUG - Loaded and stored Omron data for key '00093_seg1' and '00093_seg7'
2025-08-12 16:10:15,393 - DEBUG - Loaded and stored Omron data for key '00094_seg1' and '00094_seg7'
2025-08-12 16:10:15,393 - DEBUG - Loaded and stored Omron data for key '00095_seg1' and '00095_seg7'
2025-08-12 16:10:15,394 - DEBUG - Loaded and stored Omron data for key '00096_seg1' and '00096_seg7'
2025-08-12 16:10:15,394 - DEBUG - Loaded and stored Omron data for key '00097_seg1' and '00097_seg7'
2025-08-12 16:10:15,394 - DEBUG - Loaded and stored Omron data for key '00098_seg1' and '00098_seg7'
2025-08-12 16:10:15,394 - DEBUG - Loaded and stored Omron data for key '00099_seg1' and '00099_seg7'
2025-08-12 16:10:15,394 - DEBUG - Loaded and stored Omron data for key '00100_seg1' and '00100_seg7'
2025-08-12 16:10:15,394 - DEBUG - Loaded and stored Omron data for key '00101_seg1' and '00101_seg7'
2025-08-12 16:10:15,394 - DEBUG - Loaded and stored Omron data for key '00102_seg1' and '00102_seg7'
2025-08-12 16:10:15,394 - DEBUG - Loaded and stored Omron data for key '00103_seg1' and '00103_seg7'
2025-08-12 16:10:15,394 - DEBUG - Loaded and stored Omron data for key '00105_seg1' and '00105_seg7'
2025-08-12 16:10:15,395 - DEBUG - Loaded and stored Omron data for key '00106_seg1' and '00106_seg7'
2025-08-12 16:10:15,395 - DEBUG - Loaded and stored Omron data for key '00107_seg1' and '00107_seg7'
2025-08-12 16:10:15,395 - DEBUG - Loaded and stored Omron data for key '00108_seg1' and '00108_seg7'
2025-08-12 16:10:15,395 - DEBUG - Loaded and stored Omron data for key '00109_seg1' and '00109_seg7'
2025-08-12 16:10:15,395 - DEBUG - Loaded and stored Omron data for key '00110_seg1' and '00110_seg7'
2025-08-12 16:10:15,395 - DEBUG - Loaded and stored Omron data for key '00111_seg1' and '00111_seg7'
2025-08-12 16:10:15,395 - DEBUG - Loaded and stored Omron data for key '00112_seg1' and '00112_seg7'
2025-08-12 16:10:24,619 - DEBUG - Biopac BP values for seg1: SBP=107.6, DBP=53.5 (zeros excluded)
2025-08-12 16:10:24,937 - DEBUG - Calculated shift amount for 00056: +6.9 mmHg
2025-08-12 16:10:24,938 - DEBUG - Processing 00056 - seg1
2025-08-12 16:10:30,919 - DEBUG - Saved calibrated BP data to: ./data/processed/moved/00056/seg1_bp.csv
2025-08-12 16:10:32,265 - DEBUG - Filtering: 66672 points, range before=(109468.0000, 115233.0000), after=(-723.5969, 443.5602)
2025-08-12 16:10:35,675 - DEBUG - Filtering: 66673 points, range before=(113887.0000, 119606.0000), after=(-152.4957, 239.7434)
2025-08-12 16:10:36,677 - DEBUG - Filtering: 66673 points, range before=(116008.0000, 119761.0000), after=(-212.1077, 174.0867)
2025-08-12 16:10:37,790 - DEBUG - Filtering: 66672 points, range before=(101940.0000, 106347.0000), after=(-743.5345, 618.1093)
2025-08-12 16:10:37,809 - DEBUG - Available sensors for seg1: ['sensor2', 'sensor3', 'sensor4', 'sensor5'] (4/4)
2025-08-12 16:10:41,160 - DEBUG - Loaded HR data: average 78.9 bpm
2025-08-12 16:10:41,298 - DEBUG - Using provided HR: 78.9 bpm, RR interval: 0.761s
2025-08-12 16:10:41,653 - DEBUG - Found 0 BP valleys in 60002 samples (600.0s), HR: 79 bpm
2025-08-12 16:10:41,654 - DEBUG - Warning: Insufficient BP valleys found, using original slicing method
2025-08-12 16:10:41,667 - DEBUG - Generated 590 valley-based slices from seg1
2025-08-12 16:10:41,668 - DEBUG - Processing 00056 - seg7
2025-08-12 16:10:44,453 - DEBUG - Saved calibrated BP data to: ./data/processed/moved/00056/seg7_bp.csv
2025-08-12 16:10:44,759 - DEBUG - Filtering: 33336 points, range before=(109924.0000, 115610.0000), after=(-467.3953, 312.9957)
2025-08-12 16:10:45,260 - DEBUG - Filtering: 33336 points, range before=(119297.0000, 129901.0000), after=(-2008.6079, 2703.6707)
2025-08-12 16:10:45,713 - DEBUG - Filtering: 33336 points, range before=(123694.0000, 126546.0000), after=(-926.1400, 840.7040)
2025-08-12 16:10:45,938 - DEBUG - Filtering: 33338 points, range before=(121954.0000, 135003.0000), after=(-1391.7528, 1392.7718)
2025-08-12 16:10:45,948 - DEBUG - Available sensors for seg7: ['sensor2', 'sensor3', 'sensor4', 'sensor5'] (4/4)
2025-08-12 16:10:47,419 - DEBUG - Loaded HR data: average 82.4 bpm
2025-08-12 16:10:47,492 - DEBUG - Using provided HR: 82.4 bpm, RR interval: 0.728s
2025-08-12 16:10:47,593 - DEBUG - Found 0 BP valleys in 29999 samples (300.0s), HR: 82 bpm
2025-08-12 16:10:47,594 - DEBUG - Warning: Insufficient BP valleys found, using original slicing method
2025-08-12 16:10:47,602 - DEBUG - Generated 289 valley-based slices from seg7
2025-08-12 16:10:47,604 - DEBUG - Loading Omron data from: /root/ppg2bp/data/omron.csv
2025-08-12 16:10:47,610 - DEBUG - Loaded and stored Omron data for key '00042_seg1' and '00042_seg7'
2025-08-12 16:10:47,611 - DEBUG - Loaded and stored Omron data for key '00043_seg1' and '00043_seg7'
2025-08-12 16:10:47,611 - DEBUG - Loaded and stored Omron data for key '00044_seg1' and '00044_seg7'
2025-08-12 16:10:47,611 - DEBUG - Loaded and stored Omron data for key '00016_seg1' and '00016_seg7'
2025-08-12 16:10:47,611 - DEBUG - Loaded and stored Omron data for key '00045_seg1' and '00045_seg7'
2025-08-12 16:10:47,611 - DEBUG - Loaded and stored Omron data for key '00047_seg1' and '00047_seg7'
2025-08-12 16:10:47,611 - DEBUG - Loaded and stored Omron data for key '00048_seg1' and '00048_seg7'
2025-08-12 16:10:47,611 - DEBUG - Loaded and stored Omron data for key '00049_seg1' and '00049_seg7'
2025-08-12 16:10:47,611 - DEBUG - Loaded and stored Omron data for key '00050_seg1' and '00050_seg7'
2025-08-12 16:10:47,612 - DEBUG - Loaded and stored Omron data for key '00051_seg1' and '00051_seg7'
2025-08-12 16:10:47,612 - DEBUG - Loaded and stored Omron data for key '00052_seg1' and '00052_seg7'
2025-08-12 16:10:47,612 - DEBUG - Loaded and stored Omron data for key '00003_seg1' and '00003_seg7'
2025-08-12 16:10:47,612 - DEBUG - Loaded and stored Omron data for key '00053_seg1' and '00053_seg7'
2025-08-12 16:10:47,612 - DEBUG - Loaded and stored Omron data for key '00054_seg1' and '00054_seg7'
2025-08-12 16:10:47,612 - DEBUG - Loaded and stored Omron data for key '00055_seg1' and '00055_seg7'
2025-08-12 16:10:47,612 - DEBUG - Loaded and stored Omron data for key '00056_seg1' and '00056_seg7'
2025-08-12 16:10:47,612 - DEBUG - Loaded and stored Omron data for key '00057_seg1' and '00057_seg7'
2025-08-12 16:10:47,613 - DEBUG - Loaded and stored Omron data for key '00058_seg1' and '00058_seg7'
2025-08-12 16:10:47,613 - DEBUG - Loaded and stored Omron data for key '00059_seg1' and '00059_seg7'
2025-08-12 16:10:47,613 - DEBUG - Loaded and stored Omron data for key '00060_seg1' and '00060_seg7'
2025-08-12 16:10:47,613 - DEBUG - Loaded and stored Omron data for key '00061_seg1' and '00061_seg7'
2025-08-12 16:10:47,613 - DEBUG - Loaded and stored Omron data for key '00062_seg1' and '00062_seg7'
2025-08-12 16:10:47,613 - DEBUG - Loaded and stored Omron data for key '00063_seg1' and '00063_seg7'
2025-08-12 16:10:47,613 - DEBUG - Loaded and stored Omron data for key '00064_seg1' and '00064_seg7'
2025-08-12 16:10:47,614 - DEBUG - Loaded and stored Omron data for key '00065_seg1' and '00065_seg7'
2025-08-12 16:10:47,614 - DEBUG - Loaded and stored Omron data for key '00066_seg1' and '00066_seg7'
2025-08-12 16:10:47,614 - DEBUG - Loaded and stored Omron data for key '00067_seg1' and '00067_seg7'
2025-08-12 16:10:47,614 - DEBUG - Loaded and stored Omron data for key '00068_seg1' and '00068_seg7'
2025-08-12 16:10:47,614 - DEBUG - Loaded and stored Omron data for key '00069_seg1' and '00069_seg7'
2025-08-12 16:10:47,614 - DEBUG - Loaded and stored Omron data for key '00070_seg1' and '00070_seg7'
2025-08-12 16:10:47,614 - DEBUG - Loaded and stored Omron data for key '00071_seg1' and '00071_seg7'
2025-08-12 16:10:47,614 - DEBUG - Loaded and stored Omron data for key '00072_seg1' and '00072_seg7'
2025-08-12 16:10:47,615 - DEBUG - Loaded and stored Omron data for key '00073_seg1' and '00073_seg7'
2025-08-12 16:10:47,615 - DEBUG - Loaded and stored Omron data for key '00074_seg1' and '00074_seg7'
2025-08-12 16:10:47,615 - DEBUG - Loaded and stored Omron data for key '00075_seg1' and '00075_seg7'
2025-08-12 16:10:47,615 - DEBUG - Loaded and stored Omron data for key '00076_seg1' and '00076_seg7'
2025-08-12 16:10:47,615 - DEBUG - Loaded and stored Omron data for key '00077_seg1' and '00077_seg7'
2025-08-12 16:10:47,615 - DEBUG - Loaded and stored Omron data for key '00078_seg1' and '00078_seg7'
2025-08-12 16:10:47,615 - DEBUG - Loaded and stored Omron data for key '00079_seg1' and '00079_seg7'
2025-08-12 16:10:47,615 - DEBUG - Loaded and stored Omron data for key '00080_seg1' and '00080_seg7'
2025-08-12 16:10:47,615 - DEBUG - Loaded and stored Omron data for key '00081_seg1' and '00081_seg7'
2025-08-12 16:10:47,615 - DEBUG - Loaded and stored Omron data for key '00082_seg1' and '00082_seg7'
2025-08-12 16:10:47,616 - DEBUG - Loaded and stored Omron data for key '00083_seg1' and '00083_seg7'
2025-08-12 16:10:47,616 - DEBUG - Loaded and stored Omron data for key '00084_seg1' and '00084_seg7'
2025-08-12 16:10:47,616 - DEBUG - Loaded and stored Omron data for key '00085_seg1' and '00085_seg7'
2025-08-12 16:10:47,616 - DEBUG - Loaded and stored Omron data for key '00086_seg1' and '00086_seg7'
2025-08-12 16:10:47,616 - DEBUG - Loaded and stored Omron data for key '00087_seg1' and '00087_seg7'
2025-08-12 16:10:47,616 - DEBUG - Loaded and stored Omron data for key '00088_seg1' and '00088_seg7'
2025-08-12 16:10:47,616 - DEBUG - Loaded and stored Omron data for key '00089_seg1' and '00089_seg7'
2025-08-12 16:10:47,616 - DEBUG - Loaded and stored Omron data for key '00090_seg1' and '00090_seg7'
2025-08-12 16:10:47,617 - DEBUG - Loaded and stored Omron data for key '00091_seg1' and '00091_seg7'
2025-08-12 16:10:47,617 - DEBUG - Loaded and stored Omron data for key '00092_seg1' and '00092_seg7'
2025-08-12 16:10:47,617 - DEBUG - Loaded and stored Omron data for key '00093_seg1' and '00093_seg7'
2025-08-12 16:10:47,617 - DEBUG - Loaded and stored Omron data for key '00094_seg1' and '00094_seg7'
2025-08-12 16:10:47,617 - DEBUG - Loaded and stored Omron data for key '00095_seg1' and '00095_seg7'
2025-08-12 16:10:47,617 - DEBUG - Loaded and stored Omron data for key '00096_seg1' and '00096_seg7'
2025-08-12 16:10:47,617 - DEBUG - Loaded and stored Omron data for key '00097_seg1' and '00097_seg7'
2025-08-12 16:10:47,617 - DEBUG - Loaded and stored Omron data for key '00098_seg1' and '00098_seg7'
2025-08-12 16:10:47,617 - DEBUG - Loaded and stored Omron data for key '00099_seg1' and '00099_seg7'
2025-08-12 16:10:47,618 - DEBUG - Loaded and stored Omron data for key '00100_seg1' and '00100_seg7'
2025-08-12 16:10:47,618 - DEBUG - Loaded and stored Omron data for key '00101_seg1' and '00101_seg7'
2025-08-12 16:10:47,618 - DEBUG - Loaded and stored Omron data for key '00102_seg1' and '00102_seg7'
2025-08-12 16:10:47,618 - DEBUG - Loaded and stored Omron data for key '00103_seg1' and '00103_seg7'
2025-08-12 16:10:47,618 - DEBUG - Loaded and stored Omron data for key '00105_seg1' and '00105_seg7'
2025-08-12 16:10:47,618 - DEBUG - Loaded and stored Omron data for key '00106_seg1' and '00106_seg7'
2025-08-12 16:10:47,618 - DEBUG - Loaded and stored Omron data for key '00107_seg1' and '00107_seg7'
2025-08-12 16:10:47,618 - DEBUG - Loaded and stored Omron data for key '00108_seg1' and '00108_seg7'
2025-08-12 16:10:47,618 - DEBUG - Loaded and stored Omron data for key '00109_seg1' and '00109_seg7'
2025-08-12 16:10:47,619 - DEBUG - Loaded and stored Omron data for key '00110_seg1' and '00110_seg7'
2025-08-12 16:10:47,619 - DEBUG - Loaded and stored Omron data for key '00111_seg1' and '00111_seg7'
2025-08-12 16:10:47,619 - DEBUG - Loaded and stored Omron data for key '00112_seg1' and '00112_seg7'
2025-08-12 16:10:55,398 - DEBUG - Biopac BP values for seg1: SBP=103.5, DBP=62.3 (zeros excluded)
2025-08-12 16:10:55,649 - DEBUG - Calculated shift amount for 00057: -0.4 mmHg
2025-08-12 16:10:55,650 - DEBUG - Processing 00057 - seg1
2025-08-12 16:11:01,133 - DEBUG - Saved calibrated BP data to: ./data/processed/moved/00057/seg1_bp.csv
2025-08-12 16:11:02,365 - DEBUG - Filtering: 66675 points, range before=(86085.0000, 98694.0000), after=(-1262.2407, 1087.9509)
2025-08-12 16:11:03,469 - DEBUG - Warning: Filtering failed (The length of the input vector x must be greater than padlen, which is 27.), returning original data
2025-08-12 16:11:04,477 - DEBUG - Filtering: 66674 points, range before=(119435.0000, 122469.0000), after=(-450.1272, 487.8343)
2025-08-12 16:11:05,511 - DEBUG - Filtering: 66674 points, range before=(120669.0000, 130579.0000), after=(-357.7067, 366.3285)
2025-08-12 16:11:05,531 - DEBUG - Available sensors for seg1: ['sensor2', 'sensor3', 'sensor4', 'sensor5'] (4/4)
2025-08-12 16:11:05,531 - DEBUG - Warning: Insufficient data length (12) for seg1
2025-08-12 16:11:05,541 - DEBUG - No data processed for seg1
2025-08-12 16:11:05,542 - DEBUG - Processing 00057 - seg7
2025-08-12 16:11:07,836 - DEBUG - Saved calibrated BP data to: ./data/processed/moved/00057/seg7_bp.csv
2025-08-12 16:11:08,458 - DEBUG - Filtering: 33337 points, range before=(36479.0000, 99230.0000), after=(-37682.2767, 16075.2738)
2025-08-12 16:11:08,987 - DEBUG - Filtering: 33337 points, range before=(79789.0000, 110937.0000), after=(-12364.6491, 4692.2150)
2025-08-12 16:11:09,565 - DEBUG - Filtering: 33336 points, range before=(110526.0000, 126152.0000), after=(-5697.7147, 3558.8717)
2025-08-12 16:11:10,128 - DEBUG - Filtering: 33336 points, range before=(129548.0000, 134506.0000), after=(-660.5827, 1104.7600)
2025-08-12 16:11:10,145 - DEBUG - Available sensors for seg7: ['sensor2', 'sensor3', 'sensor4', 'sensor5'] (4/4)
2025-08-12 16:11:11,235 - DEBUG - Loaded HR data: average 67.3 bpm
2025-08-12 16:11:11,253 - DEBUG - Using provided HR: 67.3 bpm, RR interval: 0.891s
2025-08-12 16:11:11,343 - DEBUG - Found 0 BP valleys in 30000 samples (300.0s), HR: 67 bpm
2025-08-12 16:11:11,344 - DEBUG - Warning: Insufficient BP valleys found, using original slicing method
2025-08-12 16:11:11,351 - DEBUG - Generated 290 valley-based slices from seg7
2025-08-12 16:11:11,352 - DEBUG - Loading Omron data from: /root/ppg2bp/data/omron.csv
2025-08-12 16:11:11,358 - DEBUG - Loaded and stored Omron data for key '00042_seg1' and '00042_seg7'
2025-08-12 16:11:11,358 - DEBUG - Loaded and stored Omron data for key '00043_seg1' and '00043_seg7'
2025-08-12 16:11:11,358 - DEBUG - Loaded and stored Omron data for key '00044_seg1' and '00044_seg7'
2025-08-12 16:11:11,358 - DEBUG - Loaded and stored Omron data for key '00016_seg1' and '00016_seg7'
2025-08-12 16:11:11,358 - DEBUG - Loaded and stored Omron data for key '00045_seg1' and '00045_seg7'
2025-08-12 16:11:11,359 - DEBUG - Loaded and stored Omron data for key '00047_seg1' and '00047_seg7'
2025-08-12 16:11:11,359 - DEBUG - Loaded and stored Omron data for key '00048_seg1' and '00048_seg7'
2025-08-12 16:11:11,359 - DEBUG - Loaded and stored Omron data for key '00049_seg1' and '00049_seg7'
2025-08-12 16:11:11,359 - DEBUG - Loaded and stored Omron data for key '00050_seg1' and '00050_seg7'
2025-08-12 16:11:11,359 - DEBUG - Loaded and stored Omron data for key '00051_seg1' and '00051_seg7'
2025-08-12 16:11:11,359 - DEBUG - Loaded and stored Omron data for key '00052_seg1' and '00052_seg7'
2025-08-12 16:11:11,359 - DEBUG - Loaded and stored Omron data for key '00003_seg1' and '00003_seg7'
2025-08-12 16:11:11,359 - DEBUG - Loaded and stored Omron data for key '00053_seg1' and '00053_seg7'
2025-08-12 16:11:11,360 - DEBUG - Loaded and stored Omron data for key '00054_seg1' and '00054_seg7'
2025-08-12 16:11:11,360 - DEBUG - Loaded and stored Omron data for key '00055_seg1' and '00055_seg7'
2025-08-12 16:11:11,360 - DEBUG - Loaded and stored Omron data for key '00056_seg1' and '00056_seg7'
2025-08-12 16:11:11,360 - DEBUG - Loaded and stored Omron data for key '00057_seg1' and '00057_seg7'
2025-08-12 16:11:11,360 - DEBUG - Loaded and stored Omron data for key '00058_seg1' and '00058_seg7'
2025-08-12 16:11:11,360 - DEBUG - Loaded and stored Omron data for key '00059_seg1' and '00059_seg7'
2025-08-12 16:11:11,360 - DEBUG - Loaded and stored Omron data for key '00060_seg1' and '00060_seg7'
2025-08-12 16:11:11,360 - DEBUG - Loaded and stored Omron data for key '00061_seg1' and '00061_seg7'
2025-08-12 16:11:11,360 - DEBUG - Loaded and stored Omron data for key '00062_seg1' and '00062_seg7'
2025-08-12 16:11:11,361 - DEBUG - Loaded and stored Omron data for key '00063_seg1' and '00063_seg7'
2025-08-12 16:11:11,361 - DEBUG - Loaded and stored Omron data for key '00064_seg1' and '00064_seg7'
2025-08-12 16:11:11,361 - DEBUG - Loaded and stored Omron data for key '00065_seg1' and '00065_seg7'
2025-08-12 16:11:11,361 - DEBUG - Loaded and stored Omron data for key '00066_seg1' and '00066_seg7'
2025-08-12 16:11:11,361 - DEBUG - Loaded and stored Omron data for key '00067_seg1' and '00067_seg7'
2025-08-12 16:11:11,361 - DEBUG - Loaded and stored Omron data for key '00068_seg1' and '00068_seg7'
2025-08-12 16:11:11,361 - DEBUG - Loaded and stored Omron data for key '00069_seg1' and '00069_seg7'
2025-08-12 16:11:11,361 - DEBUG - Loaded and stored Omron data for key '00070_seg1' and '00070_seg7'
2025-08-12 16:11:11,361 - DEBUG - Loaded and stored Omron data for key '00071_seg1' and '00071_seg7'
2025-08-12 16:11:11,362 - DEBUG - Loaded and stored Omron data for key '00072_seg1' and '00072_seg7'
2025-08-12 16:11:11,362 - DEBUG - Loaded and stored Omron data for key '00073_seg1' and '00073_seg7'
2025-08-12 16:11:11,362 - DEBUG - Loaded and stored Omron data for key '00074_seg1' and '00074_seg7'
2025-08-12 16:11:11,362 - DEBUG - Loaded and stored Omron data for key '00075_seg1' and '00075_seg7'
2025-08-12 16:11:11,362 - DEBUG - Loaded and stored Omron data for key '00076_seg1' and '00076_seg7'
2025-08-12 16:11:11,362 - DEBUG - Loaded and stored Omron data for key '00077_seg1' and '00077_seg7'
2025-08-12 16:11:11,362 - DEBUG - Loaded and stored Omron data for key '00078_seg1' and '00078_seg7'
2025-08-12 16:11:11,362 - DEBUG - Loaded and stored Omron data for key '00079_seg1' and '00079_seg7'
2025-08-12 16:11:11,362 - DEBUG - Loaded and stored Omron data for key '00080_seg1' and '00080_seg7'
2025-08-12 16:11:11,362 - DEBUG - Loaded and stored Omron data for key '00081_seg1' and '00081_seg7'
2025-08-12 16:11:11,363 - DEBUG - Loaded and stored Omron data for key '00082_seg1' and '00082_seg7'
2025-08-12 16:11:11,363 - DEBUG - Loaded and stored Omron data for key '00083_seg1' and '00083_seg7'
2025-08-12 16:11:11,363 - DEBUG - Loaded and stored Omron data for key '00084_seg1' and '00084_seg7'
2025-08-12 16:11:11,363 - DEBUG - Loaded and stored Omron data for key '00085_seg1' and '00085_seg7'
2025-08-12 16:11:11,363 - DEBUG - Loaded and stored Omron data for key '00086_seg1' and '00086_seg7'
2025-08-12 16:11:11,363 - DEBUG - Loaded and stored Omron data for key '00087_seg1' and '00087_seg7'
2025-08-12 16:11:11,363 - DEBUG - Loaded and stored Omron data for key '00088_seg1' and '00088_seg7'
2025-08-12 16:11:11,363 - DEBUG - Loaded and stored Omron data for key '00089_seg1' and '00089_seg7'
2025-08-12 16:11:11,363 - DEBUG - Loaded and stored Omron data for key '00090_seg1' and '00090_seg7'
2025-08-12 16:11:11,364 - DEBUG - Loaded and stored Omron data for key '00091_seg1' and '00091_seg7'
2025-08-12 16:11:11,364 - DEBUG - Loaded and stored Omron data for key '00092_seg1' and '00092_seg7'
2025-08-12 16:11:11,364 - DEBUG - Loaded and stored Omron data for key '00093_seg1' and '00093_seg7'
2025-08-12 16:11:11,364 - DEBUG - Loaded and stored Omron data for key '00094_seg1' and '00094_seg7'
2025-08-12 16:11:11,364 - DEBUG - Loaded and stored Omron data for key '00095_seg1' and '00095_seg7'
2025-08-12 16:11:11,364 - DEBUG - Loaded and stored Omron data for key '00096_seg1' and '00096_seg7'
2025-08-12 16:11:11,364 - DEBUG - Loaded and stored Omron data for key '00097_seg1' and '00097_seg7'
2025-08-12 16:11:11,364 - DEBUG - Loaded and stored Omron data for key '00098_seg1' and '00098_seg7'
2025-08-12 16:11:11,364 - DEBUG - Loaded and stored Omron data for key '00099_seg1' and '00099_seg7'
2025-08-12 16:11:11,365 - DEBUG - Loaded and stored Omron data for key '00100_seg1' and '00100_seg7'
2025-08-12 16:11:11,365 - DEBUG - Loaded and stored Omron data for key '00101_seg1' and '00101_seg7'
2025-08-12 16:11:11,365 - DEBUG - Loaded and stored Omron data for key '00102_seg1' and '00102_seg7'
2025-08-12 16:11:11,365 - DEBUG - Loaded and stored Omron data for key '00103_seg1' and '00103_seg7'
2025-08-12 16:11:11,365 - DEBUG - Loaded and stored Omron data for key '00105_seg1' and '00105_seg7'
2025-08-12 16:11:11,365 - DEBUG - Loaded and stored Omron data for key '00106_seg1' and '00106_seg7'
2025-08-12 16:11:11,365 - DEBUG - Loaded and stored Omron data for key '00107_seg1' and '00107_seg7'
2025-08-12 16:11:11,365 - DEBUG - Loaded and stored Omron data for key '00108_seg1' and '00108_seg7'
2025-08-12 16:11:11,365 - DEBUG - Loaded and stored Omron data for key '00109_seg1' and '00109_seg7'
2025-08-12 16:11:11,365 - DEBUG - Loaded and stored Omron data for key '00110_seg1' and '00110_seg7'
2025-08-12 16:11:11,366 - DEBUG - Loaded and stored Omron data for key '00111_seg1' and '00111_seg7'
2025-08-12 16:11:11,366 - DEBUG - Loaded and stored Omron data for key '00112_seg1' and '00112_seg7'
2025-08-12 16:11:18,869 - DEBUG - Biopac BP values for seg1: SBP=85.3, DBP=38.4 (zeros excluded)
2025-08-12 16:11:19,180 - DEBUG - No shift for 00058, delta too large (-11.9 mmHg)
2025-08-12 16:11:19,181 - DEBUG - Processing 00058 - seg1
2025-08-12 16:11:24,275 - DEBUG - Loading Omron data from: /root/ppg2bp/data/omron.csv
2025-08-12 16:11:24,282 - DEBUG - Loaded and stored Omron data for key '00042_seg1' and '00042_seg7'
2025-08-12 16:11:24,283 - DEBUG - Loaded and stored Omron data for key '00043_seg1' and '00043_seg7'
2025-08-12 16:11:24,283 - DEBUG - Loaded and stored Omron data for key '00044_seg1' and '00044_seg7'
2025-08-12 16:11:24,283 - DEBUG - Loaded and stored Omron data for key '00016_seg1' and '00016_seg7'
2025-08-12 16:11:24,283 - DEBUG - Loaded and stored Omron data for key '00045_seg1' and '00045_seg7'
2025-08-12 16:11:24,284 - DEBUG - Loaded and stored Omron data for key '00047_seg1' and '00047_seg7'
2025-08-12 16:11:24,284 - DEBUG - Loaded and stored Omron data for key '00048_seg1' and '00048_seg7'
2025-08-12 16:11:24,284 - DEBUG - Loaded and stored Omron data for key '00049_seg1' and '00049_seg7'
2025-08-12 16:11:24,284 - DEBUG - Loaded and stored Omron data for key '00050_seg1' and '00050_seg7'
2025-08-12 16:11:24,284 - DEBUG - Loaded and stored Omron data for key '00051_seg1' and '00051_seg7'
2025-08-12 16:11:24,284 - DEBUG - Loaded and stored Omron data for key '00052_seg1' and '00052_seg7'
2025-08-12 16:11:24,284 - DEBUG - Loaded and stored Omron data for key '00003_seg1' and '00003_seg7'
2025-08-12 16:11:24,285 - DEBUG - Loaded and stored Omron data for key '00053_seg1' and '00053_seg7'
2025-08-12 16:11:24,285 - DEBUG - Loaded and stored Omron data for key '00054_seg1' and '00054_seg7'
2025-08-12 16:11:24,285 - DEBUG - Loaded and stored Omron data for key '00055_seg1' and '00055_seg7'
2025-08-12 16:11:24,285 - DEBUG - Loaded and stored Omron data for key '00056_seg1' and '00056_seg7'
2025-08-12 16:11:24,285 - DEBUG - Loaded and stored Omron data for key '00057_seg1' and '00057_seg7'
2025-08-12 16:11:24,285 - DEBUG - Loaded and stored Omron data for key '00058_seg1' and '00058_seg7'
2025-08-12 16:11:24,285 - DEBUG - Loaded and stored Omron data for key '00059_seg1' and '00059_seg7'
2025-08-12 16:11:24,285 - DEBUG - Loaded and stored Omron data for key '00060_seg1' and '00060_seg7'
2025-08-12 16:11:24,286 - DEBUG - Loaded and stored Omron data for key '00061_seg1' and '00061_seg7'
2025-08-12 16:11:24,286 - DEBUG - Loaded and stored Omron data for key '00062_seg1' and '00062_seg7'
2025-08-12 16:11:24,286 - DEBUG - Loaded and stored Omron data for key '00063_seg1' and '00063_seg7'
2025-08-12 16:11:24,286 - DEBUG - Loaded and stored Omron data for key '00064_seg1' and '00064_seg7'
2025-08-12 16:11:24,286 - DEBUG - Loaded and stored Omron data for key '00065_seg1' and '00065_seg7'
2025-08-12 16:11:24,286 - DEBUG - Loaded and stored Omron data for key '00066_seg1' and '00066_seg7'
2025-08-12 16:11:24,286 - DEBUG - Loaded and stored Omron data for key '00067_seg1' and '00067_seg7'
2025-08-12 16:11:24,286 - DEBUG - Loaded and stored Omron data for key '00068_seg1' and '00068_seg7'
2025-08-12 16:11:24,286 - DEBUG - Loaded and stored Omron data for key '00069_seg1' and '00069_seg7'
2025-08-12 16:11:24,287 - DEBUG - Loaded and stored Omron data for key '00070_seg1' and '00070_seg7'
2025-08-12 16:11:24,288 - DEBUG - Loaded and stored Omron data for key '00071_seg1' and '00071_seg7'
2025-08-12 16:11:24,289 - DEBUG - Loaded and stored Omron data for key '00072_seg1' and '00072_seg7'
2025-08-12 16:11:24,289 - DEBUG - Loaded and stored Omron data for key '00073_seg1' and '00073_seg7'
2025-08-12 16:11:24,289 - DEBUG - Loaded and stored Omron data for key '00074_seg1' and '00074_seg7'
2025-08-12 16:11:24,289 - DEBUG - Loaded and stored Omron data for key '00075_seg1' and '00075_seg7'
2025-08-12 16:11:24,289 - DEBUG - Loaded and stored Omron data for key '00076_seg1' and '00076_seg7'
2025-08-12 16:11:24,289 - DEBUG - Loaded and stored Omron data for key '00077_seg1' and '00077_seg7'
2025-08-12 16:11:24,289 - DEBUG - Loaded and stored Omron data for key '00078_seg1' and '00078_seg7'
2025-08-12 16:11:24,290 - DEBUG - Loaded and stored Omron data for key '00079_seg1' and '00079_seg7'
2025-08-12 16:11:24,290 - DEBUG - Loaded and stored Omron data for key '00080_seg1' and '00080_seg7'
2025-08-12 16:11:24,290 - DEBUG - Loaded and stored Omron data for key '00081_seg1' and '00081_seg7'
2025-08-12 16:11:24,290 - DEBUG - Loaded and stored Omron data for key '00082_seg1' and '00082_seg7'
2025-08-12 16:11:24,290 - DEBUG - Loaded and stored Omron data for key '00083_seg1' and '00083_seg7'
2025-08-12 16:11:24,290 - DEBUG - Loaded and stored Omron data for key '00084_seg1' and '00084_seg7'
2025-08-12 16:11:24,291 - DEBUG - Loaded and stored Omron data for key '00085_seg1' and '00085_seg7'
2025-08-12 16:11:24,291 - DEBUG - Loaded and stored Omron data for key '00086_seg1' and '00086_seg7'
2025-08-12 16:11:24,291 - DEBUG - Loaded and stored Omron data for key '00087_seg1' and '00087_seg7'
2025-08-12 16:11:24,291 - DEBUG - Loaded and stored Omron data for key '00088_seg1' and '00088_seg7'
2025-08-12 16:11:24,291 - DEBUG - Loaded and stored Omron data for key '00089_seg1' and '00089_seg7'
2025-08-12 16:11:24,291 - DEBUG - Loaded and stored Omron data for key '00090_seg1' and '00090_seg7'
2025-08-12 16:11:24,291 - DEBUG - Loaded and stored Omron data for key '00091_seg1' and '00091_seg7'
2025-08-12 16:11:24,291 - DEBUG - Loaded and stored Omron data for key '00092_seg1' and '00092_seg7'
2025-08-12 16:11:24,292 - DEBUG - Loaded and stored Omron data for key '00093_seg1' and '00093_seg7'
2025-08-12 16:11:24,292 - DEBUG - Loaded and stored Omron data for key '00094_seg1' and '00094_seg7'
2025-08-12 16:11:24,292 - DEBUG - Loaded and stored Omron data for key '00095_seg1' and '00095_seg7'
2025-08-12 16:11:24,292 - DEBUG - Loaded and stored Omron data for key '00096_seg1' and '00096_seg7'
2025-08-12 16:11:24,292 - DEBUG - Loaded and stored Omron data for key '00097_seg1' and '00097_seg7'
2025-08-12 16:11:24,292 - DEBUG - Loaded and stored Omron data for key '00098_seg1' and '00098_seg7'
2025-08-12 16:11:24,292 - DEBUG - Loaded and stored Omron data for key '00099_seg1' and '00099_seg7'
2025-08-12 16:11:24,292 - DEBUG - Loaded and stored Omron data for key '00100_seg1' and '00100_seg7'
2025-08-12 16:11:24,292 - DEBUG - Loaded and stored Omron data for key '00101_seg1' and '00101_seg7'
2025-08-12 16:11:24,293 - DEBUG - Loaded and stored Omron data for key '00102_seg1' and '00102_seg7'
2025-08-12 16:11:24,293 - DEBUG - Loaded and stored Omron data for key '00103_seg1' and '00103_seg7'
2025-08-12 16:11:24,293 - DEBUG - Loaded and stored Omron data for key '00105_seg1' and '00105_seg7'
2025-08-12 16:11:24,293 - DEBUG - Loaded and stored Omron data for key '00106_seg1' and '00106_seg7'
2025-08-12 16:11:24,293 - DEBUG - Loaded and stored Omron data for key '00107_seg1' and '00107_seg7'
2025-08-12 16:11:24,293 - DEBUG - Loaded and stored Omron data for key '00108_seg1' and '00108_seg7'
2025-08-12 16:11:24,293 - DEBUG - Loaded and stored Omron data for key '00109_seg1' and '00109_seg7'
2025-08-12 16:11:24,293 - DEBUG - Loaded and stored Omron data for key '00110_seg1' and '00110_seg7'
2025-08-12 16:11:24,294 - DEBUG - Loaded and stored Omron data for key '00111_seg1' and '00111_seg7'
2025-08-12 16:11:24,294 - DEBUG - Loaded and stored Omron data for key '00112_seg1' and '00112_seg7'
2025-08-12 16:11:32,746 - DEBUG - Biopac BP values for seg1: SBP=85.3, DBP=38.4 (zeros excluded)
2025-08-12 16:11:33,043 - DEBUG - No shift for 00058, delta too large (-11.9 mmHg)
2025-08-12 16:11:34,480 - DEBUG - Saved calibrated BP data to: ./data/processed/moved/00058/seg1_bp.csv
2025-08-12 16:11:36,418 - DEBUG - Filtering: 66670 points, range before=(50630.0000, 60344.0000), after=(-1865.9375, 1394.6890)
2025-08-12 16:11:37,667 - DEBUG - Filtering: 66669 points, range before=(102883.0000, 115035.0000), after=(-2067.2181, 1550.5420)
2025-08-12 16:11:38,813 - DEBUG - Filtering: 66669 points, range before=(109348.0000, 113279.0000), after=(-1460.5965, 944.2658)
2025-08-12 16:11:39,888 - DEBUG - Filtering: 66669 points, range before=(82243.0000, 93680.0000), after=(-348.9094, 354.7882)
2025-08-12 16:11:39,919 - DEBUG - Available sensors for seg1: ['sensor2', 'sensor3', 'sensor4', 'sensor5'] (4/4)
2025-08-12 16:11:43,545 - DEBUG - Loaded HR data: average 64.7 bpm
2025-08-12 16:11:43,683 - DEBUG - Using provided HR: 64.7 bpm, RR interval: 0.927s
2025-08-12 16:11:43,837 - DEBUG - Found 0 BP valleys in 59999 samples (600.0s), HR: 65 bpm
2025-08-12 16:11:43,838 - DEBUG - Warning: Insufficient BP valleys found, using original slicing method
2025-08-12 16:11:43,851 - DEBUG - Generated 589 valley-based slices from seg1
2025-08-12 16:11:43,851 - DEBUG - Processing 00058 - seg7
2025-08-12 16:11:45,219 - DEBUG - Loading Omron data from: /root/ppg2bp/data/omron.csv
2025-08-12 16:11:45,225 - DEBUG - Loaded and stored Omron data for key '00042_seg1' and '00042_seg7'
2025-08-12 16:11:45,225 - DEBUG - Loaded and stored Omron data for key '00043_seg1' and '00043_seg7'
2025-08-12 16:11:45,225 - DEBUG - Loaded and stored Omron data for key '00044_seg1' and '00044_seg7'
2025-08-12 16:11:45,225 - DEBUG - Loaded and stored Omron data for key '00016_seg1' and '00016_seg7'
2025-08-12 16:11:45,225 - DEBUG - Loaded and stored Omron data for key '00045_seg1' and '00045_seg7'
2025-08-12 16:11:45,226 - DEBUG - Loaded and stored Omron data for key '00047_seg1' and '00047_seg7'
2025-08-12 16:11:45,226 - DEBUG - Loaded and stored Omron data for key '00048_seg1' and '00048_seg7'
2025-08-12 16:11:45,226 - DEBUG - Loaded and stored Omron data for key '00049_seg1' and '00049_seg7'
2025-08-12 16:11:45,226 - DEBUG - Loaded and stored Omron data for key '00050_seg1' and '00050_seg7'
2025-08-12 16:11:45,226 - DEBUG - Loaded and stored Omron data for key '00051_seg1' and '00051_seg7'
2025-08-12 16:11:45,226 - DEBUG - Loaded and stored Omron data for key '00052_seg1' and '00052_seg7'
2025-08-12 16:11:45,226 - DEBUG - Loaded and stored Omron data for key '00003_seg1' and '00003_seg7'
2025-08-12 16:11:45,226 - DEBUG - Loaded and stored Omron data for key '00053_seg1' and '00053_seg7'
2025-08-12 16:11:45,227 - DEBUG - Loaded and stored Omron data for key '00054_seg1' and '00054_seg7'
2025-08-12 16:11:45,227 - DEBUG - Loaded and stored Omron data for key '00055_seg1' and '00055_seg7'
2025-08-12 16:11:45,227 - DEBUG - Loaded and stored Omron data for key '00056_seg1' and '00056_seg7'
2025-08-12 16:11:45,227 - DEBUG - Loaded and stored Omron data for key '00057_seg1' and '00057_seg7'
2025-08-12 16:11:45,227 - DEBUG - Loaded and stored Omron data for key '00058_seg1' and '00058_seg7'
2025-08-12 16:11:45,227 - DEBUG - Loaded and stored Omron data for key '00059_seg1' and '00059_seg7'
2025-08-12 16:11:45,227 - DEBUG - Loaded and stored Omron data for key '00060_seg1' and '00060_seg7'
2025-08-12 16:11:45,227 - DEBUG - Loaded and stored Omron data for key '00061_seg1' and '00061_seg7'
2025-08-12 16:11:45,227 - DEBUG - Loaded and stored Omron data for key '00062_seg1' and '00062_seg7'
2025-08-12 16:11:45,228 - DEBUG - Loaded and stored Omron data for key '00063_seg1' and '00063_seg7'
2025-08-12 16:11:45,228 - DEBUG - Loaded and stored Omron data for key '00064_seg1' and '00064_seg7'
2025-08-12 16:11:45,228 - DEBUG - Loaded and stored Omron data for key '00065_seg1' and '00065_seg7'
2025-08-12 16:11:45,228 - DEBUG - Loaded and stored Omron data for key '00066_seg1' and '00066_seg7'
2025-08-12 16:11:45,228 - DEBUG - Loaded and stored Omron data for key '00067_seg1' and '00067_seg7'
2025-08-12 16:11:45,228 - DEBUG - Loaded and stored Omron data for key '00068_seg1' and '00068_seg7'
2025-08-12 16:11:45,228 - DEBUG - Loaded and stored Omron data for key '00069_seg1' and '00069_seg7'
2025-08-12 16:11:45,228 - DEBUG - Loaded and stored Omron data for key '00070_seg1' and '00070_seg7'
2025-08-12 16:11:45,228 - DEBUG - Loaded and stored Omron data for key '00071_seg1' and '00071_seg7'
2025-08-12 16:11:45,228 - DEBUG - Loaded and stored Omron data for key '00072_seg1' and '00072_seg7'
2025-08-12 16:11:45,228 - DEBUG - Loaded and stored Omron data for key '00073_seg1' and '00073_seg7'
2025-08-12 16:11:45,229 - DEBUG - Loaded and stored Omron data for key '00074_seg1' and '00074_seg7'
2025-08-12 16:11:45,229 - DEBUG - Loaded and stored Omron data for key '00075_seg1' and '00075_seg7'
2025-08-12 16:11:45,229 - DEBUG - Loaded and stored Omron data for key '00076_seg1' and '00076_seg7'
2025-08-12 16:11:45,229 - DEBUG - Loaded and stored Omron data for key '00077_seg1' and '00077_seg7'
2025-08-12 16:11:45,229 - DEBUG - Loaded and stored Omron data for key '00078_seg1' and '00078_seg7'
2025-08-12 16:11:45,229 - DEBUG - Loaded and stored Omron data for key '00079_seg1' and '00079_seg7'
2025-08-12 16:11:45,229 - DEBUG - Loaded and stored Omron data for key '00080_seg1' and '00080_seg7'
2025-08-12 16:11:45,229 - DEBUG - Loaded and stored Omron data for key '00081_seg1' and '00081_seg7'
2025-08-12 16:11:45,229 - DEBUG - Loaded and stored Omron data for key '00082_seg1' and '00082_seg7'
2025-08-12 16:11:45,229 - DEBUG - Loaded and stored Omron data for key '00083_seg1' and '00083_seg7'
2025-08-12 16:11:45,230 - DEBUG - Loaded and stored Omron data for key '00084_seg1' and '00084_seg7'
2025-08-12 16:11:45,230 - DEBUG - Loaded and stored Omron data for key '00085_seg1' and '00085_seg7'
2025-08-12 16:11:45,230 - DEBUG - Loaded and stored Omron data for key '00086_seg1' and '00086_seg7'
2025-08-12 16:11:45,230 - DEBUG - Loaded and stored Omron data for key '00087_seg1' and '00087_seg7'
2025-08-12 16:11:45,230 - DEBUG - Loaded and stored Omron data for key '00088_seg1' and '00088_seg7'
2025-08-12 16:11:45,230 - DEBUG - Loaded and stored Omron data for key '00089_seg1' and '00089_seg7'
2025-08-12 16:11:45,230 - DEBUG - Loaded and stored Omron data for key '00090_seg1' and '00090_seg7'
2025-08-12 16:11:45,230 - DEBUG - Loaded and stored Omron data for key '00091_seg1' and '00091_seg7'
2025-08-12 16:11:45,230 - DEBUG - Loaded and stored Omron data for key '00092_seg1' and '00092_seg7'
2025-08-12 16:11:45,230 - DEBUG - Loaded and stored Omron data for key '00093_seg1' and '00093_seg7'
2025-08-12 16:11:45,231 - DEBUG - Loaded and stored Omron data for key '00094_seg1' and '00094_seg7'
2025-08-12 16:11:45,231 - DEBUG - Loaded and stored Omron data for key '00095_seg1' and '00095_seg7'
2025-08-12 16:11:45,231 - DEBUG - Loaded and stored Omron data for key '00096_seg1' and '00096_seg7'
2025-08-12 16:11:45,231 - DEBUG - Loaded and stored Omron data for key '00097_seg1' and '00097_seg7'
2025-08-12 16:11:45,231 - DEBUG - Loaded and stored Omron data for key '00098_seg1' and '00098_seg7'
2025-08-12 16:11:45,231 - DEBUG - Loaded and stored Omron data for key '00099_seg1' and '00099_seg7'
2025-08-12 16:11:45,231 - DEBUG - Loaded and stored Omron data for key '00100_seg1' and '00100_seg7'
2025-08-12 16:11:45,231 - DEBUG - Loaded and stored Omron data for key '00101_seg1' and '00101_seg7'
2025-08-12 16:11:45,231 - DEBUG - Loaded and stored Omron data for key '00102_seg1' and '00102_seg7'
2025-08-12 16:11:45,231 - DEBUG - Loaded and stored Omron data for key '00103_seg1' and '00103_seg7'
2025-08-12 16:11:45,231 - DEBUG - Loaded and stored Omron data for key '00105_seg1' and '00105_seg7'
2025-08-12 16:11:45,232 - DEBUG - Loaded and stored Omron data for key '00106_seg1' and '00106_seg7'
2025-08-12 16:11:45,232 - DEBUG - Loaded and stored Omron data for key '00107_seg1' and '00107_seg7'
2025-08-12 16:11:45,232 - DEBUG - Loaded and stored Omron data for key '00108_seg1' and '00108_seg7'
2025-08-12 16:11:45,232 - DEBUG - Loaded and stored Omron data for key '00109_seg1' and '00109_seg7'
2025-08-12 16:11:45,232 - DEBUG - Loaded and stored Omron data for key '00110_seg1' and '00110_seg7'
2025-08-12 16:11:45,232 - DEBUG - Loaded and stored Omron data for key '00111_seg1' and '00111_seg7'
2025-08-12 16:11:45,232 - DEBUG - Loaded and stored Omron data for key '00112_seg1' and '00112_seg7'
2025-08-12 16:11:51,053 - DEBUG - Biopac BP values for seg1: SBP=85.3, DBP=38.4 (zeros excluded)
2025-08-12 16:11:51,270 - DEBUG - No shift for 00058, delta too large (-11.9 mmHg)
2025-08-12 16:11:51,936 - DEBUG - Saved calibrated BP data to: ./data/processed/moved/00058/seg7_bp.csv
2025-08-12 16:11:52,389 - DEBUG - Filtering: 33339 points, range before=(59622.0000, 66847.0000), after=(-725.7006, 916.8772)
2025-08-12 16:11:52,809 - DEBUG - Filtering: 33341 points, range before=(99285.0000, 107922.0000), after=(-998.4134, 1714.7341)
2025-08-12 16:11:53,265 - DEBUG - Filtering: 33340 points, range before=(103923.0000, 108653.0000), after=(-1758.0234, 748.4395)
2025-08-12 16:11:53,677 - DEBUG - Filtering: 33339 points, range before=(94752.0000, 98525.0000), after=(-127.4864, 107.9895)
2025-08-12 16:11:53,683 - DEBUG - Available sensors for seg7: ['sensor2', 'sensor3', 'sensor4', 'sensor5'] (4/4)
2025-08-12 16:11:54,427 - DEBUG - Loaded HR data: average 75.8 bpm
2025-08-12 16:11:54,443 - DEBUG - Using provided HR: 75.8 bpm, RR interval: 0.792s
2025-08-12 16:11:54,532 - DEBUG - Found 0 BP valleys in 30003 samples (300.0s), HR: 76 bpm
2025-08-12 16:11:54,533 - DEBUG - Warning: Insufficient BP valleys found, using original slicing method
2025-08-12 16:11:54,540 - DEBUG - Generated 290 valley-based slices from seg7
2025-08-12 16:11:54,542 - DEBUG - Loading Omron data from: /root/ppg2bp/data/omron.csv
2025-08-12 16:11:54,547 - DEBUG - Loaded and stored Omron data for key '00042_seg1' and '00042_seg7'
2025-08-12 16:11:54,547 - DEBUG - Loaded and stored Omron data for key '00043_seg1' and '00043_seg7'
2025-08-12 16:11:54,548 - DEBUG - Loaded and stored Omron data for key '00044_seg1' and '00044_seg7'
2025-08-12 16:11:54,548 - DEBUG - Loaded and stored Omron data for key '00016_seg1' and '00016_seg7'
2025-08-12 16:11:54,548 - DEBUG - Loaded and stored Omron data for key '00045_seg1' and '00045_seg7'
2025-08-12 16:11:54,548 - DEBUG - Loaded and stored Omron data for key '00047_seg1' and '00047_seg7'
2025-08-12 16:11:54,548 - DEBUG - Loaded and stored Omron data for key '00048_seg1' and '00048_seg7'
2025-08-12 16:11:54,548 - DEBUG - Loaded and stored Omron data for key '00049_seg1' and '00049_seg7'
2025-08-12 16:11:54,548 - DEBUG - Loaded and stored Omron data for key '00050_seg1' and '00050_seg7'
2025-08-12 16:11:54,548 - DEBUG - Loaded and stored Omron data for key '00051_seg1' and '00051_seg7'
2025-08-12 16:11:54,548 - DEBUG - Loaded and stored Omron data for key '00052_seg1' and '00052_seg7'
2025-08-12 16:11:54,549 - DEBUG - Loaded and stored Omron data for key '00003_seg1' and '00003_seg7'
2025-08-12 16:11:54,549 - DEBUG - Loaded and stored Omron data for key '00053_seg1' and '00053_seg7'
2025-08-12 16:11:54,549 - DEBUG - Loaded and stored Omron data for key '00054_seg1' and '00054_seg7'
2025-08-12 16:11:54,549 - DEBUG - Loaded and stored Omron data for key '00055_seg1' and '00055_seg7'
2025-08-12 16:11:54,549 - DEBUG - Loaded and stored Omron data for key '00056_seg1' and '00056_seg7'
2025-08-12 16:11:54,549 - DEBUG - Loaded and stored Omron data for key '00057_seg1' and '00057_seg7'
2025-08-12 16:11:54,549 - DEBUG - Loaded and stored Omron data for key '00058_seg1' and '00058_seg7'
2025-08-12 16:11:54,549 - DEBUG - Loaded and stored Omron data for key '00059_seg1' and '00059_seg7'
2025-08-12 16:11:54,550 - DEBUG - Loaded and stored Omron data for key '00060_seg1' and '00060_seg7'
2025-08-12 16:11:54,550 - DEBUG - Loaded and stored Omron data for key '00061_seg1' and '00061_seg7'
2025-08-12 16:11:54,550 - DEBUG - Loaded and stored Omron data for key '00062_seg1' and '00062_seg7'
2025-08-12 16:11:54,550 - DEBUG - Loaded and stored Omron data for key '00063_seg1' and '00063_seg7'
2025-08-12 16:11:54,550 - DEBUG - Loaded and stored Omron data for key '00064_seg1' and '00064_seg7'
2025-08-12 16:11:54,550 - DEBUG - Loaded and stored Omron data for key '00065_seg1' and '00065_seg7'
2025-08-12 16:11:54,550 - DEBUG - Loaded and stored Omron data for key '00066_seg1' and '00066_seg7'
2025-08-12 16:11:54,550 - DEBUG - Loaded and stored Omron data for key '00067_seg1' and '00067_seg7'
2025-08-12 16:11:54,550 - DEBUG - Loaded and stored Omron data for key '00068_seg1' and '00068_seg7'
2025-08-12 16:11:54,550 - DEBUG - Loaded and stored Omron data for key '00069_seg1' and '00069_seg7'
2025-08-12 16:11:54,550 - DEBUG - Loaded and stored Omron data for key '00070_seg1' and '00070_seg7'
2025-08-12 16:11:54,551 - DEBUG - Loaded and stored Omron data for key '00071_seg1' and '00071_seg7'
2025-08-12 16:11:54,551 - DEBUG - Loaded and stored Omron data for key '00072_seg1' and '00072_seg7'
2025-08-12 16:11:54,551 - DEBUG - Loaded and stored Omron data for key '00073_seg1' and '00073_seg7'
2025-08-12 16:11:54,551 - DEBUG - Loaded and stored Omron data for key '00074_seg1' and '00074_seg7'
2025-08-12 16:11:54,551 - DEBUG - Loaded and stored Omron data for key '00075_seg1' and '00075_seg7'
2025-08-12 16:11:54,551 - DEBUG - Loaded and stored Omron data for key '00076_seg1' and '00076_seg7'
2025-08-12 16:11:54,551 - DEBUG - Loaded and stored Omron data for key '00077_seg1' and '00077_seg7'
2025-08-12 16:11:54,551 - DEBUG - Loaded and stored Omron data for key '00078_seg1' and '00078_seg7'
2025-08-12 16:11:54,551 - DEBUG - Loaded and stored Omron data for key '00079_seg1' and '00079_seg7'
2025-08-12 16:11:54,551 - DEBUG - Loaded and stored Omron data for key '00080_seg1' and '00080_seg7'
2025-08-12 16:11:54,552 - DEBUG - Loaded and stored Omron data for key '00081_seg1' and '00081_seg7'
2025-08-12 16:11:54,552 - DEBUG - Loaded and stored Omron data for key '00082_seg1' and '00082_seg7'
2025-08-12 16:11:54,552 - DEBUG - Loaded and stored Omron data for key '00083_seg1' and '00083_seg7'
2025-08-12 16:11:54,552 - DEBUG - Loaded and stored Omron data for key '00084_seg1' and '00084_seg7'
2025-08-12 16:11:54,552 - DEBUG - Loaded and stored Omron data for key '00085_seg1' and '00085_seg7'
2025-08-12 16:11:54,552 - DEBUG - Loaded and stored Omron data for key '00086_seg1' and '00086_seg7'
2025-08-12 16:11:54,552 - DEBUG - Loaded and stored Omron data for key '00087_seg1' and '00087_seg7'
2025-08-12 16:11:54,552 - DEBUG - Loaded and stored Omron data for key '00088_seg1' and '00088_seg7'
2025-08-12 16:11:54,552 - DEBUG - Loaded and stored Omron data for key '00089_seg1' and '00089_seg7'
2025-08-12 16:11:54,552 - DEBUG - Loaded and stored Omron data for key '00090_seg1' and '00090_seg7'
2025-08-12 16:11:54,553 - DEBUG - Loaded and stored Omron data for key '00091_seg1' and '00091_seg7'
2025-08-12 16:11:54,553 - DEBUG - Loaded and stored Omron data for key '00092_seg1' and '00092_seg7'
2025-08-12 16:11:54,553 - DEBUG - Loaded and stored Omron data for key '00093_seg1' and '00093_seg7'
2025-08-12 16:11:54,553 - DEBUG - Loaded and stored Omron data for key '00094_seg1' and '00094_seg7'
2025-08-12 16:11:54,553 - DEBUG - Loaded and stored Omron data for key '00095_seg1' and '00095_seg7'
2025-08-12 16:11:54,553 - DEBUG - Loaded and stored Omron data for key '00096_seg1' and '00096_seg7'
2025-08-12 16:11:54,553 - DEBUG - Loaded and stored Omron data for key '00097_seg1' and '00097_seg7'
2025-08-12 16:11:54,553 - DEBUG - Loaded and stored Omron data for key '00098_seg1' and '00098_seg7'
2025-08-12 16:11:54,553 - DEBUG - Loaded and stored Omron data for key '00099_seg1' and '00099_seg7'
2025-08-12 16:11:54,554 - DEBUG - Loaded and stored Omron data for key '00100_seg1' and '00100_seg7'
2025-08-12 16:11:54,554 - DEBUG - Loaded and stored Omron data for key '00101_seg1' and '00101_seg7'
2025-08-12 16:11:54,554 - DEBUG - Loaded and stored Omron data for key '00102_seg1' and '00102_seg7'
2025-08-12 16:11:54,554 - DEBUG - Loaded and stored Omron data for key '00103_seg1' and '00103_seg7'
2025-08-12 16:11:54,554 - DEBUG - Loaded and stored Omron data for key '00105_seg1' and '00105_seg7'
2025-08-12 16:11:54,554 - DEBUG - Loaded and stored Omron data for key '00106_seg1' and '00106_seg7'
2025-08-12 16:11:54,554 - DEBUG - Loaded and stored Omron data for key '00107_seg1' and '00107_seg7'
2025-08-12 16:11:54,554 - DEBUG - Loaded and stored Omron data for key '00108_seg1' and '00108_seg7'
2025-08-12 16:11:54,554 - DEBUG - Loaded and stored Omron data for key '00109_seg1' and '00109_seg7'
2025-08-12 16:11:54,555 - DEBUG - Loaded and stored Omron data for key '00110_seg1' and '00110_seg7'
2025-08-12 16:11:54,555 - DEBUG - Loaded and stored Omron data for key '00111_seg1' and '00111_seg7'
2025-08-12 16:11:54,555 - DEBUG - Loaded and stored Omron data for key '00112_seg1' and '00112_seg7'
2025-08-12 16:12:01,386 - DEBUG - Biopac BP values for seg1: SBP=103.0, DBP=53.7 (zeros excluded)
2025-08-12 16:12:01,622 - DEBUG - Calculated shift amount for 00062: +17.7 mmHg
2025-08-12 16:12:01,623 - DEBUG - Processing 00062 - seg1
2025-08-12 16:12:06,629 - DEBUG - Saved calibrated BP data to: ./data/processed/moved/00062/seg1_bp.csv
2025-08-12 16:12:07,428 - DEBUG - Filtering: 66681 points, range before=(91198.0000, 97765.0000), after=(-996.1878, 1000.0042)
2025-08-12 16:12:08,158 - DEBUG - Filtering: 66680 points, range before=(78010.0000, 83364.0000), after=(-698.0844, 641.3936)
2025-08-12 16:12:08,756 - DEBUG - Filtering: 66680 points, range before=(121457.0000, 125059.0000), after=(-167.0932, 109.3084)
2025-08-12 16:12:09,086 - DEBUG - Filtering: 66681 points, range before=(61374.0000, 78281.0000), after=(-790.4165, 951.5755)
2025-08-12 16:12:09,094 - DEBUG - Available sensors for seg1: ['sensor2', 'sensor3', 'sensor4', 'sensor5'] (4/4)
2025-08-12 16:12:10,681 - DEBUG - Loaded HR data: average 64.5 bpm
2025-08-12 16:12:10,752 - DEBUG - Using provided HR: 64.5 bpm, RR interval: 0.931s
2025-08-12 16:12:10,823 - DEBUG - Found 643 BP valleys in 60008 samples (600.1s), HR: 64 bpm
2025-08-12 16:12:10,832 - DEBUG - Created 632 valley-based slices from 643 valleys
2025-08-12 16:12:10,833 - DEBUG - Generated 632 valley-based slices from seg1
2025-08-12 16:12:10,833 - DEBUG - Processing 00062 - seg7
2025-08-12 16:12:12,193 - DEBUG - Saved calibrated BP data to: ./data/processed/moved/00062/seg7_bp.csv
2025-08-12 16:12:12,354 - DEBUG - Filtering: 33339 points, range before=(109397.0000, 114739.0000), after=(-1194.8173, 1245.0981)
2025-08-12 16:12:12,462 - DEBUG - Filtering: 33341 points, range before=(88712.0000, 95299.0000), after=(-894.0802, 1471.3198)
2025-08-12 16:12:12,601 - DEBUG - Filtering: 33340 points, range before=(121658.0000, 127040.0000), after=(-946.4117, 1474.0412)
2025-08-12 16:12:12,746 - DEBUG - Filtering: 33339 points, range before=(31633.0000, 44320.0000), after=(-1538.0308, 1155.1598)
2025-08-12 16:12:12,749 - DEBUG - Available sensors for seg7: ['sensor2', 'sensor3', 'sensor4', 'sensor5'] (4/4)
2025-08-12 16:12:13,222 - DEBUG - Loaded HR data: average 69.4 bpm
2025-08-12 16:12:13,227 - DEBUG - Using provided HR: 69.4 bpm, RR interval: 0.864s
2025-08-12 16:12:13,257 - DEBUG - Found 0 BP valleys in 30003 samples (300.0s), HR: 69 bpm
2025-08-12 16:12:13,258 - DEBUG - Warning: Insufficient BP valleys found, using original slicing method
2025-08-12 16:12:13,263 - DEBUG - Generated 290 valley-based slices from seg7
2025-08-12 16:12:13,264 - DEBUG - Loading Omron data from: /root/ppg2bp/data/omron.csv
2025-08-12 16:12:13,267 - DEBUG - Loaded and stored Omron data for key '00042_seg1' and '00042_seg7'
2025-08-12 16:12:13,268 - DEBUG - Loaded and stored Omron data for key '00043_seg1' and '00043_seg7'
2025-08-12 16:12:13,268 - DEBUG - Loaded and stored Omron data for key '00044_seg1' and '00044_seg7'
2025-08-12 16:12:13,268 - DEBUG - Loaded and stored Omron data for key '00016_seg1' and '00016_seg7'
2025-08-12 16:12:13,268 - DEBUG - Loaded and stored Omron data for key '00045_seg1' and '00045_seg7'
2025-08-12 16:12:13,268 - DEBUG - Loaded and stored Omron data for key '00047_seg1' and '00047_seg7'
2025-08-12 16:12:13,268 - DEBUG - Loaded and stored Omron data for key '00048_seg1' and '00048_seg7'
2025-08-12 16:12:13,268 - DEBUG - Loaded and stored Omron data for key '00049_seg1' and '00049_seg7'
2025-08-12 16:12:13,268 - DEBUG - Loaded and stored Omron data for key '00050_seg1' and '00050_seg7'
2025-08-12 16:12:13,268 - DEBUG - Loaded and stored Omron data for key '00051_seg1' and '00051_seg7'
2025-08-12 16:12:13,269 - DEBUG - Loaded and stored Omron data for key '00052_seg1' and '00052_seg7'
2025-08-12 16:12:13,269 - DEBUG - Loaded and stored Omron data for key '00003_seg1' and '00003_seg7'
2025-08-12 16:12:13,269 - DEBUG - Loaded and stored Omron data for key '00053_seg1' and '00053_seg7'
2025-08-12 16:12:13,269 - DEBUG - Loaded and stored Omron data for key '00054_seg1' and '00054_seg7'
2025-08-12 16:12:13,269 - DEBUG - Loaded and stored Omron data for key '00055_seg1' and '00055_seg7'
2025-08-12 16:12:13,269 - DEBUG - Loaded and stored Omron data for key '00056_seg1' and '00056_seg7'
2025-08-12 16:12:13,269 - DEBUG - Loaded and stored Omron data for key '00057_seg1' and '00057_seg7'
2025-08-12 16:12:13,269 - DEBUG - Loaded and stored Omron data for key '00058_seg1' and '00058_seg7'
2025-08-12 16:12:13,269 - DEBUG - Loaded and stored Omron data for key '00059_seg1' and '00059_seg7'
2025-08-12 16:12:13,269 - DEBUG - Loaded and stored Omron data for key '00060_seg1' and '00060_seg7'
2025-08-12 16:12:13,269 - DEBUG - Loaded and stored Omron data for key '00061_seg1' and '00061_seg7'
2025-08-12 16:12:13,270 - DEBUG - Loaded and stored Omron data for key '00062_seg1' and '00062_seg7'
2025-08-12 16:12:13,270 - DEBUG - Loaded and stored Omron data for key '00063_seg1' and '00063_seg7'
2025-08-12 16:12:13,270 - DEBUG - Loaded and stored Omron data for key '00064_seg1' and '00064_seg7'
2025-08-12 16:12:13,270 - DEBUG - Loaded and stored Omron data for key '00065_seg1' and '00065_seg7'
2025-08-12 16:12:13,270 - DEBUG - Loaded and stored Omron data for key '00066_seg1' and '00066_seg7'
2025-08-12 16:12:13,270 - DEBUG - Loaded and stored Omron data for key '00067_seg1' and '00067_seg7'
2025-08-12 16:12:13,270 - DEBUG - Loaded and stored Omron data for key '00068_seg1' and '00068_seg7'
2025-08-12 16:12:13,270 - DEBUG - Loaded and stored Omron data for key '00069_seg1' and '00069_seg7'
2025-08-12 16:12:13,270 - DEBUG - Loaded and stored Omron data for key '00070_seg1' and '00070_seg7'
2025-08-12 16:12:13,270 - DEBUG - Loaded and stored Omron data for key '00071_seg1' and '00071_seg7'
2025-08-12 16:12:13,271 - DEBUG - Loaded and stored Omron data for key '00072_seg1' and '00072_seg7'
2025-08-12 16:12:13,271 - DEBUG - Loaded and stored Omron data for key '00073_seg1' and '00073_seg7'
2025-08-12 16:12:13,271 - DEBUG - Loaded and stored Omron data for key '00074_seg1' and '00074_seg7'
2025-08-12 16:12:13,271 - DEBUG - Loaded and stored Omron data for key '00075_seg1' and '00075_seg7'
2025-08-12 16:12:13,271 - DEBUG - Loaded and stored Omron data for key '00076_seg1' and '00076_seg7'
2025-08-12 16:12:13,271 - DEBUG - Loaded and stored Omron data for key '00077_seg1' and '00077_seg7'
2025-08-12 16:12:13,271 - DEBUG - Loaded and stored Omron data for key '00078_seg1' and '00078_seg7'
2025-08-12 16:12:13,271 - DEBUG - Loaded and stored Omron data for key '00079_seg1' and '00079_seg7'
2025-08-12 16:12:13,271 - DEBUG - Loaded and stored Omron data for key '00080_seg1' and '00080_seg7'
2025-08-12 16:12:13,271 - DEBUG - Loaded and stored Omron data for key '00081_seg1' and '00081_seg7'
2025-08-12 16:12:13,271 - DEBUG - Loaded and stored Omron data for key '00082_seg1' and '00082_seg7'
2025-08-12 16:12:13,272 - DEBUG - Loaded and stored Omron data for key '00083_seg1' and '00083_seg7'
2025-08-12 16:12:13,272 - DEBUG - Loaded and stored Omron data for key '00084_seg1' and '00084_seg7'
2025-08-12 16:12:13,272 - DEBUG - Loaded and stored Omron data for key '00085_seg1' and '00085_seg7'
2025-08-12 16:12:13,272 - DEBUG - Loaded and stored Omron data for key '00086_seg1' and '00086_seg7'
2025-08-12 16:12:13,272 - DEBUG - Loaded and stored Omron data for key '00087_seg1' and '00087_seg7'
2025-08-12 16:12:13,272 - DEBUG - Loaded and stored Omron data for key '00088_seg1' and '00088_seg7'
2025-08-12 16:12:13,272 - DEBUG - Loaded and stored Omron data for key '00089_seg1' and '00089_seg7'
2025-08-12 16:12:13,272 - DEBUG - Loaded and stored Omron data for key '00090_seg1' and '00090_seg7'
2025-08-12 16:12:13,272 - DEBUG - Loaded and stored Omron data for key '00091_seg1' and '00091_seg7'
2025-08-12 16:12:13,272 - DEBUG - Loaded and stored Omron data for key '00092_seg1' and '00092_seg7'
2025-08-12 16:12:13,272 - DEBUG - Loaded and stored Omron data for key '00093_seg1' and '00093_seg7'
2025-08-12 16:12:13,273 - DEBUG - Loaded and stored Omron data for key '00094_seg1' and '00094_seg7'
2025-08-12 16:12:13,273 - DEBUG - Loaded and stored Omron data for key '00095_seg1' and '00095_seg7'
2025-08-12 16:12:13,273 - DEBUG - Loaded and stored Omron data for key '00096_seg1' and '00096_seg7'
2025-08-12 16:12:13,273 - DEBUG - Loaded and stored Omron data for key '00097_seg1' and '00097_seg7'
2025-08-12 16:12:13,273 - DEBUG - Loaded and stored Omron data for key '00098_seg1' and '00098_seg7'
2025-08-12 16:12:13,273 - DEBUG - Loaded and stored Omron data for key '00099_seg1' and '00099_seg7'
2025-08-12 16:12:13,273 - DEBUG - Loaded and stored Omron data for key '00100_seg1' and '00100_seg7'
2025-08-12 16:12:13,273 - DEBUG - Loaded and stored Omron data for key '00101_seg1' and '00101_seg7'
2025-08-12 16:12:13,273 - DEBUG - Loaded and stored Omron data for key '00102_seg1' and '00102_seg7'
2025-08-12 16:12:13,273 - DEBUG - Loaded and stored Omron data for key '00103_seg1' and '00103_seg7'
2025-08-12 16:12:13,273 - DEBUG - Loaded and stored Omron data for key '00105_seg1' and '00105_seg7'
2025-08-12 16:12:13,274 - DEBUG - Loaded and stored Omron data for key '00106_seg1' and '00106_seg7'
2025-08-12 16:12:13,274 - DEBUG - Loaded and stored Omron data for key '00107_seg1' and '00107_seg7'
2025-08-12 16:12:13,274 - DEBUG - Loaded and stored Omron data for key '00108_seg1' and '00108_seg7'
2025-08-12 16:12:13,274 - DEBUG - Loaded and stored Omron data for key '00109_seg1' and '00109_seg7'
2025-08-12 16:12:13,274 - DEBUG - Loaded and stored Omron data for key '00110_seg1' and '00110_seg7'
2025-08-12 16:12:13,274 - DEBUG - Loaded and stored Omron data for key '00111_seg1' and '00111_seg7'
2025-08-12 16:12:13,274 - DEBUG - Loaded and stored Omron data for key '00112_seg1' and '00112_seg7'
2025-08-12 16:12:17,293 - DEBUG - Biopac BP values for seg1: SBP=98.8, DBP=52.9 (zeros excluded)
2025-08-12 16:12:17,429 - DEBUG - Calculated shift amount for 00063: +2.7 mmHg
2025-08-12 16:12:17,430 - DEBUG - Processing 00063 - seg1
2025-08-12 16:12:21,060 - DEBUG - Saved calibrated BP data to: ./data/processed/moved/00063/seg1_bp.csv
2025-08-12 16:12:21,825 - DEBUG - Filtering: 66676 points, range before=(111319.0000, 113873.0000), after=(-238.1111, 257.4606)
2025-08-12 16:12:22,581 - DEBUG - Filtering: 66675 points, range before=(99864.0000, 106187.0000), after=(-480.9273, 532.7548)
2025-08-12 16:12:23,269 - DEBUG - Filtering: 66674 points, range before=(122683.0000, 124197.0000), after=(-124.6069, 144.4162)
2025-08-12 16:12:23,936 - DEBUG - Filtering: 66675 points, range before=(56093.0000, 97787.0000), after=(-422.2645, 485.8301)
2025-08-12 16:12:23,942 - DEBUG - Available sensors for seg1: ['sensor2', 'sensor3', 'sensor4', 'sensor5'] (4/4)
2025-08-12 16:12:25,558 - DEBUG - Loaded HR data: average 76.4 bpm
2025-08-12 16:12:25,625 - DEBUG - Using provided HR: 76.4 bpm, RR interval: 0.785s
2025-08-12 16:12:25,806 - DEBUG - Found 0 BP valleys in 60003 samples (600.0s), HR: 76 bpm
2025-08-12 16:12:25,806 - DEBUG - Warning: Insufficient BP valleys found, using original slicing method
2025-08-12 16:12:25,814 - DEBUG - Generated 590 valley-based slices from seg1
2025-08-12 16:12:25,814 - DEBUG - Processing 00063 - seg7
2025-08-12 16:12:27,191 - DEBUG - Saved calibrated BP data to: ./data/processed/moved/00063/seg7_bp.csv
2025-08-12 16:12:27,405 - DEBUG - Filtering: 33338 points, range before=(110068.0000, 113958.0000), after=(-301.7531, 366.2008)
2025-08-12 16:12:27,726 - DEBUG - Filtering: 33339 points, range before=(88556.0000, 93879.0000), after=(-490.2670, 795.1394)
2025-08-12 16:12:28,043 - DEBUG - Filtering: 33338 points, range before=(123645.0000, 125942.0000), after=(-172.1762, 243.2388)
2025-08-12 16:12:28,172 - DEBUG - Filtering: 33338 points, range before=(8153.0000, 8885.0000), after=(-30.5809, 32.1799)
2025-08-12 16:12:28,177 - DEBUG - Available sensors for seg7: ['sensor2', 'sensor3', 'sensor4', 'sensor5'] (4/4)
2025-08-12 16:12:28,619 - DEBUG - Loaded HR data: average 89.1 bpm
2025-08-12 16:12:28,622 - DEBUG - Using provided HR: 89.1 bpm, RR interval: 0.674s
2025-08-12 16:12:28,653 - DEBUG - Found 0 BP valleys in 30001 samples (300.0s), HR: 89 bpm
2025-08-12 16:12:28,653 - DEBUG - Warning: Insufficient BP valleys found, using original slicing method
2025-08-12 16:12:28,659 - DEBUG - Generated 290 valley-based slices from seg7
2025-08-12 16:12:28,659 - DEBUG - Loading Omron data from: /root/ppg2bp/data/omron.csv
2025-08-12 16:12:28,664 - DEBUG - Loaded and stored Omron data for key '00042_seg1' and '00042_seg7'
2025-08-12 16:12:28,664 - DEBUG - Loaded and stored Omron data for key '00043_seg1' and '00043_seg7'
2025-08-12 16:12:28,664 - DEBUG - Loaded and stored Omron data for key '00044_seg1' and '00044_seg7'
2025-08-12 16:12:28,664 - DEBUG - Loaded and stored Omron data for key '00016_seg1' and '00016_seg7'
2025-08-12 16:12:28,664 - DEBUG - Loaded and stored Omron data for key '00045_seg1' and '00045_seg7'
2025-08-12 16:12:28,664 - DEBUG - Loaded and stored Omron data for key '00047_seg1' and '00047_seg7'
2025-08-12 16:12:28,664 - DEBUG - Loaded and stored Omron data for key '00048_seg1' and '00048_seg7'
2025-08-12 16:12:28,664 - DEBUG - Loaded and stored Omron data for key '00049_seg1' and '00049_seg7'
2025-08-12 16:12:28,665 - DEBUG - Loaded and stored Omron data for key '00050_seg1' and '00050_seg7'
2025-08-12 16:12:28,665 - DEBUG - Loaded and stored Omron data for key '00051_seg1' and '00051_seg7'
2025-08-12 16:12:28,665 - DEBUG - Loaded and stored Omron data for key '00052_seg1' and '00052_seg7'
2025-08-12 16:12:28,665 - DEBUG - Loaded and stored Omron data for key '00003_seg1' and '00003_seg7'
2025-08-12 16:12:28,665 - DEBUG - Loaded and stored Omron data for key '00053_seg1' and '00053_seg7'
2025-08-12 16:12:28,665 - DEBUG - Loaded and stored Omron data for key '00054_seg1' and '00054_seg7'
2025-08-12 16:12:28,665 - DEBUG - Loaded and stored Omron data for key '00055_seg1' and '00055_seg7'
2025-08-12 16:12:28,665 - DEBUG - Loaded and stored Omron data for key '00056_seg1' and '00056_seg7'
2025-08-12 16:12:28,665 - DEBUG - Loaded and stored Omron data for key '00057_seg1' and '00057_seg7'
2025-08-12 16:12:28,665 - DEBUG - Loaded and stored Omron data for key '00058_seg1' and '00058_seg7'
2025-08-12 16:12:28,666 - DEBUG - Loaded and stored Omron data for key '00059_seg1' and '00059_seg7'
2025-08-12 16:12:28,666 - DEBUG - Loaded and stored Omron data for key '00060_seg1' and '00060_seg7'
2025-08-12 16:12:28,666 - DEBUG - Loaded and stored Omron data for key '00061_seg1' and '00061_seg7'
2025-08-12 16:12:28,666 - DEBUG - Loaded and stored Omron data for key '00062_seg1' and '00062_seg7'
2025-08-12 16:12:28,666 - DEBUG - Loaded and stored Omron data for key '00063_seg1' and '00063_seg7'
2025-08-12 16:12:28,666 - DEBUG - Loaded and stored Omron data for key '00064_seg1' and '00064_seg7'
2025-08-12 16:12:28,666 - DEBUG - Loaded and stored Omron data for key '00065_seg1' and '00065_seg7'
2025-08-12 16:12:28,666 - DEBUG - Loaded and stored Omron data for key '00066_seg1' and '00066_seg7'
2025-08-12 16:12:28,666 - DEBUG - Loaded and stored Omron data for key '00067_seg1' and '00067_seg7'
2025-08-12 16:12:28,666 - DEBUG - Loaded and stored Omron data for key '00068_seg1' and '00068_seg7'
2025-08-12 16:12:28,667 - DEBUG - Loaded and stored Omron data for key '00069_seg1' and '00069_seg7'
2025-08-12 16:12:28,667 - DEBUG - Loaded and stored Omron data for key '00070_seg1' and '00070_seg7'
2025-08-12 16:12:28,667 - DEBUG - Loaded and stored Omron data for key '00071_seg1' and '00071_seg7'
2025-08-12 16:12:28,667 - DEBUG - Loaded and stored Omron data for key '00072_seg1' and '00072_seg7'
2025-08-12 16:12:28,667 - DEBUG - Loaded and stored Omron data for key '00073_seg1' and '00073_seg7'
2025-08-12 16:12:28,667 - DEBUG - Loaded and stored Omron data for key '00074_seg1' and '00074_seg7'
2025-08-12 16:12:28,667 - DEBUG - Loaded and stored Omron data for key '00075_seg1' and '00075_seg7'
2025-08-12 16:12:28,667 - DEBUG - Loaded and stored Omron data for key '00076_seg1' and '00076_seg7'
2025-08-12 16:12:28,667 - DEBUG - Loaded and stored Omron data for key '00077_seg1' and '00077_seg7'
2025-08-12 16:12:28,667 - DEBUG - Loaded and stored Omron data for key '00078_seg1' and '00078_seg7'
2025-08-12 16:12:28,668 - DEBUG - Loaded and stored Omron data for key '00079_seg1' and '00079_seg7'
2025-08-12 16:12:28,668 - DEBUG - Loaded and stored Omron data for key '00080_seg1' and '00080_seg7'
2025-08-12 16:12:28,668 - DEBUG - Loaded and stored Omron data for key '00081_seg1' and '00081_seg7'
2025-08-12 16:12:28,668 - DEBUG - Loaded and stored Omron data for key '00082_seg1' and '00082_seg7'
2025-08-12 16:12:28,668 - DEBUG - Loaded and stored Omron data for key '00083_seg1' and '00083_seg7'
2025-08-12 16:12:28,668 - DEBUG - Loaded and stored Omron data for key '00084_seg1' and '00084_seg7'
2025-08-12 16:12:28,668 - DEBUG - Loaded and stored Omron data for key '00085_seg1' and '00085_seg7'
2025-08-12 16:12:28,668 - DEBUG - Loaded and stored Omron data for key '00086_seg1' and '00086_seg7'
2025-08-12 16:12:28,668 - DEBUG - Loaded and stored Omron data for key '00087_seg1' and '00087_seg7'
2025-08-12 16:12:28,668 - DEBUG - Loaded and stored Omron data for key '00088_seg1' and '00088_seg7'
2025-08-12 16:12:28,669 - DEBUG - Loaded and stored Omron data for key '00089_seg1' and '00089_seg7'
2025-08-12 16:12:28,669 - DEBUG - Loaded and stored Omron data for key '00090_seg1' and '00090_seg7'
2025-08-12 16:12:28,669 - DEBUG - Loaded and stored Omron data for key '00091_seg1' and '00091_seg7'
2025-08-12 16:12:28,669 - DEBUG - Loaded and stored Omron data for key '00092_seg1' and '00092_seg7'
2025-08-12 16:12:28,669 - DEBUG - Loaded and stored Omron data for key '00093_seg1' and '00093_seg7'
2025-08-12 16:12:28,669 - DEBUG - Loaded and stored Omron data for key '00094_seg1' and '00094_seg7'
2025-08-12 16:12:28,669 - DEBUG - Loaded and stored Omron data for key '00095_seg1' and '00095_seg7'
2025-08-12 16:12:28,669 - DEBUG - Loaded and stored Omron data for key '00096_seg1' and '00096_seg7'
2025-08-12 16:12:28,669 - DEBUG - Loaded and stored Omron data for key '00097_seg1' and '00097_seg7'
2025-08-12 16:12:28,669 - DEBUG - Loaded and stored Omron data for key '00098_seg1' and '00098_seg7'
2025-08-12 16:12:28,670 - DEBUG - Loaded and stored Omron data for key '00099_seg1' and '00099_seg7'
2025-08-12 16:12:28,670 - DEBUG - Loaded and stored Omron data for key '00100_seg1' and '00100_seg7'
2025-08-12 16:12:28,670 - DEBUG - Loaded and stored Omron data for key '00101_seg1' and '00101_seg7'
2025-08-12 16:12:28,670 - DEBUG - Loaded and stored Omron data for key '00102_seg1' and '00102_seg7'
2025-08-12 16:12:28,670 - DEBUG - Loaded and stored Omron data for key '00103_seg1' and '00103_seg7'
2025-08-12 16:12:28,670 - DEBUG - Loaded and stored Omron data for key '00105_seg1' and '00105_seg7'
2025-08-12 16:12:28,671 - DEBUG - Loaded and stored Omron data for key '00106_seg1' and '00106_seg7'
2025-08-12 16:12:28,671 - DEBUG - Loaded and stored Omron data for key '00107_seg1' and '00107_seg7'
2025-08-12 16:12:28,671 - DEBUG - Loaded and stored Omron data for key '00108_seg1' and '00108_seg7'
2025-08-12 16:12:28,671 - DEBUG - Loaded and stored Omron data for key '00109_seg1' and '00109_seg7'
2025-08-12 16:12:28,671 - DEBUG - Loaded and stored Omron data for key '00110_seg1' and '00110_seg7'
2025-08-12 16:12:28,671 - DEBUG - Loaded and stored Omron data for key '00111_seg1' and '00111_seg7'
2025-08-12 16:12:28,672 - DEBUG - Loaded and stored Omron data for key '00112_seg1' and '00112_seg7'
2025-08-12 16:12:32,773 - DEBUG - Biopac BP values for seg1: SBP=77.7, DBP=47.6 (zeros excluded)
2025-08-12 16:12:32,927 - DEBUG - No shift for 00064, delta too large (10.9 mmHg)
2025-08-12 16:12:32,928 - DEBUG - Processing 00064 - seg1
2025-08-12 16:12:35,292 - DEBUG - Loading Omron data from: /root/ppg2bp/data/omron.csv
2025-08-12 16:12:35,295 - DEBUG - Loaded and stored Omron data for key '00042_seg1' and '00042_seg7'
2025-08-12 16:12:35,295 - DEBUG - Loaded and stored Omron data for key '00043_seg1' and '00043_seg7'
2025-08-12 16:12:35,295 - DEBUG - Loaded and stored Omron data for key '00044_seg1' and '00044_seg7'
2025-08-12 16:12:35,295 - DEBUG - Loaded and stored Omron data for key '00016_seg1' and '00016_seg7'
2025-08-12 16:12:35,295 - DEBUG - Loaded and stored Omron data for key '00045_seg1' and '00045_seg7'
2025-08-12 16:12:35,296 - DEBUG - Loaded and stored Omron data for key '00047_seg1' and '00047_seg7'
2025-08-12 16:12:35,296 - DEBUG - Loaded and stored Omron data for key '00048_seg1' and '00048_seg7'
2025-08-12 16:12:35,296 - DEBUG - Loaded and stored Omron data for key '00049_seg1' and '00049_seg7'
2025-08-12 16:12:35,296 - DEBUG - Loaded and stored Omron data for key '00050_seg1' and '00050_seg7'
2025-08-12 16:12:35,296 - DEBUG - Loaded and stored Omron data for key '00051_seg1' and '00051_seg7'
2025-08-12 16:12:35,296 - DEBUG - Loaded and stored Omron data for key '00052_seg1' and '00052_seg7'
2025-08-12 16:12:35,296 - DEBUG - Loaded and stored Omron data for key '00003_seg1' and '00003_seg7'
2025-08-12 16:12:35,296 - DEBUG - Loaded and stored Omron data for key '00053_seg1' and '00053_seg7'
2025-08-12 16:12:35,296 - DEBUG - Loaded and stored Omron data for key '00054_seg1' and '00054_seg7'
2025-08-12 16:12:35,296 - DEBUG - Loaded and stored Omron data for key '00055_seg1' and '00055_seg7'
2025-08-12 16:12:35,296 - DEBUG - Loaded and stored Omron data for key '00056_seg1' and '00056_seg7'
2025-08-12 16:12:35,296 - DEBUG - Loaded and stored Omron data for key '00057_seg1' and '00057_seg7'
2025-08-12 16:12:35,297 - DEBUG - Loaded and stored Omron data for key '00058_seg1' and '00058_seg7'
2025-08-12 16:12:35,297 - DEBUG - Loaded and stored Omron data for key '00059_seg1' and '00059_seg7'
2025-08-12 16:12:35,297 - DEBUG - Loaded and stored Omron data for key '00060_seg1' and '00060_seg7'
2025-08-12 16:12:35,297 - DEBUG - Loaded and stored Omron data for key '00061_seg1' and '00061_seg7'
2025-08-12 16:12:35,297 - DEBUG - Loaded and stored Omron data for key '00062_seg1' and '00062_seg7'
2025-08-12 16:12:35,297 - DEBUG - Loaded and stored Omron data for key '00063_seg1' and '00063_seg7'
2025-08-12 16:12:35,297 - DEBUG - Loaded and stored Omron data for key '00064_seg1' and '00064_seg7'
2025-08-12 16:12:35,297 - DEBUG - Loaded and stored Omron data for key '00065_seg1' and '00065_seg7'
2025-08-12 16:12:35,297 - DEBUG - Loaded and stored Omron data for key '00066_seg1' and '00066_seg7'
2025-08-12 16:12:35,297 - DEBUG - Loaded and stored Omron data for key '00067_seg1' and '00067_seg7'
2025-08-12 16:12:35,297 - DEBUG - Loaded and stored Omron data for key '00068_seg1' and '00068_seg7'
2025-08-12 16:12:35,298 - DEBUG - Loaded and stored Omron data for key '00069_seg1' and '00069_seg7'
2025-08-12 16:12:35,298 - DEBUG - Loaded and stored Omron data for key '00070_seg1' and '00070_seg7'
2025-08-12 16:12:35,298 - DEBUG - Loaded and stored Omron data for key '00071_seg1' and '00071_seg7'
2025-08-12 16:12:35,298 - DEBUG - Loaded and stored Omron data for key '00072_seg1' and '00072_seg7'
2025-08-12 16:12:35,298 - DEBUG - Loaded and stored Omron data for key '00073_seg1' and '00073_seg7'
2025-08-12 16:12:35,298 - DEBUG - Loaded and stored Omron data for key '00074_seg1' and '00074_seg7'
2025-08-12 16:12:35,298 - DEBUG - Loaded and stored Omron data for key '00075_seg1' and '00075_seg7'
2025-08-12 16:12:35,298 - DEBUG - Loaded and stored Omron data for key '00076_seg1' and '00076_seg7'
2025-08-12 16:12:35,298 - DEBUG - Loaded and stored Omron data for key '00077_seg1' and '00077_seg7'
2025-08-12 16:12:35,298 - DEBUG - Loaded and stored Omron data for key '00078_seg1' and '00078_seg7'
2025-08-12 16:12:35,298 - DEBUG - Loaded and stored Omron data for key '00079_seg1' and '00079_seg7'
2025-08-12 16:12:35,299 - DEBUG - Loaded and stored Omron data for key '00080_seg1' and '00080_seg7'
2025-08-12 16:12:35,299 - DEBUG - Loaded and stored Omron data for key '00081_seg1' and '00081_seg7'
2025-08-12 16:12:35,299 - DEBUG - Loaded and stored Omron data for key '00082_seg1' and '00082_seg7'
2025-08-12 16:12:35,299 - DEBUG - Loaded and stored Omron data for key '00083_seg1' and '00083_seg7'
2025-08-12 16:12:35,299 - DEBUG - Loaded and stored Omron data for key '00084_seg1' and '00084_seg7'
2025-08-12 16:12:35,299 - DEBUG - Loaded and stored Omron data for key '00085_seg1' and '00085_seg7'
2025-08-12 16:12:35,299 - DEBUG - Loaded and stored Omron data for key '00086_seg1' and '00086_seg7'
2025-08-12 16:12:35,299 - DEBUG - Loaded and stored Omron data for key '00087_seg1' and '00087_seg7'
2025-08-12 16:12:35,299 - DEBUG - Loaded and stored Omron data for key '00088_seg1' and '00088_seg7'
2025-08-12 16:12:35,299 - DEBUG - Loaded and stored Omron data for key '00089_seg1' and '00089_seg7'
2025-08-12 16:12:35,299 - DEBUG - Loaded and stored Omron data for key '00090_seg1' and '00090_seg7'
2025-08-12 16:12:35,299 - DEBUG - Loaded and stored Omron data for key '00091_seg1' and '00091_seg7'
2025-08-12 16:12:35,300 - DEBUG - Loaded and stored Omron data for key '00092_seg1' and '00092_seg7'
2025-08-12 16:12:35,300 - DEBUG - Loaded and stored Omron data for key '00093_seg1' and '00093_seg7'
2025-08-12 16:12:35,300 - DEBUG - Loaded and stored Omron data for key '00094_seg1' and '00094_seg7'
2025-08-12 16:12:35,300 - DEBUG - Loaded and stored Omron data for key '00095_seg1' and '00095_seg7'
2025-08-12 16:12:35,300 - DEBUG - Loaded and stored Omron data for key '00096_seg1' and '00096_seg7'
2025-08-12 16:12:35,300 - DEBUG - Loaded and stored Omron data for key '00097_seg1' and '00097_seg7'
2025-08-12 16:12:35,300 - DEBUG - Loaded and stored Omron data for key '00098_seg1' and '00098_seg7'
2025-08-12 16:12:35,300 - DEBUG - Loaded and stored Omron data for key '00099_seg1' and '00099_seg7'
2025-08-12 16:12:35,300 - DEBUG - Loaded and stored Omron data for key '00100_seg1' and '00100_seg7'
2025-08-12 16:12:35,300 - DEBUG - Loaded and stored Omron data for key '00101_seg1' and '00101_seg7'
2025-08-12 16:12:35,300 - DEBUG - Loaded and stored Omron data for key '00102_seg1' and '00102_seg7'
2025-08-12 16:12:35,300 - DEBUG - Loaded and stored Omron data for key '00103_seg1' and '00103_seg7'
2025-08-12 16:12:35,301 - DEBUG - Loaded and stored Omron data for key '00105_seg1' and '00105_seg7'
2025-08-12 16:12:35,301 - DEBUG - Loaded and stored Omron data for key '00106_seg1' and '00106_seg7'
2025-08-12 16:12:35,301 - DEBUG - Loaded and stored Omron data for key '00107_seg1' and '00107_seg7'
2025-08-12 16:12:35,301 - DEBUG - Loaded and stored Omron data for key '00108_seg1' and '00108_seg7'
2025-08-12 16:12:35,301 - DEBUG - Loaded and stored Omron data for key '00109_seg1' and '00109_seg7'
2025-08-12 16:12:35,301 - DEBUG - Loaded and stored Omron data for key '00110_seg1' and '00110_seg7'
2025-08-12 16:12:35,301 - DEBUG - Loaded and stored Omron data for key '00111_seg1' and '00111_seg7'
2025-08-12 16:12:35,301 - DEBUG - Loaded and stored Omron data for key '00112_seg1' and '00112_seg7'
2025-08-12 16:12:38,943 - DEBUG - Biopac BP values for seg1: SBP=77.7, DBP=47.6 (zeros excluded)
2025-08-12 16:12:39,112 - DEBUG - No shift for 00064, delta too large (10.9 mmHg)
2025-08-12 16:12:40,472 - DEBUG - Saved calibrated BP data to: ./data/processed/moved/00064/seg1_bp.csv
2025-08-12 16:12:41,270 - DEBUG - Filtering: 66684 points, range before=(86270.0000, 104764.0000), after=(-1137.0071, 769.4218)
2025-08-12 16:12:41,998 - DEBUG - Filtering: 66684 points, range before=(107512.0000, 117916.0000), after=(-1152.6223, 1030.2517)
2025-08-12 16:12:42,329 - DEBUG - Filtering: 66684 points, range before=(101015.0000, 128340.0000), after=(-9028.7740, 7938.8444)
2025-08-12 16:12:42,704 - DEBUG - Filtering: 66686 points, range before=(110541.0000, 133815.0000), after=(-2373.7517, 2855.8273)
2025-08-12 16:12:42,711 - DEBUG - Available sensors for seg1: ['sensor2', 'sensor3', 'sensor4', 'sensor5'] (4/4)
2025-08-12 16:12:44,298 - DEBUG - Loaded HR data: average 86.1 bpm
2025-08-12 16:12:44,354 - DEBUG - Using provided HR: 86.1 bpm, RR interval: 0.697s
2025-08-12 16:12:44,472 - DEBUG - Found 860 BP valleys in 60012 samples (600.1s), HR: 86 bpm
2025-08-12 16:12:44,488 - DEBUG - Created 845 valley-based slices from 860 valleys
2025-08-12 16:12:44,489 - DEBUG - Generated 845 valley-based slices from seg1
2025-08-12 16:12:44,489 - DEBUG - Processing 00064 - seg7
2025-08-12 16:12:45,241 - DEBUG - Loading Omron data from: /root/ppg2bp/data/omron.csv
2025-08-12 16:12:45,246 - DEBUG - Loaded and stored Omron data for key '00042_seg1' and '00042_seg7'
2025-08-12 16:12:45,246 - DEBUG - Loaded and stored Omron data for key '00043_seg1' and '00043_seg7'
2025-08-12 16:12:45,247 - DEBUG - Loaded and stored Omron data for key '00044_seg1' and '00044_seg7'
2025-08-12 16:12:45,247 - DEBUG - Loaded and stored Omron data for key '00016_seg1' and '00016_seg7'
2025-08-12 16:12:45,247 - DEBUG - Loaded and stored Omron data for key '00045_seg1' and '00045_seg7'
2025-08-12 16:12:45,247 - DEBUG - Loaded and stored Omron data for key '00047_seg1' and '00047_seg7'
2025-08-12 16:12:45,247 - DEBUG - Loaded and stored Omron data for key '00048_seg1' and '00048_seg7'
2025-08-12 16:12:45,247 - DEBUG - Loaded and stored Omron data for key '00049_seg1' and '00049_seg7'
2025-08-12 16:12:45,247 - DEBUG - Loaded and stored Omron data for key '00050_seg1' and '00050_seg7'
2025-08-12 16:12:45,247 - DEBUG - Loaded and stored Omron data for key '00051_seg1' and '00051_seg7'
2025-08-12 16:12:45,247 - DEBUG - Loaded and stored Omron data for key '00052_seg1' and '00052_seg7'
2025-08-12 16:12:45,247 - DEBUG - Loaded and stored Omron data for key '00003_seg1' and '00003_seg7'
2025-08-12 16:12:45,248 - DEBUG - Loaded and stored Omron data for key '00053_seg1' and '00053_seg7'
2025-08-12 16:12:45,248 - DEBUG - Loaded and stored Omron data for key '00054_seg1' and '00054_seg7'
2025-08-12 16:12:45,248 - DEBUG - Loaded and stored Omron data for key '00055_seg1' and '00055_seg7'
2025-08-12 16:12:45,248 - DEBUG - Loaded and stored Omron data for key '00056_seg1' and '00056_seg7'
2025-08-12 16:12:45,248 - DEBUG - Loaded and stored Omron data for key '00057_seg1' and '00057_seg7'
2025-08-12 16:12:45,248 - DEBUG - Loaded and stored Omron data for key '00058_seg1' and '00058_seg7'
2025-08-12 16:12:45,248 - DEBUG - Loaded and stored Omron data for key '00059_seg1' and '00059_seg7'
2025-08-12 16:12:45,248 - DEBUG - Loaded and stored Omron data for key '00060_seg1' and '00060_seg7'
2025-08-12 16:12:45,248 - DEBUG - Loaded and stored Omron data for key '00061_seg1' and '00061_seg7'
2025-08-12 16:12:45,248 - DEBUG - Loaded and stored Omron data for key '00062_seg1' and '00062_seg7'
2025-08-12 16:12:45,249 - DEBUG - Loaded and stored Omron data for key '00063_seg1' and '00063_seg7'
2025-08-12 16:12:45,249 - DEBUG - Loaded and stored Omron data for key '00064_seg1' and '00064_seg7'
2025-08-12 16:12:45,249 - DEBUG - Loaded and stored Omron data for key '00065_seg1' and '00065_seg7'
2025-08-12 16:12:45,249 - DEBUG - Loaded and stored Omron data for key '00066_seg1' and '00066_seg7'
2025-08-12 16:12:45,249 - DEBUG - Loaded and stored Omron data for key '00067_seg1' and '00067_seg7'
2025-08-12 16:12:45,249 - DEBUG - Loaded and stored Omron data for key '00068_seg1' and '00068_seg7'
2025-08-12 16:12:45,249 - DEBUG - Loaded and stored Omron data for key '00069_seg1' and '00069_seg7'
2025-08-12 16:12:45,249 - DEBUG - Loaded and stored Omron data for key '00070_seg1' and '00070_seg7'
2025-08-12 16:12:45,249 - DEBUG - Loaded and stored Omron data for key '00071_seg1' and '00071_seg7'
2025-08-12 16:12:45,249 - DEBUG - Loaded and stored Omron data for key '00072_seg1' and '00072_seg7'
2025-08-12 16:12:45,249 - DEBUG - Loaded and stored Omron data for key '00073_seg1' and '00073_seg7'
2025-08-12 16:12:45,250 - DEBUG - Loaded and stored Omron data for key '00074_seg1' and '00074_seg7'
2025-08-12 16:12:45,250 - DEBUG - Loaded and stored Omron data for key '00075_seg1' and '00075_seg7'
2025-08-12 16:12:45,250 - DEBUG - Loaded and stored Omron data for key '00076_seg1' and '00076_seg7'
2025-08-12 16:12:45,250 - DEBUG - Loaded and stored Omron data for key '00077_seg1' and '00077_seg7'
2025-08-12 16:12:45,250 - DEBUG - Loaded and stored Omron data for key '00078_seg1' and '00078_seg7'
2025-08-12 16:12:45,250 - DEBUG - Loaded and stored Omron data for key '00079_seg1' and '00079_seg7'
2025-08-12 16:12:45,250 - DEBUG - Loaded and stored Omron data for key '00080_seg1' and '00080_seg7'
2025-08-12 16:12:45,250 - DEBUG - Loaded and stored Omron data for key '00081_seg1' and '00081_seg7'
2025-08-12 16:12:45,250 - DEBUG - Loaded and stored Omron data for key '00082_seg1' and '00082_seg7'
2025-08-12 16:12:45,250 - DEBUG - Loaded and stored Omron data for key '00083_seg1' and '00083_seg7'
2025-08-12 16:12:45,250 - DEBUG - Loaded and stored Omron data for key '00084_seg1' and '00084_seg7'
2025-08-12 16:12:45,251 - DEBUG - Loaded and stored Omron data for key '00085_seg1' and '00085_seg7'
2025-08-12 16:12:45,251 - DEBUG - Loaded and stored Omron data for key '00086_seg1' and '00086_seg7'
2025-08-12 16:12:45,251 - DEBUG - Loaded and stored Omron data for key '00087_seg1' and '00087_seg7'
2025-08-12 16:12:45,251 - DEBUG - Loaded and stored Omron data for key '00088_seg1' and '00088_seg7'
2025-08-12 16:12:45,251 - DEBUG - Loaded and stored Omron data for key '00089_seg1' and '00089_seg7'
2025-08-12 16:12:45,251 - DEBUG - Loaded and stored Omron data for key '00090_seg1' and '00090_seg7'
2025-08-12 16:12:45,251 - DEBUG - Loaded and stored Omron data for key '00091_seg1' and '00091_seg7'
2025-08-12 16:12:45,251 - DEBUG - Loaded and stored Omron data for key '00092_seg1' and '00092_seg7'
2025-08-12 16:12:45,251 - DEBUG - Loaded and stored Omron data for key '00093_seg1' and '00093_seg7'
2025-08-12 16:12:45,251 - DEBUG - Loaded and stored Omron data for key '00094_seg1' and '00094_seg7'
2025-08-12 16:12:45,251 - DEBUG - Loaded and stored Omron data for key '00095_seg1' and '00095_seg7'
2025-08-12 16:12:45,252 - DEBUG - Loaded and stored Omron data for key '00096_seg1' and '00096_seg7'
2025-08-12 16:12:45,252 - DEBUG - Loaded and stored Omron data for key '00097_seg1' and '00097_seg7'
2025-08-12 16:12:45,252 - DEBUG - Loaded and stored Omron data for key '00098_seg1' and '00098_seg7'
2025-08-12 16:12:45,252 - DEBUG - Loaded and stored Omron data for key '00099_seg1' and '00099_seg7'
2025-08-12 16:12:45,252 - DEBUG - Loaded and stored Omron data for key '00100_seg1' and '00100_seg7'
2025-08-12 16:12:45,252 - DEBUG - Loaded and stored Omron data for key '00101_seg1' and '00101_seg7'
2025-08-12 16:12:45,252 - DEBUG - Loaded and stored Omron data for key '00102_seg1' and '00102_seg7'
2025-08-12 16:12:45,252 - DEBUG - Loaded and stored Omron data for key '00103_seg1' and '00103_seg7'
2025-08-12 16:12:45,252 - DEBUG - Loaded and stored Omron data for key '00105_seg1' and '00105_seg7'
2025-08-12 16:12:45,252 - DEBUG - Loaded and stored Omron data for key '00106_seg1' and '00106_seg7'
2025-08-12 16:12:45,252 - DEBUG - Loaded and stored Omron data for key '00107_seg1' and '00107_seg7'
2025-08-12 16:12:45,253 - DEBUG - Loaded and stored Omron data for key '00108_seg1' and '00108_seg7'
2025-08-12 16:12:45,253 - DEBUG - Loaded and stored Omron data for key '00109_seg1' and '00109_seg7'
2025-08-12 16:12:45,253 - DEBUG - Loaded and stored Omron data for key '00110_seg1' and '00110_seg7'
2025-08-12 16:12:45,253 - DEBUG - Loaded and stored Omron data for key '00111_seg1' and '00111_seg7'
2025-08-12 16:12:45,253 - DEBUG - Loaded and stored Omron data for key '00112_seg1' and '00112_seg7'
2025-08-12 16:12:49,017 - DEBUG - Biopac BP values for seg1: SBP=77.7, DBP=47.6 (zeros excluded)
2025-08-12 16:12:49,160 - DEBUG - No shift for 00064, delta too large (10.9 mmHg)
2025-08-12 16:12:49,900 - DEBUG - Saved calibrated BP data to: ./data/processed/moved/00064/seg7_bp.csv
2025-08-12 16:12:49,936 - DEBUG - Warning: ./data/raw/00064/seg7_sensor2.csv not found. Skipping this sensor.
2025-08-12 16:12:50,105 - DEBUG - Filtering: 33344 points, range before=(111575.0000, 122153.0000), after=(-800.3969, 758.6352)
2025-08-12 16:12:50,345 - DEBUG - Filtering: 33344 points, range before=(116513.0000, 119731.0000), after=(-356.9011, 313.4812)
2025-08-12 16:12:50,582 - DEBUG - Filtering: 33346 points, range before=(48022.0000, 131613.0000), after=(-17418.2165, 41302.0912)
2025-08-12 16:12:50,585 - DEBUG - Available sensors for seg7: ['sensor3', 'sensor4', 'sensor5'] (3/4)
2025-08-12 16:12:51,028 - DEBUG - Loaded HR data: average 78.9 bpm
2025-08-12 16:12:51,035 - DEBUG - Using provided HR: 78.9 bpm, RR interval: 0.760s
2025-08-12 16:12:51,070 - DEBUG - Found 0 BP valleys in 30007 samples (300.1s), HR: 79 bpm
2025-08-12 16:12:51,070 - DEBUG - Warning: Insufficient BP valleys found, using original slicing method
2025-08-12 16:12:51,077 - DEBUG - Generated 290 valley-based slices from seg7
2025-08-12 16:12:51,078 - DEBUG - Loading Omron data from: /root/ppg2bp/data/omron.csv
2025-08-12 16:12:51,082 - DEBUG - Loaded and stored Omron data for key '00042_seg1' and '00042_seg7'
2025-08-12 16:12:51,082 - DEBUG - Loaded and stored Omron data for key '00043_seg1' and '00043_seg7'
2025-08-12 16:12:51,082 - DEBUG - Loaded and stored Omron data for key '00044_seg1' and '00044_seg7'
2025-08-12 16:12:51,082 - DEBUG - Loaded and stored Omron data for key '00016_seg1' and '00016_seg7'
2025-08-12 16:12:51,083 - DEBUG - Loaded and stored Omron data for key '00045_seg1' and '00045_seg7'
2025-08-12 16:12:51,083 - DEBUG - Loaded and stored Omron data for key '00047_seg1' and '00047_seg7'
2025-08-12 16:12:51,083 - DEBUG - Loaded and stored Omron data for key '00048_seg1' and '00048_seg7'
2025-08-12 16:12:51,083 - DEBUG - Loaded and stored Omron data for key '00049_seg1' and '00049_seg7'
2025-08-12 16:12:51,083 - DEBUG - Loaded and stored Omron data for key '00050_seg1' and '00050_seg7'
2025-08-12 16:12:51,083 - DEBUG - Loaded and stored Omron data for key '00051_seg1' and '00051_seg7'
2025-08-12 16:12:51,083 - DEBUG - Loaded and stored Omron data for key '00052_seg1' and '00052_seg7'
2025-08-12 16:12:51,083 - DEBUG - Loaded and stored Omron data for key '00003_seg1' and '00003_seg7'
2025-08-12 16:12:51,083 - DEBUG - Loaded and stored Omron data for key '00053_seg1' and '00053_seg7'
2025-08-12 16:12:51,084 - DEBUG - Loaded and stored Omron data for key '00054_seg1' and '00054_seg7'
2025-08-12 16:12:51,084 - DEBUG - Loaded and stored Omron data for key '00055_seg1' and '00055_seg7'
2025-08-12 16:12:51,084 - DEBUG - Loaded and stored Omron data for key '00056_seg1' and '00056_seg7'
2025-08-12 16:12:51,084 - DEBUG - Loaded and stored Omron data for key '00057_seg1' and '00057_seg7'
2025-08-12 16:12:51,084 - DEBUG - Loaded and stored Omron data for key '00058_seg1' and '00058_seg7'
2025-08-12 16:12:51,084 - DEBUG - Loaded and stored Omron data for key '00059_seg1' and '00059_seg7'
2025-08-12 16:12:51,084 - DEBUG - Loaded and stored Omron data for key '00060_seg1' and '00060_seg7'
2025-08-12 16:12:51,084 - DEBUG - Loaded and stored Omron data for key '00061_seg1' and '00061_seg7'
2025-08-12 16:12:51,084 - DEBUG - Loaded and stored Omron data for key '00062_seg1' and '00062_seg7'
2025-08-12 16:12:51,084 - DEBUG - Loaded and stored Omron data for key '00063_seg1' and '00063_seg7'
2025-08-12 16:12:51,085 - DEBUG - Loaded and stored Omron data for key '00064_seg1' and '00064_seg7'
2025-08-12 16:12:51,085 - DEBUG - Loaded and stored Omron data for key '00065_seg1' and '00065_seg7'
2025-08-12 16:12:51,085 - DEBUG - Loaded and stored Omron data for key '00066_seg1' and '00066_seg7'
2025-08-12 16:12:51,085 - DEBUG - Loaded and stored Omron data for key '00067_seg1' and '00067_seg7'
2025-08-12 16:12:51,085 - DEBUG - Loaded and stored Omron data for key '00068_seg1' and '00068_seg7'
2025-08-12 16:12:51,085 - DEBUG - Loaded and stored Omron data for key '00069_seg1' and '00069_seg7'
2025-08-12 16:12:51,085 - DEBUG - Loaded and stored Omron data for key '00070_seg1' and '00070_seg7'
2025-08-12 16:12:51,085 - DEBUG - Loaded and stored Omron data for key '00071_seg1' and '00071_seg7'
2025-08-12 16:12:51,085 - DEBUG - Loaded and stored Omron data for key '00072_seg1' and '00072_seg7'
2025-08-12 16:12:51,085 - DEBUG - Loaded and stored Omron data for key '00073_seg1' and '00073_seg7'
2025-08-12 16:12:51,086 - DEBUG - Loaded and stored Omron data for key '00074_seg1' and '00074_seg7'
2025-08-12 16:12:51,086 - DEBUG - Loaded and stored Omron data for key '00075_seg1' and '00075_seg7'
2025-08-12 16:12:51,086 - DEBUG - Loaded and stored Omron data for key '00076_seg1' and '00076_seg7'
2025-08-12 16:12:51,086 - DEBUG - Loaded and stored Omron data for key '00077_seg1' and '00077_seg7'
2025-08-12 16:12:51,086 - DEBUG - Loaded and stored Omron data for key '00078_seg1' and '00078_seg7'
2025-08-12 16:12:51,086 - DEBUG - Loaded and stored Omron data for key '00079_seg1' and '00079_seg7'
2025-08-12 16:12:51,086 - DEBUG - Loaded and stored Omron data for key '00080_seg1' and '00080_seg7'
2025-08-12 16:12:51,086 - DEBUG - Loaded and stored Omron data for key '00081_seg1' and '00081_seg7'
2025-08-12 16:12:51,086 - DEBUG - Loaded and stored Omron data for key '00082_seg1' and '00082_seg7'
2025-08-12 16:12:51,086 - DEBUG - Loaded and stored Omron data for key '00083_seg1' and '00083_seg7'
2025-08-12 16:12:51,087 - DEBUG - Loaded and stored Omron data for key '00084_seg1' and '00084_seg7'
2025-08-12 16:12:51,087 - DEBUG - Loaded and stored Omron data for key '00085_seg1' and '00085_seg7'
2025-08-12 16:12:51,087 - DEBUG - Loaded and stored Omron data for key '00086_seg1' and '00086_seg7'
2025-08-12 16:12:51,087 - DEBUG - Loaded and stored Omron data for key '00087_seg1' and '00087_seg7'
2025-08-12 16:12:51,087 - DEBUG - Loaded and stored Omron data for key '00088_seg1' and '00088_seg7'
2025-08-12 16:12:51,087 - DEBUG - Loaded and stored Omron data for key '00089_seg1' and '00089_seg7'
2025-08-12 16:12:51,087 - DEBUG - Loaded and stored Omron data for key '00090_seg1' and '00090_seg7'
2025-08-12 16:12:51,087 - DEBUG - Loaded and stored Omron data for key '00091_seg1' and '00091_seg7'
2025-08-12 16:12:51,087 - DEBUG - Loaded and stored Omron data for key '00092_seg1' and '00092_seg7'
2025-08-12 16:12:51,087 - DEBUG - Loaded and stored Omron data for key '00093_seg1' and '00093_seg7'
2025-08-12 16:12:51,087 - DEBUG - Loaded and stored Omron data for key '00094_seg1' and '00094_seg7'
2025-08-12 16:12:51,088 - DEBUG - Loaded and stored Omron data for key '00095_seg1' and '00095_seg7'
2025-08-12 16:12:51,088 - DEBUG - Loaded and stored Omron data for key '00096_seg1' and '00096_seg7'
2025-08-12 16:12:51,088 - DEBUG - Loaded and stored Omron data for key '00097_seg1' and '00097_seg7'
2025-08-12 16:12:51,088 - DEBUG - Loaded and stored Omron data for key '00098_seg1' and '00098_seg7'
2025-08-12 16:12:51,088 - DEBUG - Loaded and stored Omron data for key '00099_seg1' and '00099_seg7'
2025-08-12 16:12:51,088 - DEBUG - Loaded and stored Omron data for key '00100_seg1' and '00100_seg7'
2025-08-12 16:12:51,088 - DEBUG - Loaded and stored Omron data for key '00101_seg1' and '00101_seg7'
2025-08-12 16:12:51,088 - DEBUG - Loaded and stored Omron data for key '00102_seg1' and '00102_seg7'
2025-08-12 16:12:51,088 - DEBUG - Loaded and stored Omron data for key '00103_seg1' and '00103_seg7'
2025-08-12 16:12:51,089 - DEBUG - Loaded and stored Omron data for key '00105_seg1' and '00105_seg7'
2025-08-12 16:12:51,089 - DEBUG - Loaded and stored Omron data for key '00106_seg1' and '00106_seg7'
2025-08-12 16:12:51,089 - DEBUG - Loaded and stored Omron data for key '00107_seg1' and '00107_seg7'
2025-08-12 16:12:51,089 - DEBUG - Loaded and stored Omron data for key '00108_seg1' and '00108_seg7'
2025-08-12 16:12:51,089 - DEBUG - Loaded and stored Omron data for key '00109_seg1' and '00109_seg7'
2025-08-12 16:12:51,089 - DEBUG - Loaded and stored Omron data for key '00110_seg1' and '00110_seg7'
2025-08-12 16:12:51,089 - DEBUG - Loaded and stored Omron data for key '00111_seg1' and '00111_seg7'
2025-08-12 16:12:51,089 - DEBUG - Loaded and stored Omron data for key '00112_seg1' and '00112_seg7'
2025-08-12 16:12:54,759 - DEBUG - Biopac BP values for seg1: SBP=83.6, DBP=49.4 (zeros excluded)
2025-08-12 16:12:54,855 - DEBUG - Calculated shift amount for 00065: +30.5 mmHg
2025-08-12 16:12:54,856 - DEBUG - Processing 00065 - seg1
2025-08-12 16:12:59,675 - DEBUG - Saved calibrated BP data to: ./data/processed/moved/00065/seg1_bp.csv
2025-08-12 16:13:00,834 - DEBUG - Filtering: 66680 points, range before=(88320.0000, 98603.0000), after=(-789.3131, 668.7719)
2025-08-12 16:13:01,941 - DEBUG - Filtering: 66680 points, range before=(108226.0000, 115914.0000), after=(-942.8315, 1005.5855)
2025-08-12 16:13:02,921 - DEBUG - Filtering: 66681 points, range before=(115876.0000, 118017.0000), after=(-149.0887, 163.0045)
2025-08-12 16:13:04,561 - DEBUG - Filtering: 66681 points, range before=(107730.0000, 111879.0000), after=(-358.8135, 506.8762)
2025-08-12 16:13:04,569 - DEBUG - Available sensors for seg1: ['sensor2', 'sensor3', 'sensor4', 'sensor5'] (4/4)
2025-08-12 16:13:05,968 - DEBUG - Loaded HR data: average 87.3 bpm
2025-08-12 16:13:06,016 - DEBUG - Using provided HR: 87.3 bpm, RR interval: 0.688s
2025-08-12 16:13:06,117 - DEBUG - Found 0 BP valleys in 60008 samples (600.1s), HR: 87 bpm
2025-08-12 16:13:06,118 - DEBUG - Warning: Insufficient BP valleys found, using original slicing method
2025-08-12 16:13:06,127 - DEBUG - Generated 590 valley-based slices from seg1
2025-08-12 16:13:06,127 - DEBUG - Processing 00065 - seg7
2025-08-12 16:13:07,650 - DEBUG - Saved calibrated BP data to: ./data/processed/moved/00065/seg7_bp.csv
2025-08-12 16:13:07,746 - DEBUG - Filtering: 33425 points, range before=(105068.0000, 110167.0000), after=(-588.2142, 494.3283)
2025-08-12 16:13:07,939 - DEBUG - Filtering: 33425 points, range before=(89565.0000, 95747.0000), after=(-381.8561, 523.3140)
2025-08-12 16:13:08,060 - DEBUG - Filtering: 33424 points, range before=(116541.0000, 120454.0000), after=(-203.1942, 291.5001)
2025-08-12 16:13:08,236 - DEBUG - Filtering: 33424 points, range before=(59076.0000, 64406.0000), after=(-265.9967, 337.7205)
2025-08-12 16:13:08,238 - DEBUG - Available sensors for seg7: ['sensor2', 'sensor3', 'sensor4', 'sensor5'] (4/4)
2025-08-12 16:13:08,619 - DEBUG - Loaded HR data: average 95.5 bpm
2025-08-12 16:13:08,620 - DEBUG - Using provided HR: 95.5 bpm, RR interval: 0.628s
2025-08-12 16:13:08,653 - DEBUG - Found 0 BP valleys in 30079 samples (300.8s), HR: 95 bpm
2025-08-12 16:13:08,653 - DEBUG - Warning: Insufficient BP valleys found, using original slicing method
2025-08-12 16:13:08,657 - DEBUG - Generated 290 valley-based slices from seg7
2025-08-12 16:13:08,658 - DEBUG - Loading Omron data from: /root/ppg2bp/data/omron.csv
2025-08-12 16:13:08,661 - DEBUG - Loaded and stored Omron data for key '00042_seg1' and '00042_seg7'
2025-08-12 16:13:08,661 - DEBUG - Loaded and stored Omron data for key '00043_seg1' and '00043_seg7'
2025-08-12 16:13:08,662 - DEBUG - Loaded and stored Omron data for key '00044_seg1' and '00044_seg7'
2025-08-12 16:13:08,662 - DEBUG - Loaded and stored Omron data for key '00016_seg1' and '00016_seg7'
2025-08-12 16:13:08,662 - DEBUG - Loaded and stored Omron data for key '00045_seg1' and '00045_seg7'
2025-08-12 16:13:08,662 - DEBUG - Loaded and stored Omron data for key '00047_seg1' and '00047_seg7'
2025-08-12 16:13:08,662 - DEBUG - Loaded and stored Omron data for key '00048_seg1' and '00048_seg7'
2025-08-12 16:13:08,662 - DEBUG - Loaded and stored Omron data for key '00049_seg1' and '00049_seg7'
2025-08-12 16:13:08,662 - DEBUG - Loaded and stored Omron data for key '00050_seg1' and '00050_seg7'
2025-08-12 16:13:08,662 - DEBUG - Loaded and stored Omron data for key '00051_seg1' and '00051_seg7'
2025-08-12 16:13:08,662 - DEBUG - Loaded and stored Omron data for key '00052_seg1' and '00052_seg7'
2025-08-12 16:13:08,662 - DEBUG - Loaded and stored Omron data for key '00003_seg1' and '00003_seg7'
2025-08-12 16:13:08,663 - DEBUG - Loaded and stored Omron data for key '00053_seg1' and '00053_seg7'
2025-08-12 16:13:08,663 - DEBUG - Loaded and stored Omron data for key '00054_seg1' and '00054_seg7'
2025-08-12 16:13:08,663 - DEBUG - Loaded and stored Omron data for key '00055_seg1' and '00055_seg7'
2025-08-12 16:13:08,663 - DEBUG - Loaded and stored Omron data for key '00056_seg1' and '00056_seg7'
2025-08-12 16:13:08,663 - DEBUG - Loaded and stored Omron data for key '00057_seg1' and '00057_seg7'
2025-08-12 16:13:08,663 - DEBUG - Loaded and stored Omron data for key '00058_seg1' and '00058_seg7'
2025-08-12 16:13:08,663 - DEBUG - Loaded and stored Omron data for key '00059_seg1' and '00059_seg7'
2025-08-12 16:13:08,663 - DEBUG - Loaded and stored Omron data for key '00060_seg1' and '00060_seg7'
2025-08-12 16:13:08,663 - DEBUG - Loaded and stored Omron data for key '00061_seg1' and '00061_seg7'
2025-08-12 16:13:08,663 - DEBUG - Loaded and stored Omron data for key '00062_seg1' and '00062_seg7'
2025-08-12 16:13:08,664 - DEBUG - Loaded and stored Omron data for key '00063_seg1' and '00063_seg7'
2025-08-12 16:13:08,664 - DEBUG - Loaded and stored Omron data for key '00064_seg1' and '00064_seg7'
2025-08-12 16:13:08,664 - DEBUG - Loaded and stored Omron data for key '00065_seg1' and '00065_seg7'
2025-08-12 16:13:08,664 - DEBUG - Loaded and stored Omron data for key '00066_seg1' and '00066_seg7'
2025-08-12 16:13:08,664 - DEBUG - Loaded and stored Omron data for key '00067_seg1' and '00067_seg7'
2025-08-12 16:13:08,664 - DEBUG - Loaded and stored Omron data for key '00068_seg1' and '00068_seg7'
2025-08-12 16:13:08,664 - DEBUG - Loaded and stored Omron data for key '00069_seg1' and '00069_seg7'
2025-08-12 16:13:08,664 - DEBUG - Loaded and stored Omron data for key '00070_seg1' and '00070_seg7'
2025-08-12 16:13:08,664 - DEBUG - Loaded and stored Omron data for key '00071_seg1' and '00071_seg7'
2025-08-12 16:13:08,665 - DEBUG - Loaded and stored Omron data for key '00072_seg1' and '00072_seg7'
2025-08-12 16:13:08,665 - DEBUG - Loaded and stored Omron data for key '00073_seg1' and '00073_seg7'
2025-08-12 16:13:08,665 - DEBUG - Loaded and stored Omron data for key '00074_seg1' and '00074_seg7'
2025-08-12 16:13:08,665 - DEBUG - Loaded and stored Omron data for key '00075_seg1' and '00075_seg7'
2025-08-12 16:13:08,665 - DEBUG - Loaded and stored Omron data for key '00076_seg1' and '00076_seg7'
2025-08-12 16:13:08,665 - DEBUG - Loaded and stored Omron data for key '00077_seg1' and '00077_seg7'
2025-08-12 16:13:08,665 - DEBUG - Loaded and stored Omron data for key '00078_seg1' and '00078_seg7'
2025-08-12 16:13:08,665 - DEBUG - Loaded and stored Omron data for key '00079_seg1' and '00079_seg7'
2025-08-12 16:13:08,665 - DEBUG - Loaded and stored Omron data for key '00080_seg1' and '00080_seg7'
2025-08-12 16:13:08,665 - DEBUG - Loaded and stored Omron data for key '00081_seg1' and '00081_seg7'
2025-08-12 16:13:08,666 - DEBUG - Loaded and stored Omron data for key '00082_seg1' and '00082_seg7'
2025-08-12 16:13:08,666 - DEBUG - Loaded and stored Omron data for key '00083_seg1' and '00083_seg7'
2025-08-12 16:13:08,666 - DEBUG - Loaded and stored Omron data for key '00084_seg1' and '00084_seg7'
2025-08-12 16:13:08,666 - DEBUG - Loaded and stored Omron data for key '00085_seg1' and '00085_seg7'
2025-08-12 16:13:08,666 - DEBUG - Loaded and stored Omron data for key '00086_seg1' and '00086_seg7'
2025-08-12 16:13:08,666 - DEBUG - Loaded and stored Omron data for key '00087_seg1' and '00087_seg7'
2025-08-12 16:13:08,666 - DEBUG - Loaded and stored Omron data for key '00088_seg1' and '00088_seg7'
2025-08-12 16:13:08,666 - DEBUG - Loaded and stored Omron data for key '00089_seg1' and '00089_seg7'
2025-08-12 16:13:08,666 - DEBUG - Loaded and stored Omron data for key '00090_seg1' and '00090_seg7'
2025-08-12 16:13:08,666 - DEBUG - Loaded and stored Omron data for key '00091_seg1' and '00091_seg7'
2025-08-12 16:13:08,667 - DEBUG - Loaded and stored Omron data for key '00092_seg1' and '00092_seg7'
2025-08-12 16:13:08,667 - DEBUG - Loaded and stored Omron data for key '00093_seg1' and '00093_seg7'
2025-08-12 16:13:08,667 - DEBUG - Loaded and stored Omron data for key '00094_seg1' and '00094_seg7'
2025-08-12 16:13:08,667 - DEBUG - Loaded and stored Omron data for key '00095_seg1' and '00095_seg7'
2025-08-12 16:13:08,667 - DEBUG - Loaded and stored Omron data for key '00096_seg1' and '00096_seg7'
2025-08-12 16:13:08,667 - DEBUG - Loaded and stored Omron data for key '00097_seg1' and '00097_seg7'
2025-08-12 16:13:08,667 - DEBUG - Loaded and stored Omron data for key '00098_seg1' and '00098_seg7'
2025-08-12 16:13:08,667 - DEBUG - Loaded and stored Omron data for key '00099_seg1' and '00099_seg7'
2025-08-12 16:13:08,667 - DEBUG - Loaded and stored Omron data for key '00100_seg1' and '00100_seg7'
2025-08-12 16:13:08,667 - DEBUG - Loaded and stored Omron data for key '00101_seg1' and '00101_seg7'
2025-08-12 16:13:08,668 - DEBUG - Loaded and stored Omron data for key '00102_seg1' and '00102_seg7'
2025-08-12 16:13:08,668 - DEBUG - Loaded and stored Omron data for key '00103_seg1' and '00103_seg7'
2025-08-12 16:13:08,668 - DEBUG - Loaded and stored Omron data for key '00105_seg1' and '00105_seg7'
2025-08-12 16:13:08,668 - DEBUG - Loaded and stored Omron data for key '00106_seg1' and '00106_seg7'
2025-08-12 16:13:08,668 - DEBUG - Loaded and stored Omron data for key '00107_seg1' and '00107_seg7'
2025-08-12 16:13:08,668 - DEBUG - Loaded and stored Omron data for key '00108_seg1' and '00108_seg7'
2025-08-12 16:13:08,668 - DEBUG - Loaded and stored Omron data for key '00109_seg1' and '00109_seg7'
2025-08-12 16:13:08,668 - DEBUG - Loaded and stored Omron data for key '00110_seg1' and '00110_seg7'
2025-08-12 16:13:08,668 - DEBUG - Loaded and stored Omron data for key '00111_seg1' and '00111_seg7'
2025-08-12 16:13:08,669 - DEBUG - Loaded and stored Omron data for key '00112_seg1' and '00112_seg7'
2025-08-12 16:13:11,615 - DEBUG - Biopac BP values for seg1: SBP=112.6, DBP=70.5 (zeros excluded)
2025-08-12 16:13:11,747 - DEBUG - Calculated shift amount for 00066: -12.6 mmHg
2025-08-12 16:13:11,748 - DEBUG - Processing 00066 - seg1
2025-08-12 16:13:15,251 - DEBUG - Saved calibrated BP data to: ./data/processed/moved/00066/seg1_bp.csv
2025-08-12 16:13:16,863 - DEBUG - Filtering: 66669 points, range before=(59623.0000, 62117.0000), after=(-606.8460, 202.8814)
2025-08-12 16:13:18,315 - DEBUG - Filtering: 66669 points, range before=(105901.0000, 111794.0000), after=(-699.0798, 580.5476)
2025-08-12 16:13:19,626 - DEBUG - Filtering: 66669 points, range before=(118527.0000, 120366.0000), after=(-166.5569, 116.1510)
2025-08-12 16:13:20,859 - DEBUG - Filtering: 66670 points, range before=(34678.0000, 72484.0000), after=(-672.9116, 571.6106)
2025-08-12 16:13:20,898 - DEBUG - Available sensors for seg1: ['sensor2', 'sensor3', 'sensor4', 'sensor5'] (4/4)
2025-08-12 16:13:24,736 - DEBUG - Loaded HR data: average 62.0 bpm
2025-08-12 16:13:24,832 - DEBUG - Using provided HR: 62.0 bpm, RR interval: 0.968s
2025-08-12 16:13:25,007 - DEBUG - Found 0 BP valleys in 59999 samples (600.0s), HR: 62 bpm
2025-08-12 16:13:25,008 - DEBUG - Warning: Insufficient BP valleys found, using original slicing method
2025-08-12 16:13:25,018 - DEBUG - Generated 589 valley-based slices from seg1
2025-08-12 16:13:25,018 - DEBUG - Processing 00066 - seg7
2025-08-12 16:13:26,836 - DEBUG - Saved calibrated BP data to: ./data/processed/moved/00066/seg7_bp.csv
2025-08-12 16:13:27,086 - DEBUG - Filtering: 33339 points, range before=(54172.0000, 60075.0000), after=(-1083.4029, 842.6374)
2025-08-12 16:13:27,453 - DEBUG - Filtering: 33341 points, range before=(113499.0000, 114913.0000), after=(-162.2553, 196.5402)
2025-08-12 16:13:28,011 - DEBUG - Filtering: 33340 points, range before=(117036.0000, 118683.0000), after=(-114.5579, 138.1444)
2025-08-12 16:13:28,444 - DEBUG - Filtering: 33339 points, range before=(22976.0000, 26247.0000), after=(-182.7045, 214.4854)
2025-08-12 16:13:28,448 - DEBUG - Available sensors for seg7: ['sensor2', 'sensor3', 'sensor4', 'sensor5'] (4/4)
2025-08-12 16:13:29,127 - DEBUG - Loaded HR data: average 62.1 bpm
2025-08-12 16:13:29,130 - DEBUG - Using provided HR: 62.1 bpm, RR interval: 0.966s
2025-08-12 16:13:29,159 - DEBUG - Found 0 BP valleys in 30003 samples (300.0s), HR: 62 bpm
2025-08-12 16:13:29,159 - DEBUG - Warning: Insufficient BP valleys found, using original slicing method
2025-08-12 16:13:29,175 - DEBUG - Generated 290 valley-based slices from seg7
2025-08-12 16:13:29,182 - DEBUG - Loading Omron data from: /root/ppg2bp/data/omron.csv
2025-08-12 16:13:29,209 - DEBUG - Loaded and stored Omron data for key '00042_seg1' and '00042_seg7'
2025-08-12 16:13:29,209 - DEBUG - Loaded and stored Omron data for key '00043_seg1' and '00043_seg7'
2025-08-12 16:13:29,210 - DEBUG - Loaded and stored Omron data for key '00044_seg1' and '00044_seg7'
2025-08-12 16:13:29,210 - DEBUG - Loaded and stored Omron data for key '00016_seg1' and '00016_seg7'
2025-08-12 16:13:29,210 - DEBUG - Loaded and stored Omron data for key '00045_seg1' and '00045_seg7'
2025-08-12 16:13:29,210 - DEBUG - Loaded and stored Omron data for key '00047_seg1' and '00047_seg7'
2025-08-12 16:13:29,210 - DEBUG - Loaded and stored Omron data for key '00048_seg1' and '00048_seg7'
2025-08-12 16:13:29,210 - DEBUG - Loaded and stored Omron data for key '00049_seg1' and '00049_seg7'
2025-08-12 16:13:29,210 - DEBUG - Loaded and stored Omron data for key '00050_seg1' and '00050_seg7'
2025-08-12 16:13:29,210 - DEBUG - Loaded and stored Omron data for key '00051_seg1' and '00051_seg7'
2025-08-12 16:13:29,211 - DEBUG - Loaded and stored Omron data for key '00052_seg1' and '00052_seg7'
2025-08-12 16:13:29,211 - DEBUG - Loaded and stored Omron data for key '00003_seg1' and '00003_seg7'
2025-08-12 16:13:29,211 - DEBUG - Loaded and stored Omron data for key '00053_seg1' and '00053_seg7'
2025-08-12 16:13:29,211 - DEBUG - Loaded and stored Omron data for key '00054_seg1' and '00054_seg7'
2025-08-12 16:13:29,211 - DEBUG - Loaded and stored Omron data for key '00055_seg1' and '00055_seg7'
2025-08-12 16:13:29,211 - DEBUG - Loaded and stored Omron data for key '00056_seg1' and '00056_seg7'
2025-08-12 16:13:29,211 - DEBUG - Loaded and stored Omron data for key '00057_seg1' and '00057_seg7'
2025-08-12 16:13:29,211 - DEBUG - Loaded and stored Omron data for key '00058_seg1' and '00058_seg7'
2025-08-12 16:13:29,211 - DEBUG - Loaded and stored Omron data for key '00059_seg1' and '00059_seg7'
2025-08-12 16:13:29,211 - DEBUG - Loaded and stored Omron data for key '00060_seg1' and '00060_seg7'
2025-08-12 16:13:29,212 - DEBUG - Loaded and stored Omron data for key '00061_seg1' and '00061_seg7'
2025-08-12 16:13:29,212 - DEBUG - Loaded and stored Omron data for key '00062_seg1' and '00062_seg7'
2025-08-12 16:13:29,212 - DEBUG - Loaded and stored Omron data for key '00063_seg1' and '00063_seg7'
2025-08-12 16:13:29,212 - DEBUG - Loaded and stored Omron data for key '00064_seg1' and '00064_seg7'
2025-08-12 16:13:29,212 - DEBUG - Loaded and stored Omron data for key '00065_seg1' and '00065_seg7'
2025-08-12 16:13:29,212 - DEBUG - Loaded and stored Omron data for key '00066_seg1' and '00066_seg7'
2025-08-12 16:13:29,212 - DEBUG - Loaded and stored Omron data for key '00067_seg1' and '00067_seg7'
2025-08-12 16:13:29,212 - DEBUG - Loaded and stored Omron data for key '00068_seg1' and '00068_seg7'
2025-08-12 16:13:29,212 - DEBUG - Loaded and stored Omron data for key '00069_seg1' and '00069_seg7'
2025-08-12 16:13:29,212 - DEBUG - Loaded and stored Omron data for key '00070_seg1' and '00070_seg7'
2025-08-12 16:13:29,212 - DEBUG - Loaded and stored Omron data for key '00071_seg1' and '00071_seg7'
2025-08-12 16:13:29,213 - DEBUG - Loaded and stored Omron data for key '00072_seg1' and '00072_seg7'
2025-08-12 16:13:29,213 - DEBUG - Loaded and stored Omron data for key '00073_seg1' and '00073_seg7'
2025-08-12 16:13:29,213 - DEBUG - Loaded and stored Omron data for key '00074_seg1' and '00074_seg7'
2025-08-12 16:13:29,213 - DEBUG - Loaded and stored Omron data for key '00075_seg1' and '00075_seg7'
2025-08-12 16:13:29,213 - DEBUG - Loaded and stored Omron data for key '00076_seg1' and '00076_seg7'
2025-08-12 16:13:29,213 - DEBUG - Loaded and stored Omron data for key '00077_seg1' and '00077_seg7'
2025-08-12 16:13:29,213 - DEBUG - Loaded and stored Omron data for key '00078_seg1' and '00078_seg7'
2025-08-12 16:13:29,213 - DEBUG - Loaded and stored Omron data for key '00079_seg1' and '00079_seg7'
2025-08-12 16:13:29,213 - DEBUG - Loaded and stored Omron data for key '00080_seg1' and '00080_seg7'
2025-08-12 16:13:29,213 - DEBUG - Loaded and stored Omron data for key '00081_seg1' and '00081_seg7'
2025-08-12 16:13:29,213 - DEBUG - Loaded and stored Omron data for key '00082_seg1' and '00082_seg7'
2025-08-12 16:13:29,214 - DEBUG - Loaded and stored Omron data for key '00083_seg1' and '00083_seg7'
2025-08-12 16:13:29,214 - DEBUG - Loaded and stored Omron data for key '00084_seg1' and '00084_seg7'
2025-08-12 16:13:29,214 - DEBUG - Loaded and stored Omron data for key '00085_seg1' and '00085_seg7'
2025-08-12 16:13:29,214 - DEBUG - Loaded and stored Omron data for key '00086_seg1' and '00086_seg7'
2025-08-12 16:13:29,214 - DEBUG - Loaded and stored Omron data for key '00087_seg1' and '00087_seg7'
2025-08-12 16:13:29,214 - DEBUG - Loaded and stored Omron data for key '00088_seg1' and '00088_seg7'
2025-08-12 16:13:29,214 - DEBUG - Loaded and stored Omron data for key '00089_seg1' and '00089_seg7'
2025-08-12 16:13:29,214 - DEBUG - Loaded and stored Omron data for key '00090_seg1' and '00090_seg7'
2025-08-12 16:13:29,214 - DEBUG - Loaded and stored Omron data for key '00091_seg1' and '00091_seg7'
2025-08-12 16:13:29,214 - DEBUG - Loaded and stored Omron data for key '00092_seg1' and '00092_seg7'
2025-08-12 16:13:29,214 - DEBUG - Loaded and stored Omron data for key '00093_seg1' and '00093_seg7'
2025-08-12 16:13:29,215 - DEBUG - Loaded and stored Omron data for key '00094_seg1' and '00094_seg7'
2025-08-12 16:13:29,215 - DEBUG - Loaded and stored Omron data for key '00095_seg1' and '00095_seg7'
2025-08-12 16:13:29,215 - DEBUG - Loaded and stored Omron data for key '00096_seg1' and '00096_seg7'
2025-08-12 16:13:29,215 - DEBUG - Loaded and stored Omron data for key '00097_seg1' and '00097_seg7'
2025-08-12 16:13:29,215 - DEBUG - Loaded and stored Omron data for key '00098_seg1' and '00098_seg7'
2025-08-12 16:13:29,215 - DEBUG - Loaded and stored Omron data for key '00099_seg1' and '00099_seg7'
2025-08-12 16:13:29,215 - DEBUG - Loaded and stored Omron data for key '00100_seg1' and '00100_seg7'
2025-08-12 16:13:29,215 - DEBUG - Loaded and stored Omron data for key '00101_seg1' and '00101_seg7'
2025-08-12 16:13:29,215 - DEBUG - Loaded and stored Omron data for key '00102_seg1' and '00102_seg7'
2025-08-12 16:13:29,215 - DEBUG - Loaded and stored Omron data for key '00103_seg1' and '00103_seg7'
2025-08-12 16:13:29,215 - DEBUG - Loaded and stored Omron data for key '00105_seg1' and '00105_seg7'
2025-08-12 16:13:29,216 - DEBUG - Loaded and stored Omron data for key '00106_seg1' and '00106_seg7'
2025-08-12 16:13:29,216 - DEBUG - Loaded and stored Omron data for key '00107_seg1' and '00107_seg7'
2025-08-12 16:13:29,216 - DEBUG - Loaded and stored Omron data for key '00108_seg1' and '00108_seg7'
2025-08-12 16:13:29,216 - DEBUG - Loaded and stored Omron data for key '00109_seg1' and '00109_seg7'
2025-08-12 16:13:29,216 - DEBUG - Loaded and stored Omron data for key '00110_seg1' and '00110_seg7'
2025-08-12 16:13:29,216 - DEBUG - Loaded and stored Omron data for key '00111_seg1' and '00111_seg7'
2025-08-12 16:13:29,216 - DEBUG - Loaded and stored Omron data for key '00112_seg1' and '00112_seg7'
2025-08-12 16:13:35,327 - DEBUG - Biopac BP values for seg1: SBP=93.5, DBP=58.2 (zeros excluded)
2025-08-12 16:13:35,518 - DEBUG - Calculated shift amount for 00072: -1.9 mmHg
2025-08-12 16:13:35,519 - DEBUG - Processing 00072 - seg1
2025-08-12 16:13:42,213 - DEBUG - Saved calibrated BP data to: ./data/processed/moved/00072/seg1_bp.csv
2025-08-12 16:13:43,345 - DEBUG - Filtering: 66666 points, range before=(100089.0000, 104450.0000), after=(-292.8027, 593.9336)
2025-08-12 16:13:44,433 - DEBUG - Filtering: 66668 points, range before=(106127.0000, 113105.0000), after=(-468.2559, 575.8885)
2025-08-12 16:13:45,435 - DEBUG - Filtering: 66668 points, range before=(121920.0000, 124520.0000), after=(-62.8481, 75.3053)
2025-08-12 16:13:46,450 - DEBUG - Filtering: 66669 points, range before=(28796.0000, 36662.0000), after=(-653.8276, 766.8280)
2025-08-12 16:13:46,466 - DEBUG - Available sensors for seg1: ['sensor2', 'sensor3', 'sensor4', 'sensor5'] (4/4)
2025-08-12 16:13:49,923 - DEBUG - Loaded HR data: average 58.6 bpm
2025-08-12 16:13:50,012 - DEBUG - Using provided HR: 58.6 bpm, RR interval: 1.023s
2025-08-12 16:13:50,156 - DEBUG - Found 572 BP valleys in 59998 samples (600.0s), HR: 59 bpm
2025-08-12 16:13:50,221 - DEBUG - Created 563 valley-based slices from 572 valleys
2025-08-12 16:13:50,222 - DEBUG - Generated 563 valley-based slices from seg1
2025-08-12 16:13:50,222 - DEBUG - Processing 00072 - seg7
2025-08-12 16:13:52,922 - DEBUG - Saved calibrated BP data to: ./data/processed/moved/00072/seg7_bp.csv
2025-08-12 16:13:53,238 - DEBUG - Filtering: 33336 points, range before=(105094.0000, 108562.0000), after=(-262.5245, 371.4495)
2025-08-12 16:13:53,427 - DEBUG - Filtering: 33336 points, range before=(97145.0000, 100861.0000), after=(-119.0626, 184.9938)
2025-08-12 16:13:53,598 - DEBUG - Filtering: 33337 points, range before=(119643.0000, 121391.0000), after=(-76.3161, 92.5773)
2025-08-12 16:13:53,826 - DEBUG - Filtering: 33337 points, range before=(22262.0000, 32620.0000), after=(-2079.4734, 1567.0950)
2025-08-12 16:13:53,832 - DEBUG - Available sensors for seg7: ['sensor2', 'sensor3', 'sensor4', 'sensor5'] (4/4)
2025-08-12 16:13:54,734 - DEBUG - Loaded HR data: average 57.4 bpm
2025-08-12 16:13:54,736 - DEBUG - Using provided HR: 57.4 bpm, RR interval: 1.046s
2025-08-12 16:13:54,767 - DEBUG - Found 0 BP valleys in 30000 samples (300.0s), HR: 57 bpm
2025-08-12 16:13:54,767 - DEBUG - Warning: Insufficient BP valleys found, using original slicing method
2025-08-12 16:13:54,780 - DEBUG - Generated 290 valley-based slices from seg7
2025-08-12 16:13:54,781 - DEBUG - Loading Omron data from: /root/ppg2bp/data/omron.csv
2025-08-12 16:13:54,790 - DEBUG - Loaded and stored Omron data for key '00042_seg1' and '00042_seg7'
2025-08-12 16:13:54,791 - DEBUG - Loaded and stored Omron data for key '00043_seg1' and '00043_seg7'
2025-08-12 16:13:54,792 - DEBUG - Loaded and stored Omron data for key '00044_seg1' and '00044_seg7'
2025-08-12 16:13:54,792 - DEBUG - Loaded and stored Omron data for key '00016_seg1' and '00016_seg7'
2025-08-12 16:13:54,792 - DEBUG - Loaded and stored Omron data for key '00045_seg1' and '00045_seg7'
2025-08-12 16:13:54,792 - DEBUG - Loaded and stored Omron data for key '00047_seg1' and '00047_seg7'
2025-08-12 16:13:54,792 - DEBUG - Loaded and stored Omron data for key '00048_seg1' and '00048_seg7'
2025-08-12 16:13:54,793 - DEBUG - Loaded and stored Omron data for key '00049_seg1' and '00049_seg7'
2025-08-12 16:13:54,793 - DEBUG - Loaded and stored Omron data for key '00050_seg1' and '00050_seg7'
2025-08-12 16:13:54,793 - DEBUG - Loaded and stored Omron data for key '00051_seg1' and '00051_seg7'
2025-08-12 16:13:54,793 - DEBUG - Loaded and stored Omron data for key '00052_seg1' and '00052_seg7'
2025-08-12 16:13:54,794 - DEBUG - Loaded and stored Omron data for key '00003_seg1' and '00003_seg7'
2025-08-12 16:13:54,794 - DEBUG - Loaded and stored Omron data for key '00053_seg1' and '00053_seg7'
2025-08-12 16:13:54,796 - DEBUG - Loaded and stored Omron data for key '00054_seg1' and '00054_seg7'
2025-08-12 16:13:54,798 - DEBUG - Loaded and stored Omron data for key '00055_seg1' and '00055_seg7'
2025-08-12 16:13:54,799 - DEBUG - Loaded and stored Omron data for key '00056_seg1' and '00056_seg7'
2025-08-12 16:13:54,801 - DEBUG - Loaded and stored Omron data for key '00057_seg1' and '00057_seg7'
2025-08-12 16:13:54,804 - DEBUG - Loaded and stored Omron data for key '00058_seg1' and '00058_seg7'
2025-08-12 16:13:54,804 - DEBUG - Loaded and stored Omron data for key '00059_seg1' and '00059_seg7'
2025-08-12 16:13:54,806 - DEBUG - Loaded and stored Omron data for key '00060_seg1' and '00060_seg7'
2025-08-12 16:13:54,808 - DEBUG - Loaded and stored Omron data for key '00061_seg1' and '00061_seg7'
2025-08-12 16:13:54,809 - DEBUG - Loaded and stored Omron data for key '00062_seg1' and '00062_seg7'
2025-08-12 16:13:54,810 - DEBUG - Loaded and stored Omron data for key '00063_seg1' and '00063_seg7'
2025-08-12 16:13:54,810 - DEBUG - Loaded and stored Omron data for key '00064_seg1' and '00064_seg7'
2025-08-12 16:13:54,812 - DEBUG - Loaded and stored Omron data for key '00065_seg1' and '00065_seg7'
2025-08-12 16:13:54,813 - DEBUG - Loaded and stored Omron data for key '00066_seg1' and '00066_seg7'
2025-08-12 16:13:54,813 - DEBUG - Loaded and stored Omron data for key '00067_seg1' and '00067_seg7'
2025-08-12 16:13:54,813 - DEBUG - Loaded and stored Omron data for key '00068_seg1' and '00068_seg7'
2025-08-12 16:13:54,813 - DEBUG - Loaded and stored Omron data for key '00069_seg1' and '00069_seg7'
2025-08-12 16:13:54,813 - DEBUG - Loaded and stored Omron data for key '00070_seg1' and '00070_seg7'
2025-08-12 16:13:54,813 - DEBUG - Loaded and stored Omron data for key '00071_seg1' and '00071_seg7'
2025-08-12 16:13:54,813 - DEBUG - Loaded and stored Omron data for key '00072_seg1' and '00072_seg7'
2025-08-12 16:13:54,813 - DEBUG - Loaded and stored Omron data for key '00073_seg1' and '00073_seg7'
2025-08-12 16:13:54,814 - DEBUG - Loaded and stored Omron data for key '00074_seg1' and '00074_seg7'
2025-08-12 16:13:54,814 - DEBUG - Loaded and stored Omron data for key '00075_seg1' and '00075_seg7'
2025-08-12 16:13:54,814 - DEBUG - Loaded and stored Omron data for key '00076_seg1' and '00076_seg7'
2025-08-12 16:13:54,814 - DEBUG - Loaded and stored Omron data for key '00077_seg1' and '00077_seg7'
2025-08-12 16:13:54,814 - DEBUG - Loaded and stored Omron data for key '00078_seg1' and '00078_seg7'
2025-08-12 16:13:54,814 - DEBUG - Loaded and stored Omron data for key '00079_seg1' and '00079_seg7'
2025-08-12 16:13:54,814 - DEBUG - Loaded and stored Omron data for key '00080_seg1' and '00080_seg7'
2025-08-12 16:13:54,814 - DEBUG - Loaded and stored Omron data for key '00081_seg1' and '00081_seg7'
2025-08-12 16:13:54,814 - DEBUG - Loaded and stored Omron data for key '00082_seg1' and '00082_seg7'
2025-08-12 16:13:54,815 - DEBUG - Loaded and stored Omron data for key '00083_seg1' and '00083_seg7'
2025-08-12 16:13:54,815 - DEBUG - Loaded and stored Omron data for key '00084_seg1' and '00084_seg7'
2025-08-12 16:13:54,815 - DEBUG - Loaded and stored Omron data for key '00085_seg1' and '00085_seg7'
2025-08-12 16:13:54,815 - DEBUG - Loaded and stored Omron data for key '00086_seg1' and '00086_seg7'
2025-08-12 16:13:54,815 - DEBUG - Loaded and stored Omron data for key '00087_seg1' and '00087_seg7'
2025-08-12 16:13:54,815 - DEBUG - Loaded and stored Omron data for key '00088_seg1' and '00088_seg7'
2025-08-12 16:13:54,815 - DEBUG - Loaded and stored Omron data for key '00089_seg1' and '00089_seg7'
2025-08-12 16:13:54,815 - DEBUG - Loaded and stored Omron data for key '00090_seg1' and '00090_seg7'
2025-08-12 16:13:54,816 - DEBUG - Loaded and stored Omron data for key '00091_seg1' and '00091_seg7'
2025-08-12 16:13:54,816 - DEBUG - Loaded and stored Omron data for key '00092_seg1' and '00092_seg7'
2025-08-12 16:13:54,816 - DEBUG - Loaded and stored Omron data for key '00093_seg1' and '00093_seg7'
2025-08-12 16:13:54,816 - DEBUG - Loaded and stored Omron data for key '00094_seg1' and '00094_seg7'
2025-08-12 16:13:54,816 - DEBUG - Loaded and stored Omron data for key '00095_seg1' and '00095_seg7'
2025-08-12 16:13:54,816 - DEBUG - Loaded and stored Omron data for key '00096_seg1' and '00096_seg7'
2025-08-12 16:13:54,817 - DEBUG - Loaded and stored Omron data for key '00097_seg1' and '00097_seg7'
2025-08-12 16:13:54,817 - DEBUG - Loaded and stored Omron data for key '00098_seg1' and '00098_seg7'
2025-08-12 16:13:54,817 - DEBUG - Loaded and stored Omron data for key '00099_seg1' and '00099_seg7'
2025-08-12 16:13:54,817 - DEBUG - Loaded and stored Omron data for key '00100_seg1' and '00100_seg7'
2025-08-12 16:13:54,818 - DEBUG - Loaded and stored Omron data for key '00101_seg1' and '00101_seg7'
2025-08-12 16:13:54,818 - DEBUG - Loaded and stored Omron data for key '00102_seg1' and '00102_seg7'
2025-08-12 16:13:54,818 - DEBUG - Loaded and stored Omron data for key '00103_seg1' and '00103_seg7'
2025-08-12 16:13:54,818 - DEBUG - Loaded and stored Omron data for key '00105_seg1' and '00105_seg7'
2025-08-12 16:13:54,818 - DEBUG - Loaded and stored Omron data for key '00106_seg1' and '00106_seg7'
2025-08-12 16:13:54,818 - DEBUG - Loaded and stored Omron data for key '00107_seg1' and '00107_seg7'
2025-08-12 16:13:54,818 - DEBUG - Loaded and stored Omron data for key '00108_seg1' and '00108_seg7'
2025-08-12 16:13:54,818 - DEBUG - Loaded and stored Omron data for key '00109_seg1' and '00109_seg7'
2025-08-12 16:13:54,818 - DEBUG - Loaded and stored Omron data for key '00110_seg1' and '00110_seg7'
2025-08-12 16:13:54,819 - DEBUG - Loaded and stored Omron data for key '00111_seg1' and '00111_seg7'
2025-08-12 16:13:54,819 - DEBUG - Loaded and stored Omron data for key '00112_seg1' and '00112_seg7'
2025-08-12 16:13:59,533 - DEBUG - Biopac BP values for seg1: SBP=130.0, DBP=74.9 (zeros excluded)
2025-08-12 16:13:59,632 - DEBUG - No shift for 00073, delta too large (-12.1 mmHg)
2025-08-12 16:13:59,632 - DEBUG - Processing 00073 - seg1
2025-08-12 16:14:02,338 - DEBUG - Loading Omron data from: /root/ppg2bp/data/omron.csv
2025-08-12 16:14:02,340 - DEBUG - Loaded and stored Omron data for key '00042_seg1' and '00042_seg7'
2025-08-12 16:14:02,340 - DEBUG - Loaded and stored Omron data for key '00043_seg1' and '00043_seg7'
2025-08-12 16:14:02,340 - DEBUG - Loaded and stored Omron data for key '00044_seg1' and '00044_seg7'
2025-08-12 16:14:02,340 - DEBUG - Loaded and stored Omron data for key '00016_seg1' and '00016_seg7'
2025-08-12 16:14:02,340 - DEBUG - Loaded and stored Omron data for key '00045_seg1' and '00045_seg7'
2025-08-12 16:14:02,340 - DEBUG - Loaded and stored Omron data for key '00047_seg1' and '00047_seg7'
2025-08-12 16:14:02,340 - DEBUG - Loaded and stored Omron data for key '00048_seg1' and '00048_seg7'
2025-08-12 16:14:02,340 - DEBUG - Loaded and stored Omron data for key '00049_seg1' and '00049_seg7'
2025-08-12 16:14:02,340 - DEBUG - Loaded and stored Omron data for key '00050_seg1' and '00050_seg7'
2025-08-12 16:14:02,340 - DEBUG - Loaded and stored Omron data for key '00051_seg1' and '00051_seg7'
2025-08-12 16:14:02,341 - DEBUG - Loaded and stored Omron data for key '00052_seg1' and '00052_seg7'
2025-08-12 16:14:02,341 - DEBUG - Loaded and stored Omron data for key '00003_seg1' and '00003_seg7'
2025-08-12 16:14:02,341 - DEBUG - Loaded and stored Omron data for key '00053_seg1' and '00053_seg7'
2025-08-12 16:14:02,341 - DEBUG - Loaded and stored Omron data for key '00054_seg1' and '00054_seg7'
2025-08-12 16:14:02,341 - DEBUG - Loaded and stored Omron data for key '00055_seg1' and '00055_seg7'
2025-08-12 16:14:02,341 - DEBUG - Loaded and stored Omron data for key '00056_seg1' and '00056_seg7'
2025-08-12 16:14:02,341 - DEBUG - Loaded and stored Omron data for key '00057_seg1' and '00057_seg7'
2025-08-12 16:14:02,341 - DEBUG - Loaded and stored Omron data for key '00058_seg1' and '00058_seg7'
2025-08-12 16:14:02,341 - DEBUG - Loaded and stored Omron data for key '00059_seg1' and '00059_seg7'
2025-08-12 16:14:02,341 - DEBUG - Loaded and stored Omron data for key '00060_seg1' and '00060_seg7'
2025-08-12 16:14:02,341 - DEBUG - Loaded and stored Omron data for key '00061_seg1' and '00061_seg7'
2025-08-12 16:14:02,342 - DEBUG - Loaded and stored Omron data for key '00062_seg1' and '00062_seg7'
2025-08-12 16:14:02,342 - DEBUG - Loaded and stored Omron data for key '00063_seg1' and '00063_seg7'
2025-08-12 16:14:02,342 - DEBUG - Loaded and stored Omron data for key '00064_seg1' and '00064_seg7'
2025-08-12 16:14:02,342 - DEBUG - Loaded and stored Omron data for key '00065_seg1' and '00065_seg7'
2025-08-12 16:14:02,342 - DEBUG - Loaded and stored Omron data for key '00066_seg1' and '00066_seg7'
2025-08-12 16:14:02,342 - DEBUG - Loaded and stored Omron data for key '00067_seg1' and '00067_seg7'
2025-08-12 16:14:02,342 - DEBUG - Loaded and stored Omron data for key '00068_seg1' and '00068_seg7'
2025-08-12 16:14:02,342 - DEBUG - Loaded and stored Omron data for key '00069_seg1' and '00069_seg7'
2025-08-12 16:14:02,342 - DEBUG - Loaded and stored Omron data for key '00070_seg1' and '00070_seg7'
2025-08-12 16:14:02,342 - DEBUG - Loaded and stored Omron data for key '00071_seg1' and '00071_seg7'
2025-08-12 16:14:02,342 - DEBUG - Loaded and stored Omron data for key '00072_seg1' and '00072_seg7'
2025-08-12 16:14:02,342 - DEBUG - Loaded and stored Omron data for key '00073_seg1' and '00073_seg7'
2025-08-12 16:14:02,343 - DEBUG - Loaded and stored Omron data for key '00074_seg1' and '00074_seg7'
2025-08-12 16:14:02,343 - DEBUG - Loaded and stored Omron data for key '00075_seg1' and '00075_seg7'
2025-08-12 16:14:02,343 - DEBUG - Loaded and stored Omron data for key '00076_seg1' and '00076_seg7'
2025-08-12 16:14:02,343 - DEBUG - Loaded and stored Omron data for key '00077_seg1' and '00077_seg7'
2025-08-12 16:14:02,343 - DEBUG - Loaded and stored Omron data for key '00078_seg1' and '00078_seg7'
2025-08-12 16:14:02,343 - DEBUG - Loaded and stored Omron data for key '00079_seg1' and '00079_seg7'
2025-08-12 16:14:02,343 - DEBUG - Loaded and stored Omron data for key '00080_seg1' and '00080_seg7'
2025-08-12 16:14:02,343 - DEBUG - Loaded and stored Omron data for key '00081_seg1' and '00081_seg7'
2025-08-12 16:14:02,343 - DEBUG - Loaded and stored Omron data for key '00082_seg1' and '00082_seg7'
2025-08-12 16:14:02,343 - DEBUG - Loaded and stored Omron data for key '00083_seg1' and '00083_seg7'
2025-08-12 16:14:02,343 - DEBUG - Loaded and stored Omron data for key '00084_seg1' and '00084_seg7'
2025-08-12 16:14:02,343 - DEBUG - Loaded and stored Omron data for key '00085_seg1' and '00085_seg7'
2025-08-12 16:14:02,344 - DEBUG - Loaded and stored Omron data for key '00086_seg1' and '00086_seg7'
2025-08-12 16:14:02,344 - DEBUG - Loaded and stored Omron data for key '00087_seg1' and '00087_seg7'
2025-08-12 16:14:02,344 - DEBUG - Loaded and stored Omron data for key '00088_seg1' and '00088_seg7'
2025-08-12 16:14:02,344 - DEBUG - Loaded and stored Omron data for key '00089_seg1' and '00089_seg7'
2025-08-12 16:14:02,344 - DEBUG - Loaded and stored Omron data for key '00090_seg1' and '00090_seg7'
2025-08-12 16:14:02,344 - DEBUG - Loaded and stored Omron data for key '00091_seg1' and '00091_seg7'
2025-08-12 16:14:02,344 - DEBUG - Loaded and stored Omron data for key '00092_seg1' and '00092_seg7'
2025-08-12 16:14:02,344 - DEBUG - Loaded and stored Omron data for key '00093_seg1' and '00093_seg7'
2025-08-12 16:14:02,344 - DEBUG - Loaded and stored Omron data for key '00094_seg1' and '00094_seg7'
2025-08-12 16:14:02,344 - DEBUG - Loaded and stored Omron data for key '00095_seg1' and '00095_seg7'
2025-08-12 16:14:02,344 - DEBUG - Loaded and stored Omron data for key '00096_seg1' and '00096_seg7'
2025-08-12 16:14:02,344 - DEBUG - Loaded and stored Omron data for key '00097_seg1' and '00097_seg7'
2025-08-12 16:14:02,345 - DEBUG - Loaded and stored Omron data for key '00098_seg1' and '00098_seg7'
2025-08-12 16:14:02,345 - DEBUG - Loaded and stored Omron data for key '00099_seg1' and '00099_seg7'
2025-08-12 16:14:02,345 - DEBUG - Loaded and stored Omron data for key '00100_seg1' and '00100_seg7'
2025-08-12 16:14:02,345 - DEBUG - Loaded and stored Omron data for key '00101_seg1' and '00101_seg7'
2025-08-12 16:14:02,345 - DEBUG - Loaded and stored Omron data for key '00102_seg1' and '00102_seg7'
2025-08-12 16:14:02,345 - DEBUG - Loaded and stored Omron data for key '00103_seg1' and '00103_seg7'
2025-08-12 16:14:02,345 - DEBUG - Loaded and stored Omron data for key '00105_seg1' and '00105_seg7'
2025-08-12 16:14:02,345 - DEBUG - Loaded and stored Omron data for key '00106_seg1' and '00106_seg7'
2025-08-12 16:14:02,345 - DEBUG - Loaded and stored Omron data for key '00107_seg1' and '00107_seg7'
2025-08-12 16:14:02,345 - DEBUG - Loaded and stored Omron data for key '00108_seg1' and '00108_seg7'
2025-08-12 16:14:02,345 - DEBUG - Loaded and stored Omron data for key '00109_seg1' and '00109_seg7'
2025-08-12 16:14:02,346 - DEBUG - Loaded and stored Omron data for key '00110_seg1' and '00110_seg7'
2025-08-12 16:14:02,346 - DEBUG - Loaded and stored Omron data for key '00111_seg1' and '00111_seg7'
2025-08-12 16:14:02,346 - DEBUG - Loaded and stored Omron data for key '00112_seg1' and '00112_seg7'
2025-08-12 16:14:07,742 - DEBUG - Biopac BP values for seg1: SBP=130.0, DBP=74.9 (zeros excluded)
2025-08-12 16:14:07,963 - DEBUG - No shift for 00073, delta too large (-12.1 mmHg)
2025-08-12 16:14:10,739 - DEBUG - Saved calibrated BP data to: ./data/processed/moved/00073/seg1_bp.csv
2025-08-12 16:14:12,033 - DEBUG - Filtering: 65872 points, range before=(0.0000, 110435.0000), after=(-18179.2891, 8596.1022)
2025-08-12 16:14:13,138 - DEBUG - Filtering: 65983 points, range before=(0.0000, 114730.0000), after=(-4946.5990, 1655.1882)
2025-08-12 16:14:14,242 - DEBUG - Filtering: 65976 points, range before=(102599.0000, 105548.0000), after=(-189.3732, 209.8227)
2025-08-12 16:14:15,257 - DEBUG - Filtering: 65982 points, range before=(16292.0000, 117646.0000), after=(-25282.4022, 24980.1590)
2025-08-12 16:14:15,298 - DEBUG - Available sensors for seg1: ['sensor2', 'sensor3', 'sensor4', 'sensor5'] (4/4)
2025-08-12 16:14:18,535 - DEBUG - Loaded HR data: average 88.1 bpm
2025-08-12 16:14:18,637 - DEBUG - Using provided HR: 88.1 bpm, RR interval: 0.681s
2025-08-12 16:14:18,930 - DEBUG - Found 871 BP valleys in 59999 samples (600.0s), HR: 88 bpm
2025-08-12 16:14:18,943 - DEBUG - Created 855 valley-based slices from 871 valleys
2025-08-12 16:14:18,943 - DEBUG - Generated 855 valley-based slices from seg1
2025-08-12 16:14:18,943 - DEBUG - Processing 00073 - seg7
2025-08-12 16:14:20,412 - DEBUG - Loading Omron data from: /root/ppg2bp/data/omron.csv
2025-08-12 16:14:20,423 - DEBUG - Loaded and stored Omron data for key '00042_seg1' and '00042_seg7'
2025-08-12 16:14:20,423 - DEBUG - Loaded and stored Omron data for key '00043_seg1' and '00043_seg7'
2025-08-12 16:14:20,423 - DEBUG - Loaded and stored Omron data for key '00044_seg1' and '00044_seg7'
2025-08-12 16:14:20,423 - DEBUG - Loaded and stored Omron data for key '00016_seg1' and '00016_seg7'
2025-08-12 16:14:20,424 - DEBUG - Loaded and stored Omron data for key '00045_seg1' and '00045_seg7'
2025-08-12 16:14:20,424 - DEBUG - Loaded and stored Omron data for key '00047_seg1' and '00047_seg7'
2025-08-12 16:14:20,424 - DEBUG - Loaded and stored Omron data for key '00048_seg1' and '00048_seg7'
2025-08-12 16:14:20,424 - DEBUG - Loaded and stored Omron data for key '00049_seg1' and '00049_seg7'
2025-08-12 16:14:20,424 - DEBUG - Loaded and stored Omron data for key '00050_seg1' and '00050_seg7'
2025-08-12 16:14:20,424 - DEBUG - Loaded and stored Omron data for key '00051_seg1' and '00051_seg7'
2025-08-12 16:14:20,424 - DEBUG - Loaded and stored Omron data for key '00052_seg1' and '00052_seg7'
2025-08-12 16:14:20,424 - DEBUG - Loaded and stored Omron data for key '00003_seg1' and '00003_seg7'
2025-08-12 16:14:20,424 - DEBUG - Loaded and stored Omron data for key '00053_seg1' and '00053_seg7'
2025-08-12 16:14:20,424 - DEBUG - Loaded and stored Omron data for key '00054_seg1' and '00054_seg7'
2025-08-12 16:14:20,425 - DEBUG - Loaded and stored Omron data for key '00055_seg1' and '00055_seg7'
2025-08-12 16:14:20,425 - DEBUG - Loaded and stored Omron data for key '00056_seg1' and '00056_seg7'
2025-08-12 16:14:20,425 - DEBUG - Loaded and stored Omron data for key '00057_seg1' and '00057_seg7'
2025-08-12 16:14:20,425 - DEBUG - Loaded and stored Omron data for key '00058_seg1' and '00058_seg7'
2025-08-12 16:14:20,425 - DEBUG - Loaded and stored Omron data for key '00059_seg1' and '00059_seg7'
2025-08-12 16:14:20,425 - DEBUG - Loaded and stored Omron data for key '00060_seg1' and '00060_seg7'
2025-08-12 16:14:20,425 - DEBUG - Loaded and stored Omron data for key '00061_seg1' and '00061_seg7'
2025-08-12 16:14:20,425 - DEBUG - Loaded and stored Omron data for key '00062_seg1' and '00062_seg7'
2025-08-12 16:14:20,425 - DEBUG - Loaded and stored Omron data for key '00063_seg1' and '00063_seg7'
2025-08-12 16:14:20,425 - DEBUG - Loaded and stored Omron data for key '00064_seg1' and '00064_seg7'
2025-08-12 16:14:20,425 - DEBUG - Loaded and stored Omron data for key '00065_seg1' and '00065_seg7'
2025-08-12 16:14:20,426 - DEBUG - Loaded and stored Omron data for key '00066_seg1' and '00066_seg7'
2025-08-12 16:14:20,426 - DEBUG - Loaded and stored Omron data for key '00067_seg1' and '00067_seg7'
2025-08-12 16:14:20,426 - DEBUG - Loaded and stored Omron data for key '00068_seg1' and '00068_seg7'
2025-08-12 16:14:20,426 - DEBUG - Loaded and stored Omron data for key '00069_seg1' and '00069_seg7'
2025-08-12 16:14:20,426 - DEBUG - Loaded and stored Omron data for key '00070_seg1' and '00070_seg7'
2025-08-12 16:14:20,426 - DEBUG - Loaded and stored Omron data for key '00071_seg1' and '00071_seg7'
2025-08-12 16:14:20,426 - DEBUG - Loaded and stored Omron data for key '00072_seg1' and '00072_seg7'
2025-08-12 16:14:20,426 - DEBUG - Loaded and stored Omron data for key '00073_seg1' and '00073_seg7'
2025-08-12 16:14:20,426 - DEBUG - Loaded and stored Omron data for key '00074_seg1' and '00074_seg7'
2025-08-12 16:14:20,426 - DEBUG - Loaded and stored Omron data for key '00075_seg1' and '00075_seg7'
2025-08-12 16:14:20,426 - DEBUG - Loaded and stored Omron data for key '00076_seg1' and '00076_seg7'
2025-08-12 16:14:20,427 - DEBUG - Loaded and stored Omron data for key '00077_seg1' and '00077_seg7'
2025-08-12 16:14:20,427 - DEBUG - Loaded and stored Omron data for key '00078_seg1' and '00078_seg7'
2025-08-12 16:14:20,427 - DEBUG - Loaded and stored Omron data for key '00079_seg1' and '00079_seg7'
2025-08-12 16:14:20,427 - DEBUG - Loaded and stored Omron data for key '00080_seg1' and '00080_seg7'
2025-08-12 16:14:20,427 - DEBUG - Loaded and stored Omron data for key '00081_seg1' and '00081_seg7'
2025-08-12 16:14:20,427 - DEBUG - Loaded and stored Omron data for key '00082_seg1' and '00082_seg7'
2025-08-12 16:14:20,427 - DEBUG - Loaded and stored Omron data for key '00083_seg1' and '00083_seg7'
2025-08-12 16:14:20,427 - DEBUG - Loaded and stored Omron data for key '00084_seg1' and '00084_seg7'
2025-08-12 16:14:20,427 - DEBUG - Loaded and stored Omron data for key '00085_seg1' and '00085_seg7'
2025-08-12 16:14:20,427 - DEBUG - Loaded and stored Omron data for key '00086_seg1' and '00086_seg7'
2025-08-12 16:14:20,427 - DEBUG - Loaded and stored Omron data for key '00087_seg1' and '00087_seg7'
2025-08-12 16:14:20,428 - DEBUG - Loaded and stored Omron data for key '00088_seg1' and '00088_seg7'
2025-08-12 16:14:20,428 - DEBUG - Loaded and stored Omron data for key '00089_seg1' and '00089_seg7'
2025-08-12 16:14:20,428 - DEBUG - Loaded and stored Omron data for key '00090_seg1' and '00090_seg7'
2025-08-12 16:14:20,428 - DEBUG - Loaded and stored Omron data for key '00091_seg1' and '00091_seg7'
2025-08-12 16:14:20,428 - DEBUG - Loaded and stored Omron data for key '00092_seg1' and '00092_seg7'
2025-08-12 16:14:20,428 - DEBUG - Loaded and stored Omron data for key '00093_seg1' and '00093_seg7'
2025-08-12 16:14:20,428 - DEBUG - Loaded and stored Omron data for key '00094_seg1' and '00094_seg7'
2025-08-12 16:14:20,428 - DEBUG - Loaded and stored Omron data for key '00095_seg1' and '00095_seg7'
2025-08-12 16:14:20,428 - DEBUG - Loaded and stored Omron data for key '00096_seg1' and '00096_seg7'
2025-08-12 16:14:20,428 - DEBUG - Loaded and stored Omron data for key '00097_seg1' and '00097_seg7'
2025-08-12 16:14:20,428 - DEBUG - Loaded and stored Omron data for key '00098_seg1' and '00098_seg7'
2025-08-12 16:14:20,429 - DEBUG - Loaded and stored Omron data for key '00099_seg1' and '00099_seg7'
2025-08-12 16:14:20,429 - DEBUG - Loaded and stored Omron data for key '00100_seg1' and '00100_seg7'
2025-08-12 16:14:20,429 - DEBUG - Loaded and stored Omron data for key '00101_seg1' and '00101_seg7'
2025-08-12 16:14:20,429 - DEBUG - Loaded and stored Omron data for key '00102_seg1' and '00102_seg7'
2025-08-12 16:14:20,429 - DEBUG - Loaded and stored Omron data for key '00103_seg1' and '00103_seg7'
2025-08-12 16:14:20,429 - DEBUG - Loaded and stored Omron data for key '00105_seg1' and '00105_seg7'
2025-08-12 16:14:20,429 - DEBUG - Loaded and stored Omron data for key '00106_seg1' and '00106_seg7'
2025-08-12 16:14:20,429 - DEBUG - Loaded and stored Omron data for key '00107_seg1' and '00107_seg7'
2025-08-12 16:14:20,429 - DEBUG - Loaded and stored Omron data for key '00108_seg1' and '00108_seg7'
2025-08-12 16:14:20,429 - DEBUG - Loaded and stored Omron data for key '00109_seg1' and '00109_seg7'
2025-08-12 16:14:20,430 - DEBUG - Loaded and stored Omron data for key '00110_seg1' and '00110_seg7'
2025-08-12 16:14:20,430 - DEBUG - Loaded and stored Omron data for key '00111_seg1' and '00111_seg7'
2025-08-12 16:14:20,430 - DEBUG - Loaded and stored Omron data for key '00112_seg1' and '00112_seg7'
2025-08-12 16:14:27,629 - DEBUG - Biopac BP values for seg1: SBP=130.0, DBP=74.9 (zeros excluded)
2025-08-12 16:14:27,798 - DEBUG - No shift for 00073, delta too large (-12.1 mmHg)
2025-08-12 16:14:29,335 - DEBUG - Saved calibrated BP data to: ./data/processed/moved/00073/seg7_bp.csv
2025-08-12 16:14:29,828 - DEBUG - Filtering: 32986 points, range before=(0.0000, 115513.0000), after=(-5248.7289, 2037.2945)
2025-08-12 16:14:30,326 - DEBUG - Filtering: 32984 points, range before=(-1.0000, 114832.0000), after=(-4858.3963, 3556.5967)
2025-08-12 16:14:30,931 - DEBUG - Filtering: 32982 points, range before=(103274.0000, 117445.0000), after=(-2075.8740, 2085.1637)
2025-08-12 16:14:31,540 - DEBUG - Filtering: 32984 points, range before=(7329.0000, 104629.0000), after=(-61064.6146, 49834.8719)
2025-08-12 16:14:31,543 - DEBUG - Available sensors for seg7: ['sensor2', 'sensor3', 'sensor4', 'sensor5'] (4/4)
2025-08-12 16:14:32,545 - DEBUG - Loaded HR data: average 84.1 bpm
2025-08-12 16:14:32,556 - DEBUG - Using provided HR: 84.1 bpm, RR interval: 0.713s
2025-08-12 16:14:32,648 - DEBUG - Found 0 BP valleys in 29999 samples (300.0s), HR: 84 bpm
2025-08-12 16:14:32,649 - DEBUG - Warning: Insufficient BP valleys found, using original slicing method
2025-08-12 16:14:32,722 - DEBUG - Generated 289 valley-based slices from seg7
2025-08-12 16:14:32,724 - DEBUG - Loading Omron data from: /root/ppg2bp/data/omron.csv
2025-08-12 16:14:32,727 - DEBUG - Loaded and stored Omron data for key '00042_seg1' and '00042_seg7'
2025-08-12 16:14:32,728 - DEBUG - Loaded and stored Omron data for key '00043_seg1' and '00043_seg7'
2025-08-12 16:14:32,728 - DEBUG - Loaded and stored Omron data for key '00044_seg1' and '00044_seg7'
2025-08-12 16:14:32,728 - DEBUG - Loaded and stored Omron data for key '00016_seg1' and '00016_seg7'
2025-08-12 16:14:32,728 - DEBUG - Loaded and stored Omron data for key '00045_seg1' and '00045_seg7'
2025-08-12 16:14:32,728 - DEBUG - Loaded and stored Omron data for key '00047_seg1' and '00047_seg7'
2025-08-12 16:14:32,728 - DEBUG - Loaded and stored Omron data for key '00048_seg1' and '00048_seg7'
2025-08-12 16:14:32,728 - DEBUG - Loaded and stored Omron data for key '00049_seg1' and '00049_seg7'
2025-08-12 16:14:32,728 - DEBUG - Loaded and stored Omron data for key '00050_seg1' and '00050_seg7'
2025-08-12 16:14:32,728 - DEBUG - Loaded and stored Omron data for key '00051_seg1' and '00051_seg7'
2025-08-12 16:14:32,729 - DEBUG - Loaded and stored Omron data for key '00052_seg1' and '00052_seg7'
2025-08-12 16:14:32,729 - DEBUG - Loaded and stored Omron data for key '00003_seg1' and '00003_seg7'
2025-08-12 16:14:32,729 - DEBUG - Loaded and stored Omron data for key '00053_seg1' and '00053_seg7'
2025-08-12 16:14:32,729 - DEBUG - Loaded and stored Omron data for key '00054_seg1' and '00054_seg7'
2025-08-12 16:14:32,729 - DEBUG - Loaded and stored Omron data for key '00055_seg1' and '00055_seg7'
2025-08-12 16:14:32,729 - DEBUG - Loaded and stored Omron data for key '00056_seg1' and '00056_seg7'
2025-08-12 16:14:32,729 - DEBUG - Loaded and stored Omron data for key '00057_seg1' and '00057_seg7'
2025-08-12 16:14:32,729 - DEBUG - Loaded and stored Omron data for key '00058_seg1' and '00058_seg7'
2025-08-12 16:14:32,729 - DEBUG - Loaded and stored Omron data for key '00059_seg1' and '00059_seg7'
2025-08-12 16:14:32,729 - DEBUG - Loaded and stored Omron data for key '00060_seg1' and '00060_seg7'
2025-08-12 16:14:32,729 - DEBUG - Loaded and stored Omron data for key '00061_seg1' and '00061_seg7'
2025-08-12 16:14:32,730 - DEBUG - Loaded and stored Omron data for key '00062_seg1' and '00062_seg7'
2025-08-12 16:14:32,730 - DEBUG - Loaded and stored Omron data for key '00063_seg1' and '00063_seg7'
2025-08-12 16:14:32,730 - DEBUG - Loaded and stored Omron data for key '00064_seg1' and '00064_seg7'
2025-08-12 16:14:32,730 - DEBUG - Loaded and stored Omron data for key '00065_seg1' and '00065_seg7'
2025-08-12 16:14:32,730 - DEBUG - Loaded and stored Omron data for key '00066_seg1' and '00066_seg7'
2025-08-12 16:14:32,730 - DEBUG - Loaded and stored Omron data for key '00067_seg1' and '00067_seg7'
2025-08-12 16:14:32,730 - DEBUG - Loaded and stored Omron data for key '00068_seg1' and '00068_seg7'
2025-08-12 16:14:32,730 - DEBUG - Loaded and stored Omron data for key '00069_seg1' and '00069_seg7'
2025-08-12 16:14:32,730 - DEBUG - Loaded and stored Omron data for key '00070_seg1' and '00070_seg7'
2025-08-12 16:14:32,730 - DEBUG - Loaded and stored Omron data for key '00071_seg1' and '00071_seg7'
2025-08-12 16:14:32,730 - DEBUG - Loaded and stored Omron data for key '00072_seg1' and '00072_seg7'
2025-08-12 16:14:32,731 - DEBUG - Loaded and stored Omron data for key '00073_seg1' and '00073_seg7'
2025-08-12 16:14:32,731 - DEBUG - Loaded and stored Omron data for key '00074_seg1' and '00074_seg7'
2025-08-12 16:14:32,731 - DEBUG - Loaded and stored Omron data for key '00075_seg1' and '00075_seg7'
2025-08-12 16:14:32,731 - DEBUG - Loaded and stored Omron data for key '00076_seg1' and '00076_seg7'
2025-08-12 16:14:32,731 - DEBUG - Loaded and stored Omron data for key '00077_seg1' and '00077_seg7'
2025-08-12 16:14:32,731 - DEBUG - Loaded and stored Omron data for key '00078_seg1' and '00078_seg7'
2025-08-12 16:14:32,731 - DEBUG - Loaded and stored Omron data for key '00079_seg1' and '00079_seg7'
2025-08-12 16:14:32,731 - DEBUG - Loaded and stored Omron data for key '00080_seg1' and '00080_seg7'
2025-08-12 16:14:32,731 - DEBUG - Loaded and stored Omron data for key '00081_seg1' and '00081_seg7'
2025-08-12 16:14:32,731 - DEBUG - Loaded and stored Omron data for key '00082_seg1' and '00082_seg7'
2025-08-12 16:14:32,731 - DEBUG - Loaded and stored Omron data for key '00083_seg1' and '00083_seg7'
2025-08-12 16:14:32,732 - DEBUG - Loaded and stored Omron data for key '00084_seg1' and '00084_seg7'
2025-08-12 16:14:32,732 - DEBUG - Loaded and stored Omron data for key '00085_seg1' and '00085_seg7'
2025-08-12 16:14:32,732 - DEBUG - Loaded and stored Omron data for key '00086_seg1' and '00086_seg7'
2025-08-12 16:14:32,732 - DEBUG - Loaded and stored Omron data for key '00087_seg1' and '00087_seg7'
2025-08-12 16:14:32,732 - DEBUG - Loaded and stored Omron data for key '00088_seg1' and '00088_seg7'
2025-08-12 16:14:32,732 - DEBUG - Loaded and stored Omron data for key '00089_seg1' and '00089_seg7'
2025-08-12 16:14:32,732 - DEBUG - Loaded and stored Omron data for key '00090_seg1' and '00090_seg7'
2025-08-12 16:14:32,732 - DEBUG - Loaded and stored Omron data for key '00091_seg1' and '00091_seg7'
2025-08-12 16:14:32,732 - DEBUG - Loaded and stored Omron data for key '00092_seg1' and '00092_seg7'
2025-08-12 16:14:32,732 - DEBUG - Loaded and stored Omron data for key '00093_seg1' and '00093_seg7'
2025-08-12 16:14:32,732 - DEBUG - Loaded and stored Omron data for key '00094_seg1' and '00094_seg7'
2025-08-12 16:14:32,733 - DEBUG - Loaded and stored Omron data for key '00095_seg1' and '00095_seg7'
2025-08-12 16:14:32,733 - DEBUG - Loaded and stored Omron data for key '00096_seg1' and '00096_seg7'
2025-08-12 16:14:32,733 - DEBUG - Loaded and stored Omron data for key '00097_seg1' and '00097_seg7'
2025-08-12 16:14:32,733 - DEBUG - Loaded and stored Omron data for key '00098_seg1' and '00098_seg7'
2025-08-12 16:14:32,733 - DEBUG - Loaded and stored Omron data for key '00099_seg1' and '00099_seg7'
2025-08-12 16:14:32,733 - DEBUG - Loaded and stored Omron data for key '00100_seg1' and '00100_seg7'
2025-08-12 16:14:32,733 - DEBUG - Loaded and stored Omron data for key '00101_seg1' and '00101_seg7'
2025-08-12 16:14:32,733 - DEBUG - Loaded and stored Omron data for key '00102_seg1' and '00102_seg7'
2025-08-12 16:14:32,733 - DEBUG - Loaded and stored Omron data for key '00103_seg1' and '00103_seg7'
2025-08-12 16:14:32,733 - DEBUG - Loaded and stored Omron data for key '00105_seg1' and '00105_seg7'
2025-08-12 16:14:32,733 - DEBUG - Loaded and stored Omron data for key '00106_seg1' and '00106_seg7'
2025-08-12 16:14:32,734 - DEBUG - Loaded and stored Omron data for key '00107_seg1' and '00107_seg7'
2025-08-12 16:14:32,734 - DEBUG - Loaded and stored Omron data for key '00108_seg1' and '00108_seg7'
2025-08-12 16:14:32,734 - DEBUG - Loaded and stored Omron data for key '00109_seg1' and '00109_seg7'
2025-08-12 16:14:32,734 - DEBUG - Loaded and stored Omron data for key '00110_seg1' and '00110_seg7'
2025-08-12 16:14:32,734 - DEBUG - Loaded and stored Omron data for key '00111_seg1' and '00111_seg7'
2025-08-12 16:14:32,734 - DEBUG - Loaded and stored Omron data for key '00112_seg1' and '00112_seg7'
2025-08-12 16:14:39,203 - DEBUG - Biopac BP values for seg1: SBP=71.9, DBP=43.7 (zeros excluded)
2025-08-12 16:14:39,324 - DEBUG - Calculated shift amount for 00074: +30.2 mmHg
2025-08-12 16:14:39,325 - DEBUG - Processing 00074 - seg1
2025-08-12 16:14:45,741 - DEBUG - Saved calibrated BP data to: ./data/processed/moved/00074/seg1_bp.csv
2025-08-12 16:14:46,961 - DEBUG - Filtering: 62304 points, range before=(0.0000, 89232.0000), after=(-17558.5746, 19391.7560)
2025-08-12 16:14:48,048 - DEBUG - Filtering: 62064 points, range before=(-1.0000, 115364.0000), after=(-10526.5292, 5503.9385)
2025-08-12 16:14:49,127 - DEBUG - Filtering: 62383 points, range before=(-1.0000, 121676.0000), after=(-5532.1798, 2115.7671)
2025-08-12 16:14:50,231 - DEBUG - Filtering: 62283 points, range before=(-1.0000, 90300.0000), after=(-7652.7841, 8938.4300)
2025-08-12 16:14:50,237 - DEBUG - Available sensors for seg1: ['sensor2', 'sensor3', 'sensor4', 'sensor5'] (4/4)
2025-08-12 16:14:52,837 - DEBUG - Loaded HR data: average 80.4 bpm
2025-08-12 16:14:52,912 - DEBUG - Using provided HR: 80.4 bpm, RR interval: 0.746s
2025-08-12 16:14:53,147 - DEBUG - Found 0 BP valleys in 59999 samples (600.0s), HR: 80 bpm
2025-08-12 16:14:53,148 - DEBUG - Warning: Insufficient BP valleys found, using original slicing method
2025-08-12 16:14:53,222 - DEBUG - Generated 589 valley-based slices from seg1
2025-08-12 16:14:53,223 - DEBUG - Processing 00074 - seg7
2025-08-12 16:14:55,948 - DEBUG - Saved calibrated BP data to: ./data/processed/moved/00074/seg7_bp.csv
2025-08-12 16:14:56,438 - DEBUG - Filtering: 33337 points, range before=(78505.0000, 91803.0000), after=(-1016.7502, 981.4401)
2025-08-12 16:14:56,833 - DEBUG - Filtering: 33337 points, range before=(103526.0000, 124900.0000), after=(-5582.2025, 5526.5224)
2025-08-12 16:14:57,238 - DEBUG - Filtering: 33337 points, range before=(108417.0000, 110732.0000), after=(-279.5667, 343.6355)
2025-08-12 16:14:57,736 - DEBUG - Filtering: 33338 points, range before=(88765.0000, 135849.0000), after=(-1171.8445, 1252.2145)
2025-08-12 16:14:57,739 - DEBUG - Available sensors for seg7: ['sensor2', 'sensor3', 'sensor4', 'sensor5'] (4/4)
2025-08-12 16:14:58,649 - DEBUG - Loaded HR data: average 77.9 bpm
2025-08-12 16:14:58,674 - DEBUG - Using provided HR: 77.9 bpm, RR interval: 0.770s
2025-08-12 16:14:58,736 - DEBUG - Found 0 BP valleys in 30001 samples (300.0s), HR: 78 bpm
2025-08-12 16:14:58,737 - DEBUG - Warning: Insufficient BP valleys found, using original slicing method
2025-08-12 16:14:58,740 - DEBUG - Generated 290 valley-based slices from seg7
2025-08-12 16:14:58,741 - DEBUG - Loading Omron data from: /root/ppg2bp/data/omron.csv
2025-08-12 16:14:58,744 - DEBUG - Loaded and stored Omron data for key '00042_seg1' and '00042_seg7'
2025-08-12 16:14:58,744 - DEBUG - Loaded and stored Omron data for key '00043_seg1' and '00043_seg7'
2025-08-12 16:14:58,744 - DEBUG - Loaded and stored Omron data for key '00044_seg1' and '00044_seg7'
2025-08-12 16:14:58,744 - DEBUG - Loaded and stored Omron data for key '00016_seg1' and '00016_seg7'
2025-08-12 16:14:58,744 - DEBUG - Loaded and stored Omron data for key '00045_seg1' and '00045_seg7'
2025-08-12 16:14:58,744 - DEBUG - Loaded and stored Omron data for key '00047_seg1' and '00047_seg7'
2025-08-12 16:14:58,744 - DEBUG - Loaded and stored Omron data for key '00048_seg1' and '00048_seg7'
2025-08-12 16:14:58,745 - DEBUG - Loaded and stored Omron data for key '00049_seg1' and '00049_seg7'
2025-08-12 16:14:58,745 - DEBUG - Loaded and stored Omron data for key '00050_seg1' and '00050_seg7'
2025-08-12 16:14:58,745 - DEBUG - Loaded and stored Omron data for key '00051_seg1' and '00051_seg7'
2025-08-12 16:14:58,745 - DEBUG - Loaded and stored Omron data for key '00052_seg1' and '00052_seg7'
2025-08-12 16:14:58,745 - DEBUG - Loaded and stored Omron data for key '00003_seg1' and '00003_seg7'
2025-08-12 16:14:58,745 - DEBUG - Loaded and stored Omron data for key '00053_seg1' and '00053_seg7'
2025-08-12 16:14:58,745 - DEBUG - Loaded and stored Omron data for key '00054_seg1' and '00054_seg7'
2025-08-12 16:14:58,745 - DEBUG - Loaded and stored Omron data for key '00055_seg1' and '00055_seg7'
2025-08-12 16:14:58,745 - DEBUG - Loaded and stored Omron data for key '00056_seg1' and '00056_seg7'
2025-08-12 16:14:58,745 - DEBUG - Loaded and stored Omron data for key '00057_seg1' and '00057_seg7'
2025-08-12 16:14:58,745 - DEBUG - Loaded and stored Omron data for key '00058_seg1' and '00058_seg7'
2025-08-12 16:14:58,746 - DEBUG - Loaded and stored Omron data for key '00059_seg1' and '00059_seg7'
2025-08-12 16:14:58,746 - DEBUG - Loaded and stored Omron data for key '00060_seg1' and '00060_seg7'
2025-08-12 16:14:58,746 - DEBUG - Loaded and stored Omron data for key '00061_seg1' and '00061_seg7'
2025-08-12 16:14:58,746 - DEBUG - Loaded and stored Omron data for key '00062_seg1' and '00062_seg7'
2025-08-12 16:14:58,746 - DEBUG - Loaded and stored Omron data for key '00063_seg1' and '00063_seg7'
2025-08-12 16:14:58,746 - DEBUG - Loaded and stored Omron data for key '00064_seg1' and '00064_seg7'
2025-08-12 16:14:58,746 - DEBUG - Loaded and stored Omron data for key '00065_seg1' and '00065_seg7'
2025-08-12 16:14:58,746 - DEBUG - Loaded and stored Omron data for key '00066_seg1' and '00066_seg7'
2025-08-12 16:14:58,746 - DEBUG - Loaded and stored Omron data for key '00067_seg1' and '00067_seg7'
2025-08-12 16:14:58,746 - DEBUG - Loaded and stored Omron data for key '00068_seg1' and '00068_seg7'
2025-08-12 16:14:58,746 - DEBUG - Loaded and stored Omron data for key '00069_seg1' and '00069_seg7'
2025-08-12 16:14:58,747 - DEBUG - Loaded and stored Omron data for key '00070_seg1' and '00070_seg7'
2025-08-12 16:14:58,747 - DEBUG - Loaded and stored Omron data for key '00071_seg1' and '00071_seg7'
2025-08-12 16:14:58,747 - DEBUG - Loaded and stored Omron data for key '00072_seg1' and '00072_seg7'
2025-08-12 16:14:58,747 - DEBUG - Loaded and stored Omron data for key '00073_seg1' and '00073_seg7'
2025-08-12 16:14:58,747 - DEBUG - Loaded and stored Omron data for key '00074_seg1' and '00074_seg7'
2025-08-12 16:14:58,747 - DEBUG - Loaded and stored Omron data for key '00075_seg1' and '00075_seg7'
2025-08-12 16:14:58,747 - DEBUG - Loaded and stored Omron data for key '00076_seg1' and '00076_seg7'
2025-08-12 16:14:58,747 - DEBUG - Loaded and stored Omron data for key '00077_seg1' and '00077_seg7'
2025-08-12 16:14:58,747 - DEBUG - Loaded and stored Omron data for key '00078_seg1' and '00078_seg7'
2025-08-12 16:14:58,747 - DEBUG - Loaded and stored Omron data for key '00079_seg1' and '00079_seg7'
2025-08-12 16:14:58,747 - DEBUG - Loaded and stored Omron data for key '00080_seg1' and '00080_seg7'
2025-08-12 16:14:58,748 - DEBUG - Loaded and stored Omron data for key '00081_seg1' and '00081_seg7'
2025-08-12 16:14:58,748 - DEBUG - Loaded and stored Omron data for key '00082_seg1' and '00082_seg7'
2025-08-12 16:14:58,748 - DEBUG - Loaded and stored Omron data for key '00083_seg1' and '00083_seg7'
2025-08-12 16:14:58,748 - DEBUG - Loaded and stored Omron data for key '00084_seg1' and '00084_seg7'
2025-08-12 16:14:58,748 - DEBUG - Loaded and stored Omron data for key '00085_seg1' and '00085_seg7'
2025-08-12 16:14:58,748 - DEBUG - Loaded and stored Omron data for key '00086_seg1' and '00086_seg7'
2025-08-12 16:14:58,748 - DEBUG - Loaded and stored Omron data for key '00087_seg1' and '00087_seg7'
2025-08-12 16:14:58,748 - DEBUG - Loaded and stored Omron data for key '00088_seg1' and '00088_seg7'
2025-08-12 16:14:58,748 - DEBUG - Loaded and stored Omron data for key '00089_seg1' and '00089_seg7'
2025-08-12 16:14:58,748 - DEBUG - Loaded and stored Omron data for key '00090_seg1' and '00090_seg7'
2025-08-12 16:14:58,748 - DEBUG - Loaded and stored Omron data for key '00091_seg1' and '00091_seg7'
2025-08-12 16:14:58,749 - DEBUG - Loaded and stored Omron data for key '00092_seg1' and '00092_seg7'
2025-08-12 16:14:58,749 - DEBUG - Loaded and stored Omron data for key '00093_seg1' and '00093_seg7'
2025-08-12 16:14:58,749 - DEBUG - Loaded and stored Omron data for key '00094_seg1' and '00094_seg7'
2025-08-12 16:14:58,749 - DEBUG - Loaded and stored Omron data for key '00095_seg1' and '00095_seg7'
2025-08-12 16:14:58,749 - DEBUG - Loaded and stored Omron data for key '00096_seg1' and '00096_seg7'
2025-08-12 16:14:58,749 - DEBUG - Loaded and stored Omron data for key '00097_seg1' and '00097_seg7'
2025-08-12 16:14:58,749 - DEBUG - Loaded and stored Omron data for key '00098_seg1' and '00098_seg7'
2025-08-12 16:14:58,749 - DEBUG - Loaded and stored Omron data for key '00099_seg1' and '00099_seg7'
2025-08-12 16:14:58,749 - DEBUG - Loaded and stored Omron data for key '00100_seg1' and '00100_seg7'
2025-08-12 16:14:58,749 - DEBUG - Loaded and stored Omron data for key '00101_seg1' and '00101_seg7'
2025-08-12 16:14:58,749 - DEBUG - Loaded and stored Omron data for key '00102_seg1' and '00102_seg7'
2025-08-12 16:14:58,750 - DEBUG - Loaded and stored Omron data for key '00103_seg1' and '00103_seg7'
2025-08-12 16:14:58,750 - DEBUG - Loaded and stored Omron data for key '00105_seg1' and '00105_seg7'
2025-08-12 16:14:58,750 - DEBUG - Loaded and stored Omron data for key '00106_seg1' and '00106_seg7'
2025-08-12 16:14:58,750 - DEBUG - Loaded and stored Omron data for key '00107_seg1' and '00107_seg7'
2025-08-12 16:14:58,751 - DEBUG - Loaded and stored Omron data for key '00108_seg1' and '00108_seg7'
2025-08-12 16:14:58,752 - DEBUG - Loaded and stored Omron data for key '00109_seg1' and '00109_seg7'
2025-08-12 16:14:58,752 - DEBUG - Loaded and stored Omron data for key '00110_seg1' and '00110_seg7'
2025-08-12 16:14:58,753 - DEBUG - Loaded and stored Omron data for key '00111_seg1' and '00111_seg7'
2025-08-12 16:14:58,754 - DEBUG - Loaded and stored Omron data for key '00112_seg1' and '00112_seg7'
2025-08-12 16:15:04,847 - DEBUG - Biopac BP values for seg1: SBP=74.8, DBP=41.0 (zeros excluded)
2025-08-12 16:15:05,035 - DEBUG - Calculated shift amount for 00076: +18.6 mmHg
2025-08-12 16:15:05,035 - DEBUG - Processing 00076 - seg1
2025-08-12 16:15:12,019 - DEBUG - Saved calibrated BP data to: ./data/processed/moved/00076/seg1_bp.csv
2025-08-12 16:15:12,940 - DEBUG - Filtering: 66697 points, range before=(76438.0000, 95323.0000), after=(-6578.8069, 2938.2247)
2025-08-12 16:15:13,950 - DEBUG - Filtering: 66696 points, range before=(102204.0000, 108821.0000), after=(-2403.3681, 1407.6293)
2025-08-12 16:15:14,972 - DEBUG - Filtering: 66696 points, range before=(115358.0000, 117946.0000), after=(-303.9591, 285.5567)
2025-08-12 16:15:16,131 - DEBUG - Filtering: 66697 points, range before=(115791.0000, 123235.0000), after=(-2063.5305, 2339.2660)
2025-08-12 16:15:16,135 - DEBUG - Available sensors for seg1: ['sensor2', 'sensor3', 'sensor4', 'sensor5'] (4/4)
2025-08-12 16:15:18,946 - DEBUG - Loaded HR data: average 72.9 bpm
2025-08-12 16:15:19,046 - DEBUG - Using provided HR: 72.9 bpm, RR interval: 0.823s
2025-08-12 16:15:19,248 - DEBUG - Found 714 BP valleys in 60023 samples (600.2s), HR: 73 bpm
2025-08-12 16:15:19,307 - DEBUG - Created 702 valley-based slices from 714 valleys
2025-08-12 16:15:19,312 - DEBUG - Generated 702 valley-based slices from seg1
2025-08-12 16:15:19,313 - DEBUG - Processing 00076 - seg7
2025-08-12 16:15:22,028 - DEBUG - Saved calibrated BP data to: ./data/processed/moved/00076/seg7_bp.csv
2025-08-12 16:15:22,546 - DEBUG - Filtering: 32462 points, range before=(0.0000, 89717.0000), after=(-6832.6094, 5978.0828)
2025-08-12 16:15:23,036 - DEBUG - Filtering: 32458 points, range before=(102002.0000, 107637.0000), after=(-689.3339, 949.1609)
2025-08-12 16:15:23,638 - DEBUG - Filtering: 32454 points, range before=(113675.0000, 126503.0000), after=(-4262.8712, 4618.9132)
2025-08-12 16:15:24,225 - DEBUG - Filtering: 32460 points, range before=(125172.0000, 128135.0000), after=(-686.7768, 649.1919)
2025-08-12 16:15:24,230 - DEBUG - Available sensors for seg7: ['sensor2', 'sensor3', 'sensor4', 'sensor5'] (4/4)
2025-08-12 16:15:25,208 - DEBUG - Loaded HR data: average 70.4 bpm
2025-08-12 16:15:25,225 - DEBUG - Using provided HR: 70.4 bpm, RR interval: 0.853s
2025-08-12 16:15:25,250 - DEBUG - Found 0 BP valleys in 29999 samples (300.0s), HR: 70 bpm
2025-08-12 16:15:25,251 - DEBUG - Warning: Insufficient BP valleys found, using original slicing method
2025-08-12 16:15:25,260 - DEBUG - Generated 289 valley-based slices from seg7
2025-08-12 16:15:25,262 - DEBUG - Loading Omron data from: /root/ppg2bp/data/omron.csv
2025-08-12 16:15:25,270 - DEBUG - Loaded and stored Omron data for key '00042_seg1' and '00042_seg7'
2025-08-12 16:15:25,271 - DEBUG - Loaded and stored Omron data for key '00043_seg1' and '00043_seg7'
2025-08-12 16:15:25,271 - DEBUG - Loaded and stored Omron data for key '00044_seg1' and '00044_seg7'
2025-08-12 16:15:25,271 - DEBUG - Loaded and stored Omron data for key '00016_seg1' and '00016_seg7'
2025-08-12 16:15:25,272 - DEBUG - Loaded and stored Omron data for key '00045_seg1' and '00045_seg7'
2025-08-12 16:15:25,272 - DEBUG - Loaded and stored Omron data for key '00047_seg1' and '00047_seg7'
2025-08-12 16:15:25,272 - DEBUG - Loaded and stored Omron data for key '00048_seg1' and '00048_seg7'
2025-08-12 16:15:25,272 - DEBUG - Loaded and stored Omron data for key '00049_seg1' and '00049_seg7'
2025-08-12 16:15:25,272 - DEBUG - Loaded and stored Omron data for key '00050_seg1' and '00050_seg7'
2025-08-12 16:15:25,273 - DEBUG - Loaded and stored Omron data for key '00051_seg1' and '00051_seg7'
2025-08-12 16:15:25,273 - DEBUG - Loaded and stored Omron data for key '00052_seg1' and '00052_seg7'
2025-08-12 16:15:25,273 - DEBUG - Loaded and stored Omron data for key '00003_seg1' and '00003_seg7'
2025-08-12 16:15:25,273 - DEBUG - Loaded and stored Omron data for key '00053_seg1' and '00053_seg7'
2025-08-12 16:15:25,273 - DEBUG - Loaded and stored Omron data for key '00054_seg1' and '00054_seg7'
2025-08-12 16:15:25,273 - DEBUG - Loaded and stored Omron data for key '00055_seg1' and '00055_seg7'
2025-08-12 16:15:25,274 - DEBUG - Loaded and stored Omron data for key '00056_seg1' and '00056_seg7'
2025-08-12 16:15:25,274 - DEBUG - Loaded and stored Omron data for key '00057_seg1' and '00057_seg7'
2025-08-12 16:15:25,274 - DEBUG - Loaded and stored Omron data for key '00058_seg1' and '00058_seg7'
2025-08-12 16:15:25,274 - DEBUG - Loaded and stored Omron data for key '00059_seg1' and '00059_seg7'
2025-08-12 16:15:25,274 - DEBUG - Loaded and stored Omron data for key '00060_seg1' and '00060_seg7'
2025-08-12 16:15:25,274 - DEBUG - Loaded and stored Omron data for key '00061_seg1' and '00061_seg7'
2025-08-12 16:15:25,275 - DEBUG - Loaded and stored Omron data for key '00062_seg1' and '00062_seg7'
2025-08-12 16:15:25,275 - DEBUG - Loaded and stored Omron data for key '00063_seg1' and '00063_seg7'
2025-08-12 16:15:25,275 - DEBUG - Loaded and stored Omron data for key '00064_seg1' and '00064_seg7'
2025-08-12 16:15:25,275 - DEBUG - Loaded and stored Omron data for key '00065_seg1' and '00065_seg7'
2025-08-12 16:15:25,275 - DEBUG - Loaded and stored Omron data for key '00066_seg1' and '00066_seg7'
2025-08-12 16:15:25,275 - DEBUG - Loaded and stored Omron data for key '00067_seg1' and '00067_seg7'
2025-08-12 16:15:25,276 - DEBUG - Loaded and stored Omron data for key '00068_seg1' and '00068_seg7'
2025-08-12 16:15:25,276 - DEBUG - Loaded and stored Omron data for key '00069_seg1' and '00069_seg7'
2025-08-12 16:15:25,276 - DEBUG - Loaded and stored Omron data for key '00070_seg1' and '00070_seg7'
2025-08-12 16:15:25,276 - DEBUG - Loaded and stored Omron data for key '00071_seg1' and '00071_seg7'
2025-08-12 16:15:25,276 - DEBUG - Loaded and stored Omron data for key '00072_seg1' and '00072_seg7'
2025-08-12 16:15:25,277 - DEBUG - Loaded and stored Omron data for key '00073_seg1' and '00073_seg7'
2025-08-12 16:15:25,277 - DEBUG - Loaded and stored Omron data for key '00074_seg1' and '00074_seg7'
2025-08-12 16:15:25,277 - DEBUG - Loaded and stored Omron data for key '00075_seg1' and '00075_seg7'
2025-08-12 16:15:25,277 - DEBUG - Loaded and stored Omron data for key '00076_seg1' and '00076_seg7'
2025-08-12 16:15:25,278 - DEBUG - Loaded and stored Omron data for key '00077_seg1' and '00077_seg7'
2025-08-12 16:15:25,279 - DEBUG - Loaded and stored Omron data for key '00078_seg1' and '00078_seg7'
2025-08-12 16:15:25,279 - DEBUG - Loaded and stored Omron data for key '00079_seg1' and '00079_seg7'
2025-08-12 16:15:25,279 - DEBUG - Loaded and stored Omron data for key '00080_seg1' and '00080_seg7'
2025-08-12 16:15:25,279 - DEBUG - Loaded and stored Omron data for key '00081_seg1' and '00081_seg7'
2025-08-12 16:15:25,279 - DEBUG - Loaded and stored Omron data for key '00082_seg1' and '00082_seg7'
2025-08-12 16:15:25,280 - DEBUG - Loaded and stored Omron data for key '00083_seg1' and '00083_seg7'
2025-08-12 16:15:25,280 - DEBUG - Loaded and stored Omron data for key '00084_seg1' and '00084_seg7'
2025-08-12 16:15:25,280 - DEBUG - Loaded and stored Omron data for key '00085_seg1' and '00085_seg7'
2025-08-12 16:15:25,280 - DEBUG - Loaded and stored Omron data for key '00086_seg1' and '00086_seg7'
2025-08-12 16:15:25,280 - DEBUG - Loaded and stored Omron data for key '00087_seg1' and '00087_seg7'
2025-08-12 16:15:25,280 - DEBUG - Loaded and stored Omron data for key '00088_seg1' and '00088_seg7'
2025-08-12 16:15:25,281 - DEBUG - Loaded and stored Omron data for key '00089_seg1' and '00089_seg7'
2025-08-12 16:15:25,281 - DEBUG - Loaded and stored Omron data for key '00090_seg1' and '00090_seg7'
2025-08-12 16:15:25,281 - DEBUG - Loaded and stored Omron data for key '00091_seg1' and '00091_seg7'
2025-08-12 16:15:25,281 - DEBUG - Loaded and stored Omron data for key '00092_seg1' and '00092_seg7'
2025-08-12 16:15:25,281 - DEBUG - Loaded and stored Omron data for key '00093_seg1' and '00093_seg7'
2025-08-12 16:15:25,282 - DEBUG - Loaded and stored Omron data for key '00094_seg1' and '00094_seg7'
2025-08-12 16:15:25,282 - DEBUG - Loaded and stored Omron data for key '00095_seg1' and '00095_seg7'
2025-08-12 16:15:25,282 - DEBUG - Loaded and stored Omron data for key '00096_seg1' and '00096_seg7'
2025-08-12 16:15:25,282 - DEBUG - Loaded and stored Omron data for key '00097_seg1' and '00097_seg7'
2025-08-12 16:15:25,282 - DEBUG - Loaded and stored Omron data for key '00098_seg1' and '00098_seg7'
2025-08-12 16:15:25,282 - DEBUG - Loaded and stored Omron data for key '00099_seg1' and '00099_seg7'
2025-08-12 16:15:25,282 - DEBUG - Loaded and stored Omron data for key '00100_seg1' and '00100_seg7'
2025-08-12 16:15:25,283 - DEBUG - Loaded and stored Omron data for key '00101_seg1' and '00101_seg7'
2025-08-12 16:15:25,283 - DEBUG - Loaded and stored Omron data for key '00102_seg1' and '00102_seg7'
2025-08-12 16:15:25,283 - DEBUG - Loaded and stored Omron data for key '00103_seg1' and '00103_seg7'
2025-08-12 16:15:25,283 - DEBUG - Loaded and stored Omron data for key '00105_seg1' and '00105_seg7'
2025-08-12 16:15:25,283 - DEBUG - Loaded and stored Omron data for key '00106_seg1' and '00106_seg7'
2025-08-12 16:15:25,284 - DEBUG - Loaded and stored Omron data for key '00107_seg1' and '00107_seg7'
2025-08-12 16:15:25,284 - DEBUG - Loaded and stored Omron data for key '00108_seg1' and '00108_seg7'
2025-08-12 16:15:25,284 - DEBUG - Loaded and stored Omron data for key '00109_seg1' and '00109_seg7'
2025-08-12 16:15:25,284 - DEBUG - Loaded and stored Omron data for key '00110_seg1' and '00110_seg7'
2025-08-12 16:15:25,284 - DEBUG - Loaded and stored Omron data for key '00111_seg1' and '00111_seg7'
2025-08-12 16:15:25,284 - DEBUG - Loaded and stored Omron data for key '00112_seg1' and '00112_seg7'
2025-08-12 16:15:32,371 - DEBUG - Biopac BP values for seg1: SBP=91.4, DBP=50.1 (zeros excluded)
2025-08-12 16:15:32,572 - DEBUG - No shift for 00077, delta too large (-14.4 mmHg)
2025-08-12 16:15:32,574 - DEBUG - Processing 00077 - seg1
2025-08-12 16:15:36,549 - DEBUG - Loading Omron data from: /root/ppg2bp/data/omron.csv
2025-08-12 16:15:36,557 - DEBUG - Loaded and stored Omron data for key '00042_seg1' and '00042_seg7'
2025-08-12 16:15:36,558 - DEBUG - Loaded and stored Omron data for key '00043_seg1' and '00043_seg7'
2025-08-12 16:15:36,559 - DEBUG - Loaded and stored Omron data for key '00044_seg1' and '00044_seg7'
2025-08-12 16:15:36,559 - DEBUG - Loaded and stored Omron data for key '00016_seg1' and '00016_seg7'
2025-08-12 16:15:36,559 - DEBUG - Loaded and stored Omron data for key '00045_seg1' and '00045_seg7'
2025-08-12 16:15:36,560 - DEBUG - Loaded and stored Omron data for key '00047_seg1' and '00047_seg7'
2025-08-12 16:15:36,561 - DEBUG - Loaded and stored Omron data for key '00048_seg1' and '00048_seg7'
2025-08-12 16:15:36,561 - DEBUG - Loaded and stored Omron data for key '00049_seg1' and '00049_seg7'
2025-08-12 16:15:36,561 - DEBUG - Loaded and stored Omron data for key '00050_seg1' and '00050_seg7'
2025-08-12 16:15:36,562 - DEBUG - Loaded and stored Omron data for key '00051_seg1' and '00051_seg7'
2025-08-12 16:15:36,562 - DEBUG - Loaded and stored Omron data for key '00052_seg1' and '00052_seg7'
2025-08-12 16:15:36,562 - DEBUG - Loaded and stored Omron data for key '00003_seg1' and '00003_seg7'
2025-08-12 16:15:36,562 - DEBUG - Loaded and stored Omron data for key '00053_seg1' and '00053_seg7'
2025-08-12 16:15:36,563 - DEBUG - Loaded and stored Omron data for key '00054_seg1' and '00054_seg7'
2025-08-12 16:15:36,565 - DEBUG - Loaded and stored Omron data for key '00055_seg1' and '00055_seg7'
2025-08-12 16:15:36,566 - DEBUG - Loaded and stored Omron data for key '00056_seg1' and '00056_seg7'
2025-08-12 16:15:36,567 - DEBUG - Loaded and stored Omron data for key '00057_seg1' and '00057_seg7'
2025-08-12 16:15:36,567 - DEBUG - Loaded and stored Omron data for key '00058_seg1' and '00058_seg7'
2025-08-12 16:15:36,572 - DEBUG - Loaded and stored Omron data for key '00059_seg1' and '00059_seg7'
2025-08-12 16:15:36,573 - DEBUG - Loaded and stored Omron data for key '00060_seg1' and '00060_seg7'
2025-08-12 16:15:36,573 - DEBUG - Loaded and stored Omron data for key '00061_seg1' and '00061_seg7'
2025-08-12 16:15:36,574 - DEBUG - Loaded and stored Omron data for key '00062_seg1' and '00062_seg7'
2025-08-12 16:15:36,575 - DEBUG - Loaded and stored Omron data for key '00063_seg1' and '00063_seg7'
2025-08-12 16:15:36,575 - DEBUG - Loaded and stored Omron data for key '00064_seg1' and '00064_seg7'
2025-08-12 16:15:36,576 - DEBUG - Loaded and stored Omron data for key '00065_seg1' and '00065_seg7'
2025-08-12 16:15:36,577 - DEBUG - Loaded and stored Omron data for key '00066_seg1' and '00066_seg7'
2025-08-12 16:15:36,577 - DEBUG - Loaded and stored Omron data for key '00067_seg1' and '00067_seg7'
2025-08-12 16:15:36,577 - DEBUG - Loaded and stored Omron data for key '00068_seg1' and '00068_seg7'
2025-08-12 16:15:36,577 - DEBUG - Loaded and stored Omron data for key '00069_seg1' and '00069_seg7'
2025-08-12 16:15:36,578 - DEBUG - Loaded and stored Omron data for key '00070_seg1' and '00070_seg7'
2025-08-12 16:15:36,579 - DEBUG - Loaded and stored Omron data for key '00071_seg1' and '00071_seg7'
2025-08-12 16:15:36,579 - DEBUG - Loaded and stored Omron data for key '00072_seg1' and '00072_seg7'
2025-08-12 16:15:36,580 - DEBUG - Loaded and stored Omron data for key '00073_seg1' and '00073_seg7'
2025-08-12 16:15:36,580 - DEBUG - Loaded and stored Omron data for key '00074_seg1' and '00074_seg7'
2025-08-12 16:15:36,581 - DEBUG - Loaded and stored Omron data for key '00075_seg1' and '00075_seg7'
2025-08-12 16:15:36,581 - DEBUG - Loaded and stored Omron data for key '00076_seg1' and '00076_seg7'
2025-08-12 16:15:36,582 - DEBUG - Loaded and stored Omron data for key '00077_seg1' and '00077_seg7'
2025-08-12 16:15:36,582 - DEBUG - Loaded and stored Omron data for key '00078_seg1' and '00078_seg7'
2025-08-12 16:15:36,583 - DEBUG - Loaded and stored Omron data for key '00079_seg1' and '00079_seg7'
2025-08-12 16:15:36,584 - DEBUG - Loaded and stored Omron data for key '00080_seg1' and '00080_seg7'
2025-08-12 16:15:36,584 - DEBUG - Loaded and stored Omron data for key '00081_seg1' and '00081_seg7'
2025-08-12 16:15:36,584 - DEBUG - Loaded and stored Omron data for key '00082_seg1' and '00082_seg7'
2025-08-12 16:15:36,585 - DEBUG - Loaded and stored Omron data for key '00083_seg1' and '00083_seg7'
2025-08-12 16:15:36,585 - DEBUG - Loaded and stored Omron data for key '00084_seg1' and '00084_seg7'
2025-08-12 16:15:36,586 - DEBUG - Loaded and stored Omron data for key '00085_seg1' and '00085_seg7'
2025-08-12 16:15:36,586 - DEBUG - Loaded and stored Omron data for key '00086_seg1' and '00086_seg7'
2025-08-12 16:15:36,586 - DEBUG - Loaded and stored Omron data for key '00087_seg1' and '00087_seg7'
2025-08-12 16:15:36,586 - DEBUG - Loaded and stored Omron data for key '00088_seg1' and '00088_seg7'
2025-08-12 16:15:36,587 - DEBUG - Loaded and stored Omron data for key '00089_seg1' and '00089_seg7'
2025-08-12 16:15:36,588 - DEBUG - Loaded and stored Omron data for key '00090_seg1' and '00090_seg7'
2025-08-12 16:15:36,588 - DEBUG - Loaded and stored Omron data for key '00091_seg1' and '00091_seg7'
2025-08-12 16:15:36,589 - DEBUG - Loaded and stored Omron data for key '00092_seg1' and '00092_seg7'
2025-08-12 16:15:36,590 - DEBUG - Loaded and stored Omron data for key '00093_seg1' and '00093_seg7'
2025-08-12 16:15:36,594 - DEBUG - Loaded and stored Omron data for key '00094_seg1' and '00094_seg7'
2025-08-12 16:15:36,595 - DEBUG - Loaded and stored Omron data for key '00095_seg1' and '00095_seg7'
2025-08-12 16:15:36,595 - DEBUG - Loaded and stored Omron data for key '00096_seg1' and '00096_seg7'
2025-08-12 16:15:36,596 - DEBUG - Loaded and stored Omron data for key '00097_seg1' and '00097_seg7'
2025-08-12 16:15:36,596 - DEBUG - Loaded and stored Omron data for key '00098_seg1' and '00098_seg7'
2025-08-12 16:15:36,597 - DEBUG - Loaded and stored Omron data for key '00099_seg1' and '00099_seg7'
2025-08-12 16:15:36,597 - DEBUG - Loaded and stored Omron data for key '00100_seg1' and '00100_seg7'
2025-08-12 16:15:36,602 - DEBUG - Loaded and stored Omron data for key '00101_seg1' and '00101_seg7'
2025-08-12 16:15:36,603 - DEBUG - Loaded and stored Omron data for key '00102_seg1' and '00102_seg7'
2025-08-12 16:15:36,604 - DEBUG - Loaded and stored Omron data for key '00103_seg1' and '00103_seg7'
2025-08-12 16:15:36,606 - DEBUG - Loaded and stored Omron data for key '00105_seg1' and '00105_seg7'
2025-08-12 16:15:36,606 - DEBUG - Loaded and stored Omron data for key '00106_seg1' and '00106_seg7'
2025-08-12 16:15:36,607 - DEBUG - Loaded and stored Omron data for key '00107_seg1' and '00107_seg7'
2025-08-12 16:15:36,607 - DEBUG - Loaded and stored Omron data for key '00108_seg1' and '00108_seg7'
2025-08-12 16:15:36,607 - DEBUG - Loaded and stored Omron data for key '00109_seg1' and '00109_seg7'
2025-08-12 16:15:36,607 - DEBUG - Loaded and stored Omron data for key '00110_seg1' and '00110_seg7'
2025-08-12 16:15:36,608 - DEBUG - Loaded and stored Omron data for key '00111_seg1' and '00111_seg7'
2025-08-12 16:15:36,608 - DEBUG - Loaded and stored Omron data for key '00112_seg1' and '00112_seg7'
2025-08-12 16:15:43,229 - DEBUG - Biopac BP values for seg1: SBP=91.4, DBP=50.1 (zeros excluded)
2025-08-12 16:15:43,386 - DEBUG - No shift for 00077, delta too large (-14.4 mmHg)
2025-08-12 16:15:46,270 - DEBUG - Saved calibrated BP data to: ./data/processed/moved/00077/seg1_bp.csv
2025-08-12 16:15:47,426 - DEBUG - Filtering: 66669 points, range before=(71520.0000, 77832.0000), after=(-1761.2152, 1526.7447)
2025-08-12 16:15:48,524 - DEBUG - Filtering: 66669 points, range before=(109184.0000, 110958.0000), after=(-146.6625, 154.5505)
2025-08-12 16:15:49,510 - DEBUG - Filtering: 66669 points, range before=(103782.0000, 110354.0000), after=(-732.2082, 1070.6464)
2025-08-12 16:15:50,450 - DEBUG - Filtering: 66670 points, range before=(59795.0000, 77307.0000), after=(-1148.1740, 842.4755)
2025-08-12 16:15:50,475 - DEBUG - Available sensors for seg1: ['sensor2', 'sensor3', 'sensor4', 'sensor5'] (4/4)
2025-08-12 16:15:53,547 - DEBUG - Loaded HR data: average 67.8 bpm
2025-08-12 16:15:53,658 - DEBUG - Using provided HR: 67.8 bpm, RR interval: 0.885s
2025-08-12 16:15:53,849 - DEBUG - Found 503 BP valleys in 60000 samples (600.0s), HR: 68 bpm
2025-08-12 16:15:53,921 - DEBUG - Created 495 valley-based slices from 503 valleys
2025-08-12 16:15:53,922 - DEBUG - Generated 495 valley-based slices from seg1
2025-08-12 16:15:53,923 - DEBUG - Processing 00077 - seg7
2025-08-12 16:15:55,221 - DEBUG - Loading Omron data from: /root/ppg2bp/data/omron.csv
2025-08-12 16:15:55,224 - DEBUG - Loaded and stored Omron data for key '00042_seg1' and '00042_seg7'
2025-08-12 16:15:55,224 - DEBUG - Loaded and stored Omron data for key '00043_seg1' and '00043_seg7'
2025-08-12 16:15:55,224 - DEBUG - Loaded and stored Omron data for key '00044_seg1' and '00044_seg7'
2025-08-12 16:15:55,225 - DEBUG - Loaded and stored Omron data for key '00016_seg1' and '00016_seg7'
2025-08-12 16:15:55,225 - DEBUG - Loaded and stored Omron data for key '00045_seg1' and '00045_seg7'
2025-08-12 16:15:55,225 - DEBUG - Loaded and stored Omron data for key '00047_seg1' and '00047_seg7'
2025-08-12 16:15:55,225 - DEBUG - Loaded and stored Omron data for key '00048_seg1' and '00048_seg7'
2025-08-12 16:15:55,225 - DEBUG - Loaded and stored Omron data for key '00049_seg1' and '00049_seg7'
2025-08-12 16:15:55,225 - DEBUG - Loaded and stored Omron data for key '00050_seg1' and '00050_seg7'
2025-08-12 16:15:55,225 - DEBUG - Loaded and stored Omron data for key '00051_seg1' and '00051_seg7'
2025-08-12 16:15:55,225 - DEBUG - Loaded and stored Omron data for key '00052_seg1' and '00052_seg7'
2025-08-12 16:15:55,225 - DEBUG - Loaded and stored Omron data for key '00003_seg1' and '00003_seg7'
2025-08-12 16:15:55,225 - DEBUG - Loaded and stored Omron data for key '00053_seg1' and '00053_seg7'
2025-08-12 16:15:55,226 - DEBUG - Loaded and stored Omron data for key '00054_seg1' and '00054_seg7'
2025-08-12 16:15:55,226 - DEBUG - Loaded and stored Omron data for key '00055_seg1' and '00055_seg7'
2025-08-12 16:15:55,226 - DEBUG - Loaded and stored Omron data for key '00056_seg1' and '00056_seg7'
2025-08-12 16:15:55,226 - DEBUG - Loaded and stored Omron data for key '00057_seg1' and '00057_seg7'
2025-08-12 16:15:55,226 - DEBUG - Loaded and stored Omron data for key '00058_seg1' and '00058_seg7'
2025-08-12 16:15:55,226 - DEBUG - Loaded and stored Omron data for key '00059_seg1' and '00059_seg7'
2025-08-12 16:15:55,226 - DEBUG - Loaded and stored Omron data for key '00060_seg1' and '00060_seg7'
2025-08-12 16:15:55,226 - DEBUG - Loaded and stored Omron data for key '00061_seg1' and '00061_seg7'
2025-08-12 16:15:55,226 - DEBUG - Loaded and stored Omron data for key '00062_seg1' and '00062_seg7'
2025-08-12 16:15:55,226 - DEBUG - Loaded and stored Omron data for key '00063_seg1' and '00063_seg7'
2025-08-12 16:15:55,226 - DEBUG - Loaded and stored Omron data for key '00064_seg1' and '00064_seg7'
2025-08-12 16:15:55,227 - DEBUG - Loaded and stored Omron data for key '00065_seg1' and '00065_seg7'
2025-08-12 16:15:55,227 - DEBUG - Loaded and stored Omron data for key '00066_seg1' and '00066_seg7'
2025-08-12 16:15:55,227 - DEBUG - Loaded and stored Omron data for key '00067_seg1' and '00067_seg7'
2025-08-12 16:15:55,227 - DEBUG - Loaded and stored Omron data for key '00068_seg1' and '00068_seg7'
2025-08-12 16:15:55,227 - DEBUG - Loaded and stored Omron data for key '00069_seg1' and '00069_seg7'
2025-08-12 16:15:55,227 - DEBUG - Loaded and stored Omron data for key '00070_seg1' and '00070_seg7'
2025-08-12 16:15:55,227 - DEBUG - Loaded and stored Omron data for key '00071_seg1' and '00071_seg7'
2025-08-12 16:15:55,227 - DEBUG - Loaded and stored Omron data for key '00072_seg1' and '00072_seg7'
2025-08-12 16:15:55,227 - DEBUG - Loaded and stored Omron data for key '00073_seg1' and '00073_seg7'
2025-08-12 16:15:55,227 - DEBUG - Loaded and stored Omron data for key '00074_seg1' and '00074_seg7'
2025-08-12 16:15:55,227 - DEBUG - Loaded and stored Omron data for key '00075_seg1' and '00075_seg7'
2025-08-12 16:15:55,227 - DEBUG - Loaded and stored Omron data for key '00076_seg1' and '00076_seg7'
2025-08-12 16:15:55,228 - DEBUG - Loaded and stored Omron data for key '00077_seg1' and '00077_seg7'
2025-08-12 16:15:55,228 - DEBUG - Loaded and stored Omron data for key '00078_seg1' and '00078_seg7'
2025-08-12 16:15:55,228 - DEBUG - Loaded and stored Omron data for key '00079_seg1' and '00079_seg7'
2025-08-12 16:15:55,228 - DEBUG - Loaded and stored Omron data for key '00080_seg1' and '00080_seg7'
2025-08-12 16:15:55,228 - DEBUG - Loaded and stored Omron data for key '00081_seg1' and '00081_seg7'
2025-08-12 16:15:55,228 - DEBUG - Loaded and stored Omron data for key '00082_seg1' and '00082_seg7'
2025-08-12 16:15:55,228 - DEBUG - Loaded and stored Omron data for key '00083_seg1' and '00083_seg7'
2025-08-12 16:15:55,228 - DEBUG - Loaded and stored Omron data for key '00084_seg1' and '00084_seg7'
2025-08-12 16:15:55,228 - DEBUG - Loaded and stored Omron data for key '00085_seg1' and '00085_seg7'
2025-08-12 16:15:55,228 - DEBUG - Loaded and stored Omron data for key '00086_seg1' and '00086_seg7'
2025-08-12 16:15:55,228 - DEBUG - Loaded and stored Omron data for key '00087_seg1' and '00087_seg7'
2025-08-12 16:15:55,228 - DEBUG - Loaded and stored Omron data for key '00088_seg1' and '00088_seg7'
2025-08-12 16:15:55,229 - DEBUG - Loaded and stored Omron data for key '00089_seg1' and '00089_seg7'
2025-08-12 16:15:55,229 - DEBUG - Loaded and stored Omron data for key '00090_seg1' and '00090_seg7'
2025-08-12 16:15:55,229 - DEBUG - Loaded and stored Omron data for key '00091_seg1' and '00091_seg7'
2025-08-12 16:15:55,229 - DEBUG - Loaded and stored Omron data for key '00092_seg1' and '00092_seg7'
2025-08-12 16:15:55,229 - DEBUG - Loaded and stored Omron data for key '00093_seg1' and '00093_seg7'
2025-08-12 16:15:55,229 - DEBUG - Loaded and stored Omron data for key '00094_seg1' and '00094_seg7'
2025-08-12 16:15:55,229 - DEBUG - Loaded and stored Omron data for key '00095_seg1' and '00095_seg7'
2025-08-12 16:15:55,229 - DEBUG - Loaded and stored Omron data for key '00096_seg1' and '00096_seg7'
2025-08-12 16:15:55,229 - DEBUG - Loaded and stored Omron data for key '00097_seg1' and '00097_seg7'
2025-08-12 16:15:55,229 - DEBUG - Loaded and stored Omron data for key '00098_seg1' and '00098_seg7'
2025-08-12 16:15:55,229 - DEBUG - Loaded and stored Omron data for key '00099_seg1' and '00099_seg7'
2025-08-12 16:15:55,229 - DEBUG - Loaded and stored Omron data for key '00100_seg1' and '00100_seg7'
2025-08-12 16:15:55,230 - DEBUG - Loaded and stored Omron data for key '00101_seg1' and '00101_seg7'
2025-08-12 16:15:55,230 - DEBUG - Loaded and stored Omron data for key '00102_seg1' and '00102_seg7'
2025-08-12 16:15:55,230 - DEBUG - Loaded and stored Omron data for key '00103_seg1' and '00103_seg7'
2025-08-12 16:15:55,230 - DEBUG - Loaded and stored Omron data for key '00105_seg1' and '00105_seg7'
2025-08-12 16:15:55,230 - DEBUG - Loaded and stored Omron data for key '00106_seg1' and '00106_seg7'
2025-08-12 16:15:55,230 - DEBUG - Loaded and stored Omron data for key '00107_seg1' and '00107_seg7'
2025-08-12 16:15:55,230 - DEBUG - Loaded and stored Omron data for key '00108_seg1' and '00108_seg7'
2025-08-12 16:15:55,230 - DEBUG - Loaded and stored Omron data for key '00109_seg1' and '00109_seg7'
2025-08-12 16:15:55,230 - DEBUG - Loaded and stored Omron data for key '00110_seg1' and '00110_seg7'
2025-08-12 16:15:55,230 - DEBUG - Loaded and stored Omron data for key '00111_seg1' and '00111_seg7'
2025-08-12 16:15:55,230 - DEBUG - Loaded and stored Omron data for key '00112_seg1' and '00112_seg7'
2025-08-12 16:16:00,933 - DEBUG - Biopac BP values for seg1: SBP=91.4, DBP=50.1 (zeros excluded)
2025-08-12 16:16:01,038 - DEBUG - No shift for 00077, delta too large (-14.4 mmHg)
2025-08-12 16:16:02,841 - DEBUG - Saved calibrated BP data to: ./data/processed/moved/00077/seg7_bp.csv
2025-08-12 16:16:03,043 - DEBUG - Filtering: 33337 points, range before=(80947.0000, 86158.0000), after=(-412.0559, 346.0198)
2025-08-12 16:16:03,232 - DEBUG - Filtering: 33336 points, range before=(109066.0000, 111035.0000), after=(-239.7508, 263.5526)
2025-08-12 16:16:03,434 - DEBUG - Filtering: 33335 points, range before=(105801.0000, 108706.0000), after=(-98.9166, 156.8436)
2025-08-12 16:16:03,633 - DEBUG - Filtering: 33335 points, range before=(24327.0000, 34433.0000), after=(-1278.1683, 1492.4855)
2025-08-12 16:16:03,635 - DEBUG - Available sensors for seg7: ['sensor2', 'sensor3', 'sensor4', 'sensor5'] (4/4)
2025-08-12 16:16:04,327 - DEBUG - Loaded HR data: average 78.7 bpm
2025-08-12 16:16:04,333 - DEBUG - Using provided HR: 78.7 bpm, RR interval: 0.762s
2025-08-12 16:16:04,372 - DEBUG - Found 0 BP valleys in 29999 samples (300.0s), HR: 79 bpm
2025-08-12 16:16:04,373 - DEBUG - Warning: Insufficient BP valleys found, using original slicing method
2025-08-12 16:16:04,385 - DEBUG - Generated 289 valley-based slices from seg7
2025-08-12 16:16:04,387 - DEBUG - Loading Omron data from: /root/ppg2bp/data/omron.csv
2025-08-12 16:16:04,395 - DEBUG - Loaded and stored Omron data for key '00042_seg1' and '00042_seg7'
2025-08-12 16:16:04,395 - DEBUG - Loaded and stored Omron data for key '00043_seg1' and '00043_seg7'
2025-08-12 16:16:04,395 - DEBUG - Loaded and stored Omron data for key '00044_seg1' and '00044_seg7'
2025-08-12 16:16:04,395 - DEBUG - Loaded and stored Omron data for key '00016_seg1' and '00016_seg7'
2025-08-12 16:16:04,396 - DEBUG - Loaded and stored Omron data for key '00045_seg1' and '00045_seg7'
2025-08-12 16:16:04,396 - DEBUG - Loaded and stored Omron data for key '00047_seg1' and '00047_seg7'
2025-08-12 16:16:04,396 - DEBUG - Loaded and stored Omron data for key '00048_seg1' and '00048_seg7'
2025-08-12 16:16:04,396 - DEBUG - Loaded and stored Omron data for key '00049_seg1' and '00049_seg7'
2025-08-12 16:16:04,396 - DEBUG - Loaded and stored Omron data for key '00050_seg1' and '00050_seg7'
2025-08-12 16:16:04,396 - DEBUG - Loaded and stored Omron data for key '00051_seg1' and '00051_seg7'
2025-08-12 16:16:04,396 - DEBUG - Loaded and stored Omron data for key '00052_seg1' and '00052_seg7'
2025-08-12 16:16:04,397 - DEBUG - Loaded and stored Omron data for key '00003_seg1' and '00003_seg7'
2025-08-12 16:16:04,397 - DEBUG - Loaded and stored Omron data for key '00053_seg1' and '00053_seg7'
2025-08-12 16:16:04,397 - DEBUG - Loaded and stored Omron data for key '00054_seg1' and '00054_seg7'
2025-08-12 16:16:04,397 - DEBUG - Loaded and stored Omron data for key '00055_seg1' and '00055_seg7'
2025-08-12 16:16:04,397 - DEBUG - Loaded and stored Omron data for key '00056_seg1' and '00056_seg7'
2025-08-12 16:16:04,397 - DEBUG - Loaded and stored Omron data for key '00057_seg1' and '00057_seg7'
2025-08-12 16:16:04,397 - DEBUG - Loaded and stored Omron data for key '00058_seg1' and '00058_seg7'
2025-08-12 16:16:04,397 - DEBUG - Loaded and stored Omron data for key '00059_seg1' and '00059_seg7'
2025-08-12 16:16:04,397 - DEBUG - Loaded and stored Omron data for key '00060_seg1' and '00060_seg7'
2025-08-12 16:16:04,398 - DEBUG - Loaded and stored Omron data for key '00061_seg1' and '00061_seg7'
2025-08-12 16:16:04,398 - DEBUG - Loaded and stored Omron data for key '00062_seg1' and '00062_seg7'
2025-08-12 16:16:04,398 - DEBUG - Loaded and stored Omron data for key '00063_seg1' and '00063_seg7'
2025-08-12 16:16:04,398 - DEBUG - Loaded and stored Omron data for key '00064_seg1' and '00064_seg7'
2025-08-12 16:16:04,398 - DEBUG - Loaded and stored Omron data for key '00065_seg1' and '00065_seg7'
2025-08-12 16:16:04,398 - DEBUG - Loaded and stored Omron data for key '00066_seg1' and '00066_seg7'
2025-08-12 16:16:04,398 - DEBUG - Loaded and stored Omron data for key '00067_seg1' and '00067_seg7'
2025-08-12 16:16:04,398 - DEBUG - Loaded and stored Omron data for key '00068_seg1' and '00068_seg7'
2025-08-12 16:16:04,399 - DEBUG - Loaded and stored Omron data for key '00069_seg1' and '00069_seg7'
2025-08-12 16:16:04,399 - DEBUG - Loaded and stored Omron data for key '00070_seg1' and '00070_seg7'
2025-08-12 16:16:04,399 - DEBUG - Loaded and stored Omron data for key '00071_seg1' and '00071_seg7'
2025-08-12 16:16:04,399 - DEBUG - Loaded and stored Omron data for key '00072_seg1' and '00072_seg7'
2025-08-12 16:16:04,399 - DEBUG - Loaded and stored Omron data for key '00073_seg1' and '00073_seg7'
2025-08-12 16:16:04,399 - DEBUG - Loaded and stored Omron data for key '00074_seg1' and '00074_seg7'
2025-08-12 16:16:04,399 - DEBUG - Loaded and stored Omron data for key '00075_seg1' and '00075_seg7'
2025-08-12 16:16:04,399 - DEBUG - Loaded and stored Omron data for key '00076_seg1' and '00076_seg7'
2025-08-12 16:16:04,400 - DEBUG - Loaded and stored Omron data for key '00077_seg1' and '00077_seg7'
2025-08-12 16:16:04,400 - DEBUG - Loaded and stored Omron data for key '00078_seg1' and '00078_seg7'
2025-08-12 16:16:04,400 - DEBUG - Loaded and stored Omron data for key '00079_seg1' and '00079_seg7'
2025-08-12 16:16:04,400 - DEBUG - Loaded and stored Omron data for key '00080_seg1' and '00080_seg7'
2025-08-12 16:16:04,400 - DEBUG - Loaded and stored Omron data for key '00081_seg1' and '00081_seg7'
2025-08-12 16:16:04,401 - DEBUG - Loaded and stored Omron data for key '00082_seg1' and '00082_seg7'
2025-08-12 16:16:04,402 - DEBUG - Loaded and stored Omron data for key '00083_seg1' and '00083_seg7'
2025-08-12 16:16:04,402 - DEBUG - Loaded and stored Omron data for key '00084_seg1' and '00084_seg7'
2025-08-12 16:16:04,402 - DEBUG - Loaded and stored Omron data for key '00085_seg1' and '00085_seg7'
2025-08-12 16:16:04,402 - DEBUG - Loaded and stored Omron data for key '00086_seg1' and '00086_seg7'
2025-08-12 16:16:04,402 - DEBUG - Loaded and stored Omron data for key '00087_seg1' and '00087_seg7'
2025-08-12 16:16:04,402 - DEBUG - Loaded and stored Omron data for key '00088_seg1' and '00088_seg7'
2025-08-12 16:16:04,402 - DEBUG - Loaded and stored Omron data for key '00089_seg1' and '00089_seg7'
2025-08-12 16:16:04,403 - DEBUG - Loaded and stored Omron data for key '00090_seg1' and '00090_seg7'
2025-08-12 16:16:04,403 - DEBUG - Loaded and stored Omron data for key '00091_seg1' and '00091_seg7'
2025-08-12 16:16:04,403 - DEBUG - Loaded and stored Omron data for key '00092_seg1' and '00092_seg7'
2025-08-12 16:16:04,403 - DEBUG - Loaded and stored Omron data for key '00093_seg1' and '00093_seg7'
2025-08-12 16:16:04,403 - DEBUG - Loaded and stored Omron data for key '00094_seg1' and '00094_seg7'
2025-08-12 16:16:04,403 - DEBUG - Loaded and stored Omron data for key '00095_seg1' and '00095_seg7'
2025-08-12 16:16:04,403 - DEBUG - Loaded and stored Omron data for key '00096_seg1' and '00096_seg7'
2025-08-12 16:16:04,403 - DEBUG - Loaded and stored Omron data for key '00097_seg1' and '00097_seg7'
2025-08-12 16:16:04,403 - DEBUG - Loaded and stored Omron data for key '00098_seg1' and '00098_seg7'
2025-08-12 16:16:04,404 - DEBUG - Loaded and stored Omron data for key '00099_seg1' and '00099_seg7'
2025-08-12 16:16:04,404 - DEBUG - Loaded and stored Omron data for key '00100_seg1' and '00100_seg7'
2025-08-12 16:16:04,404 - DEBUG - Loaded and stored Omron data for key '00101_seg1' and '00101_seg7'
2025-08-12 16:16:04,404 - DEBUG - Loaded and stored Omron data for key '00102_seg1' and '00102_seg7'
2025-08-12 16:16:04,404 - DEBUG - Loaded and stored Omron data for key '00103_seg1' and '00103_seg7'
2025-08-12 16:16:04,404 - DEBUG - Loaded and stored Omron data for key '00105_seg1' and '00105_seg7'
2025-08-12 16:16:04,404 - DEBUG - Loaded and stored Omron data for key '00106_seg1' and '00106_seg7'
2025-08-12 16:16:04,404 - DEBUG - Loaded and stored Omron data for key '00107_seg1' and '00107_seg7'
2025-08-12 16:16:04,404 - DEBUG - Loaded and stored Omron data for key '00108_seg1' and '00108_seg7'
2025-08-12 16:16:04,405 - DEBUG - Loaded and stored Omron data for key '00109_seg1' and '00109_seg7'
2025-08-12 16:16:04,405 - DEBUG - Loaded and stored Omron data for key '00110_seg1' and '00110_seg7'
2025-08-12 16:16:04,405 - DEBUG - Loaded and stored Omron data for key '00111_seg1' and '00111_seg7'
2025-08-12 16:16:04,405 - DEBUG - Loaded and stored Omron data for key '00112_seg1' and '00112_seg7'
2025-08-12 16:16:10,346 - DEBUG - Biopac BP values for seg1: SBP=132.0, DBP=71.1 (zeros excluded)
2025-08-12 16:16:10,648 - DEBUG - No shift for 00078, delta too large (-25.9 mmHg)
2025-08-12 16:16:10,649 - DEBUG - Processing 00078 - seg1
2025-08-12 16:16:15,979 - DEBUG - Loading Omron data from: /root/ppg2bp/data/omron.csv
2025-08-12 16:16:15,996 - DEBUG - Loaded and stored Omron data for key '00042_seg1' and '00042_seg7'
2025-08-12 16:16:15,997 - DEBUG - Loaded and stored Omron data for key '00043_seg1' and '00043_seg7'
2025-08-12 16:16:15,997 - DEBUG - Loaded and stored Omron data for key '00044_seg1' and '00044_seg7'
2025-08-12 16:16:15,997 - DEBUG - Loaded and stored Omron data for key '00016_seg1' and '00016_seg7'
2025-08-12 16:16:15,997 - DEBUG - Loaded and stored Omron data for key '00045_seg1' and '00045_seg7'
2025-08-12 16:16:15,997 - DEBUG - Loaded and stored Omron data for key '00047_seg1' and '00047_seg7'
2025-08-12 16:16:15,997 - DEBUG - Loaded and stored Omron data for key '00048_seg1' and '00048_seg7'
2025-08-12 16:16:15,998 - DEBUG - Loaded and stored Omron data for key '00049_seg1' and '00049_seg7'
2025-08-12 16:16:15,998 - DEBUG - Loaded and stored Omron data for key '00050_seg1' and '00050_seg7'
2025-08-12 16:16:15,998 - DEBUG - Loaded and stored Omron data for key '00051_seg1' and '00051_seg7'
2025-08-12 16:16:15,998 - DEBUG - Loaded and stored Omron data for key '00052_seg1' and '00052_seg7'
2025-08-12 16:16:15,998 - DEBUG - Loaded and stored Omron data for key '00003_seg1' and '00003_seg7'
2025-08-12 16:16:15,998 - DEBUG - Loaded and stored Omron data for key '00053_seg1' and '00053_seg7'
2025-08-12 16:16:15,998 - DEBUG - Loaded and stored Omron data for key '00054_seg1' and '00054_seg7'
2025-08-12 16:16:15,998 - DEBUG - Loaded and stored Omron data for key '00055_seg1' and '00055_seg7'
2025-08-12 16:16:15,998 - DEBUG - Loaded and stored Omron data for key '00056_seg1' and '00056_seg7'
2025-08-12 16:16:15,999 - DEBUG - Loaded and stored Omron data for key '00057_seg1' and '00057_seg7'
2025-08-12 16:16:15,999 - DEBUG - Loaded and stored Omron data for key '00058_seg1' and '00058_seg7'
2025-08-12 16:16:15,999 - DEBUG - Loaded and stored Omron data for key '00059_seg1' and '00059_seg7'
2025-08-12 16:16:15,999 - DEBUG - Loaded and stored Omron data for key '00060_seg1' and '00060_seg7'
2025-08-12 16:16:15,999 - DEBUG - Loaded and stored Omron data for key '00061_seg1' and '00061_seg7'
2025-08-12 16:16:15,999 - DEBUG - Loaded and stored Omron data for key '00062_seg1' and '00062_seg7'
2025-08-12 16:16:15,999 - DEBUG - Loaded and stored Omron data for key '00063_seg1' and '00063_seg7'
2025-08-12 16:16:15,999 - DEBUG - Loaded and stored Omron data for key '00064_seg1' and '00064_seg7'
2025-08-12 16:16:16,000 - DEBUG - Loaded and stored Omron data for key '00065_seg1' and '00065_seg7'
2025-08-12 16:16:16,000 - DEBUG - Loaded and stored Omron data for key '00066_seg1' and '00066_seg7'
2025-08-12 16:16:16,000 - DEBUG - Loaded and stored Omron data for key '00067_seg1' and '00067_seg7'
2025-08-12 16:16:16,000 - DEBUG - Loaded and stored Omron data for key '00068_seg1' and '00068_seg7'
2025-08-12 16:16:16,000 - DEBUG - Loaded and stored Omron data for key '00069_seg1' and '00069_seg7'
2025-08-12 16:16:16,000 - DEBUG - Loaded and stored Omron data for key '00070_seg1' and '00070_seg7'
2025-08-12 16:16:16,000 - DEBUG - Loaded and stored Omron data for key '00071_seg1' and '00071_seg7'
2025-08-12 16:16:16,000 - DEBUG - Loaded and stored Omron data for key '00072_seg1' and '00072_seg7'
2025-08-12 16:16:16,000 - DEBUG - Loaded and stored Omron data for key '00073_seg1' and '00073_seg7'
2025-08-12 16:16:16,000 - DEBUG - Loaded and stored Omron data for key '00074_seg1' and '00074_seg7'
2025-08-12 16:16:16,001 - DEBUG - Loaded and stored Omron data for key '00075_seg1' and '00075_seg7'
2025-08-12 16:16:16,001 - DEBUG - Loaded and stored Omron data for key '00076_seg1' and '00076_seg7'
2025-08-12 16:16:16,001 - DEBUG - Loaded and stored Omron data for key '00077_seg1' and '00077_seg7'
2025-08-12 16:16:16,001 - DEBUG - Loaded and stored Omron data for key '00078_seg1' and '00078_seg7'
2025-08-12 16:16:16,001 - DEBUG - Loaded and stored Omron data for key '00079_seg1' and '00079_seg7'
2025-08-12 16:16:16,001 - DEBUG - Loaded and stored Omron data for key '00080_seg1' and '00080_seg7'
2025-08-12 16:16:16,001 - DEBUG - Loaded and stored Omron data for key '00081_seg1' and '00081_seg7'
2025-08-12 16:16:16,001 - DEBUG - Loaded and stored Omron data for key '00082_seg1' and '00082_seg7'
2025-08-12 16:16:16,001 - DEBUG - Loaded and stored Omron data for key '00083_seg1' and '00083_seg7'
2025-08-12 16:16:16,001 - DEBUG - Loaded and stored Omron data for key '00084_seg1' and '00084_seg7'
2025-08-12 16:16:16,002 - DEBUG - Loaded and stored Omron data for key '00085_seg1' and '00085_seg7'
2025-08-12 16:16:16,002 - DEBUG - Loaded and stored Omron data for key '00086_seg1' and '00086_seg7'
2025-08-12 16:16:16,002 - DEBUG - Loaded and stored Omron data for key '00087_seg1' and '00087_seg7'
2025-08-12 16:16:16,002 - DEBUG - Loaded and stored Omron data for key '00088_seg1' and '00088_seg7'
2025-08-12 16:16:16,002 - DEBUG - Loaded and stored Omron data for key '00089_seg1' and '00089_seg7'
2025-08-12 16:16:16,002 - DEBUG - Loaded and stored Omron data for key '00090_seg1' and '00090_seg7'
2025-08-12 16:16:16,002 - DEBUG - Loaded and stored Omron data for key '00091_seg1' and '00091_seg7'
2025-08-12 16:16:16,002 - DEBUG - Loaded and stored Omron data for key '00092_seg1' and '00092_seg7'
2025-08-12 16:16:16,002 - DEBUG - Loaded and stored Omron data for key '00093_seg1' and '00093_seg7'
2025-08-12 16:16:16,002 - DEBUG - Loaded and stored Omron data for key '00094_seg1' and '00094_seg7'
2025-08-12 16:16:16,002 - DEBUG - Loaded and stored Omron data for key '00095_seg1' and '00095_seg7'
2025-08-12 16:16:16,003 - DEBUG - Loaded and stored Omron data for key '00096_seg1' and '00096_seg7'
2025-08-12 16:16:16,003 - DEBUG - Loaded and stored Omron data for key '00097_seg1' and '00097_seg7'
2025-08-12 16:16:16,003 - DEBUG - Loaded and stored Omron data for key '00098_seg1' and '00098_seg7'
2025-08-12 16:16:16,003 - DEBUG - Loaded and stored Omron data for key '00099_seg1' and '00099_seg7'
2025-08-12 16:16:16,003 - DEBUG - Loaded and stored Omron data for key '00100_seg1' and '00100_seg7'
2025-08-12 16:16:16,003 - DEBUG - Loaded and stored Omron data for key '00101_seg1' and '00101_seg7'
2025-08-12 16:16:16,003 - DEBUG - Loaded and stored Omron data for key '00102_seg1' and '00102_seg7'
2025-08-12 16:16:16,003 - DEBUG - Loaded and stored Omron data for key '00103_seg1' and '00103_seg7'
2025-08-12 16:16:16,003 - DEBUG - Loaded and stored Omron data for key '00105_seg1' and '00105_seg7'
2025-08-12 16:16:16,003 - DEBUG - Loaded and stored Omron data for key '00106_seg1' and '00106_seg7'
2025-08-12 16:16:16,004 - DEBUG - Loaded and stored Omron data for key '00107_seg1' and '00107_seg7'
2025-08-12 16:16:16,004 - DEBUG - Loaded and stored Omron data for key '00108_seg1' and '00108_seg7'
2025-08-12 16:16:16,004 - DEBUG - Loaded and stored Omron data for key '00109_seg1' and '00109_seg7'
2025-08-12 16:16:16,004 - DEBUG - Loaded and stored Omron data for key '00110_seg1' and '00110_seg7'
2025-08-12 16:16:16,004 - DEBUG - Loaded and stored Omron data for key '00111_seg1' and '00111_seg7'
2025-08-12 16:16:16,004 - DEBUG - Loaded and stored Omron data for key '00112_seg1' and '00112_seg7'
2025-08-12 16:16:24,032 - DEBUG - Biopac BP values for seg1: SBP=132.0, DBP=71.1 (zeros excluded)
2025-08-12 16:16:24,320 - DEBUG - No shift for 00078, delta too large (-25.9 mmHg)
2025-08-12 16:16:26,723 - DEBUG - Saved calibrated BP data to: ./data/processed/moved/00078/seg1_bp.csv
2025-08-12 16:16:28,185 - DEBUG - Filtering: 66673 points, range before=(97046.0000, 104946.0000), after=(-2677.9576, 2265.5011)
2025-08-12 16:16:29,485 - DEBUG - Filtering: 66672 points, range before=(102208.0000, 116293.0000), after=(-3582.8333, 4071.3130)
2025-08-12 16:16:30,614 - DEBUG - Filtering: 66672 points, range before=(125959.0000, 131031.0000), after=(-1239.3510, 1597.5621)
2025-08-12 16:16:31,771 - DEBUG - Filtering: 66673 points, range before=(125157.0000, 147820.0000), after=(-3769.2880, 3082.6844)
2025-08-12 16:16:31,801 - DEBUG - Available sensors for seg1: ['sensor2', 'sensor3', 'sensor4', 'sensor5'] (4/4)
2025-08-12 16:16:35,731 - DEBUG - Loaded HR data: average 100.6 bpm
2025-08-12 16:16:35,874 - DEBUG - Using provided HR: 100.6 bpm, RR interval: 0.596s
2025-08-12 16:16:36,140 - DEBUG - Found 1006 BP valleys in 60001 samples (600.0s), HR: 101 bpm
2025-08-12 16:16:36,186 - DEBUG - Created 989 valley-based slices from 1006 valleys
2025-08-12 16:16:36,191 - DEBUG - Generated 989 valley-based slices from seg1
2025-08-12 16:16:36,192 - DEBUG - Processing 00078 - seg7
2025-08-12 16:16:37,621 - DEBUG - Loading Omron data from: /root/ppg2bp/data/omron.csv
2025-08-12 16:16:37,626 - DEBUG - Loaded and stored Omron data for key '00042_seg1' and '00042_seg7'
2025-08-12 16:16:37,627 - DEBUG - Loaded and stored Omron data for key '00043_seg1' and '00043_seg7'
2025-08-12 16:16:37,627 - DEBUG - Loaded and stored Omron data for key '00044_seg1' and '00044_seg7'
2025-08-12 16:16:37,627 - DEBUG - Loaded and stored Omron data for key '00016_seg1' and '00016_seg7'
2025-08-12 16:16:37,627 - DEBUG - Loaded and stored Omron data for key '00045_seg1' and '00045_seg7'
2025-08-12 16:16:37,627 - DEBUG - Loaded and stored Omron data for key '00047_seg1' and '00047_seg7'
2025-08-12 16:16:37,627 - DEBUG - Loaded and stored Omron data for key '00048_seg1' and '00048_seg7'
2025-08-12 16:16:37,627 - DEBUG - Loaded and stored Omron data for key '00049_seg1' and '00049_seg7'
2025-08-12 16:16:37,628 - DEBUG - Loaded and stored Omron data for key '00050_seg1' and '00050_seg7'
2025-08-12 16:16:37,628 - DEBUG - Loaded and stored Omron data for key '00051_seg1' and '00051_seg7'
2025-08-12 16:16:37,628 - DEBUG - Loaded and stored Omron data for key '00052_seg1' and '00052_seg7'
2025-08-12 16:16:37,628 - DEBUG - Loaded and stored Omron data for key '00003_seg1' and '00003_seg7'
2025-08-12 16:16:37,628 - DEBUG - Loaded and stored Omron data for key '00053_seg1' and '00053_seg7'
2025-08-12 16:16:37,628 - DEBUG - Loaded and stored Omron data for key '00054_seg1' and '00054_seg7'
2025-08-12 16:16:37,628 - DEBUG - Loaded and stored Omron data for key '00055_seg1' and '00055_seg7'
2025-08-12 16:16:37,628 - DEBUG - Loaded and stored Omron data for key '00056_seg1' and '00056_seg7'
2025-08-12 16:16:37,628 - DEBUG - Loaded and stored Omron data for key '00057_seg1' and '00057_seg7'
2025-08-12 16:16:37,628 - DEBUG - Loaded and stored Omron data for key '00058_seg1' and '00058_seg7'
2025-08-12 16:16:37,629 - DEBUG - Loaded and stored Omron data for key '00059_seg1' and '00059_seg7'
2025-08-12 16:16:37,629 - DEBUG - Loaded and stored Omron data for key '00060_seg1' and '00060_seg7'
2025-08-12 16:16:37,629 - DEBUG - Loaded and stored Omron data for key '00061_seg1' and '00061_seg7'
2025-08-12 16:16:37,629 - DEBUG - Loaded and stored Omron data for key '00062_seg1' and '00062_seg7'
2025-08-12 16:16:37,629 - DEBUG - Loaded and stored Omron data for key '00063_seg1' and '00063_seg7'
2025-08-12 16:16:37,629 - DEBUG - Loaded and stored Omron data for key '00064_seg1' and '00064_seg7'
2025-08-12 16:16:37,629 - DEBUG - Loaded and stored Omron data for key '00065_seg1' and '00065_seg7'
2025-08-12 16:16:37,629 - DEBUG - Loaded and stored Omron data for key '00066_seg1' and '00066_seg7'
2025-08-12 16:16:37,629 - DEBUG - Loaded and stored Omron data for key '00067_seg1' and '00067_seg7'
2025-08-12 16:16:37,629 - DEBUG - Loaded and stored Omron data for key '00068_seg1' and '00068_seg7'
2025-08-12 16:16:37,629 - DEBUG - Loaded and stored Omron data for key '00069_seg1' and '00069_seg7'
2025-08-12 16:16:37,630 - DEBUG - Loaded and stored Omron data for key '00070_seg1' and '00070_seg7'
2025-08-12 16:16:37,630 - DEBUG - Loaded and stored Omron data for key '00071_seg1' and '00071_seg7'
2025-08-12 16:16:37,630 - DEBUG - Loaded and stored Omron data for key '00072_seg1' and '00072_seg7'
2025-08-12 16:16:37,630 - DEBUG - Loaded and stored Omron data for key '00073_seg1' and '00073_seg7'
2025-08-12 16:16:37,630 - DEBUG - Loaded and stored Omron data for key '00074_seg1' and '00074_seg7'
2025-08-12 16:16:37,630 - DEBUG - Loaded and stored Omron data for key '00075_seg1' and '00075_seg7'
2025-08-12 16:16:37,630 - DEBUG - Loaded and stored Omron data for key '00076_seg1' and '00076_seg7'
2025-08-12 16:16:37,630 - DEBUG - Loaded and stored Omron data for key '00077_seg1' and '00077_seg7'
2025-08-12 16:16:37,630 - DEBUG - Loaded and stored Omron data for key '00078_seg1' and '00078_seg7'
2025-08-12 16:16:37,630 - DEBUG - Loaded and stored Omron data for key '00079_seg1' and '00079_seg7'
2025-08-12 16:16:37,630 - DEBUG - Loaded and stored Omron data for key '00080_seg1' and '00080_seg7'
2025-08-12 16:16:37,631 - DEBUG - Loaded and stored Omron data for key '00081_seg1' and '00081_seg7'
2025-08-12 16:16:37,631 - DEBUG - Loaded and stored Omron data for key '00082_seg1' and '00082_seg7'
2025-08-12 16:16:37,631 - DEBUG - Loaded and stored Omron data for key '00083_seg1' and '00083_seg7'
2025-08-12 16:16:37,631 - DEBUG - Loaded and stored Omron data for key '00084_seg1' and '00084_seg7'
2025-08-12 16:16:37,631 - DEBUG - Loaded and stored Omron data for key '00085_seg1' and '00085_seg7'
2025-08-12 16:16:37,631 - DEBUG - Loaded and stored Omron data for key '00086_seg1' and '00086_seg7'
2025-08-12 16:16:37,631 - DEBUG - Loaded and stored Omron data for key '00087_seg1' and '00087_seg7'
2025-08-12 16:16:37,631 - DEBUG - Loaded and stored Omron data for key '00088_seg1' and '00088_seg7'
2025-08-12 16:16:37,631 - DEBUG - Loaded and stored Omron data for key '00089_seg1' and '00089_seg7'
2025-08-12 16:16:37,631 - DEBUG - Loaded and stored Omron data for key '00090_seg1' and '00090_seg7'
2025-08-12 16:16:37,631 - DEBUG - Loaded and stored Omron data for key '00091_seg1' and '00091_seg7'
2025-08-12 16:16:37,632 - DEBUG - Loaded and stored Omron data for key '00092_seg1' and '00092_seg7'
2025-08-12 16:16:37,632 - DEBUG - Loaded and stored Omron data for key '00093_seg1' and '00093_seg7'
2025-08-12 16:16:37,632 - DEBUG - Loaded and stored Omron data for key '00094_seg1' and '00094_seg7'
2025-08-12 16:16:37,632 - DEBUG - Loaded and stored Omron data for key '00095_seg1' and '00095_seg7'
2025-08-12 16:16:37,632 - DEBUG - Loaded and stored Omron data for key '00096_seg1' and '00096_seg7'
2025-08-12 16:16:37,632 - DEBUG - Loaded and stored Omron data for key '00097_seg1' and '00097_seg7'
2025-08-12 16:16:37,632 - DEBUG - Loaded and stored Omron data for key '00098_seg1' and '00098_seg7'
2025-08-12 16:16:37,632 - DEBUG - Loaded and stored Omron data for key '00099_seg1' and '00099_seg7'
2025-08-12 16:16:37,632 - DEBUG - Loaded and stored Omron data for key '00100_seg1' and '00100_seg7'
2025-08-12 16:16:37,632 - DEBUG - Loaded and stored Omron data for key '00101_seg1' and '00101_seg7'
2025-08-12 16:16:37,632 - DEBUG - Loaded and stored Omron data for key '00102_seg1' and '00102_seg7'
2025-08-12 16:16:37,633 - DEBUG - Loaded and stored Omron data for key '00103_seg1' and '00103_seg7'
2025-08-12 16:16:37,633 - DEBUG - Loaded and stored Omron data for key '00105_seg1' and '00105_seg7'
2025-08-12 16:16:37,633 - DEBUG - Loaded and stored Omron data for key '00106_seg1' and '00106_seg7'
2025-08-12 16:16:37,633 - DEBUG - Loaded and stored Omron data for key '00107_seg1' and '00107_seg7'
2025-08-12 16:16:37,633 - DEBUG - Loaded and stored Omron data for key '00108_seg1' and '00108_seg7'
2025-08-12 16:16:37,633 - DEBUG - Loaded and stored Omron data for key '00109_seg1' and '00109_seg7'
2025-08-12 16:16:37,633 - DEBUG - Loaded and stored Omron data for key '00110_seg1' and '00110_seg7'
2025-08-12 16:16:37,633 - DEBUG - Loaded and stored Omron data for key '00111_seg1' and '00111_seg7'
2025-08-12 16:16:37,633 - DEBUG - Loaded and stored Omron data for key '00112_seg1' and '00112_seg7'
2025-08-12 16:16:45,741 - DEBUG - Biopac BP values for seg1: SBP=132.0, DBP=71.1 (zeros excluded)
2025-08-12 16:16:46,259 - DEBUG - No shift for 00078, delta too large (-25.9 mmHg)
2025-08-12 16:16:47,006 - DEBUG - Saved calibrated BP data to: ./data/processed/moved/00078/seg7_bp.csv
2025-08-12 16:16:47,158 - DEBUG - Filtering: 385 points, range before=(105520.0000, 107086.0000), after=(-375.0733, 361.5220)
2025-08-12 16:16:47,165 - DEBUG - Filtering: 386 points, range before=(90766.0000, 92723.0000), after=(-375.8950, 575.7101)
2025-08-12 16:16:47,169 - DEBUG - Filtering: 383 points, range before=(119702.0000, 120223.0000), after=(-116.6030, 119.7488)
2025-08-12 16:16:47,173 - DEBUG - Filtering: 385 points, range before=(143312.0000, 145074.0000), after=(-239.4815, 294.5413)
2025-08-12 16:16:47,173 - DEBUG - Available sensors for seg7: ['sensor2', 'sensor3', 'sensor4', 'sensor5'] (4/4)
2025-08-12 16:16:47,173 - DEBUG - Warning: Insufficient data length (491) for seg7
2025-08-12 16:16:47,173 - DEBUG - No data processed for seg7
2025-08-12 16:16:47,174 - DEBUG - Loading Omron data from: /root/ppg2bp/data/omron.csv
2025-08-12 16:16:47,176 - DEBUG - Loaded and stored Omron data for key '00042_seg1' and '00042_seg7'
2025-08-12 16:16:47,176 - DEBUG - Loaded and stored Omron data for key '00043_seg1' and '00043_seg7'
2025-08-12 16:16:47,176 - DEBUG - Loaded and stored Omron data for key '00044_seg1' and '00044_seg7'
2025-08-12 16:16:47,176 - DEBUG - Loaded and stored Omron data for key '00016_seg1' and '00016_seg7'
2025-08-12 16:16:47,176 - DEBUG - Loaded and stored Omron data for key '00045_seg1' and '00045_seg7'
2025-08-12 16:16:47,176 - DEBUG - Loaded and stored Omron data for key '00047_seg1' and '00047_seg7'
2025-08-12 16:16:47,177 - DEBUG - Loaded and stored Omron data for key '00048_seg1' and '00048_seg7'
2025-08-12 16:16:47,177 - DEBUG - Loaded and stored Omron data for key '00049_seg1' and '00049_seg7'
2025-08-12 16:16:47,177 - DEBUG - Loaded and stored Omron data for key '00050_seg1' and '00050_seg7'
2025-08-12 16:16:47,177 - DEBUG - Loaded and stored Omron data for key '00051_seg1' and '00051_seg7'
2025-08-12 16:16:47,177 - DEBUG - Loaded and stored Omron data for key '00052_seg1' and '00052_seg7'
2025-08-12 16:16:47,177 - DEBUG - Loaded and stored Omron data for key '00003_seg1' and '00003_seg7'
2025-08-12 16:16:47,177 - DEBUG - Loaded and stored Omron data for key '00053_seg1' and '00053_seg7'
2025-08-12 16:16:47,177 - DEBUG - Loaded and stored Omron data for key '00054_seg1' and '00054_seg7'
2025-08-12 16:16:47,177 - DEBUG - Loaded and stored Omron data for key '00055_seg1' and '00055_seg7'
2025-08-12 16:16:47,178 - DEBUG - Loaded and stored Omron data for key '00056_seg1' and '00056_seg7'
2025-08-12 16:16:47,178 - DEBUG - Loaded and stored Omron data for key '00057_seg1' and '00057_seg7'
2025-08-12 16:16:47,178 - DEBUG - Loaded and stored Omron data for key '00058_seg1' and '00058_seg7'
2025-08-12 16:16:47,178 - DEBUG - Loaded and stored Omron data for key '00059_seg1' and '00059_seg7'
2025-08-12 16:16:47,178 - DEBUG - Loaded and stored Omron data for key '00060_seg1' and '00060_seg7'
2025-08-12 16:16:47,178 - DEBUG - Loaded and stored Omron data for key '00061_seg1' and '00061_seg7'
2025-08-12 16:16:47,178 - DEBUG - Loaded and stored Omron data for key '00062_seg1' and '00062_seg7'
2025-08-12 16:16:47,178 - DEBUG - Loaded and stored Omron data for key '00063_seg1' and '00063_seg7'
2025-08-12 16:16:47,178 - DEBUG - Loaded and stored Omron data for key '00064_seg1' and '00064_seg7'
2025-08-12 16:16:47,179 - DEBUG - Loaded and stored Omron data for key '00065_seg1' and '00065_seg7'
2025-08-12 16:16:47,179 - DEBUG - Loaded and stored Omron data for key '00066_seg1' and '00066_seg7'
2025-08-12 16:16:47,179 - DEBUG - Loaded and stored Omron data for key '00067_seg1' and '00067_seg7'
2025-08-12 16:16:47,179 - DEBUG - Loaded and stored Omron data for key '00068_seg1' and '00068_seg7'
2025-08-12 16:16:47,179 - DEBUG - Loaded and stored Omron data for key '00069_seg1' and '00069_seg7'
2025-08-12 16:16:47,179 - DEBUG - Loaded and stored Omron data for key '00070_seg1' and '00070_seg7'
2025-08-12 16:16:47,179 - DEBUG - Loaded and stored Omron data for key '00071_seg1' and '00071_seg7'
2025-08-12 16:16:47,179 - DEBUG - Loaded and stored Omron data for key '00072_seg1' and '00072_seg7'
2025-08-12 16:16:47,179 - DEBUG - Loaded and stored Omron data for key '00073_seg1' and '00073_seg7'
2025-08-12 16:16:47,180 - DEBUG - Loaded and stored Omron data for key '00074_seg1' and '00074_seg7'
2025-08-12 16:16:47,180 - DEBUG - Loaded and stored Omron data for key '00075_seg1' and '00075_seg7'
2025-08-12 16:16:47,180 - DEBUG - Loaded and stored Omron data for key '00076_seg1' and '00076_seg7'
2025-08-12 16:16:47,180 - DEBUG - Loaded and stored Omron data for key '00077_seg1' and '00077_seg7'
2025-08-12 16:16:47,180 - DEBUG - Loaded and stored Omron data for key '00078_seg1' and '00078_seg7'
2025-08-12 16:16:47,180 - DEBUG - Loaded and stored Omron data for key '00079_seg1' and '00079_seg7'
2025-08-12 16:16:47,180 - DEBUG - Loaded and stored Omron data for key '00080_seg1' and '00080_seg7'
2025-08-12 16:16:47,180 - DEBUG - Loaded and stored Omron data for key '00081_seg1' and '00081_seg7'
2025-08-12 16:16:47,180 - DEBUG - Loaded and stored Omron data for key '00082_seg1' and '00082_seg7'
2025-08-12 16:16:47,181 - DEBUG - Loaded and stored Omron data for key '00083_seg1' and '00083_seg7'
2025-08-12 16:16:47,181 - DEBUG - Loaded and stored Omron data for key '00084_seg1' and '00084_seg7'
2025-08-12 16:16:47,181 - DEBUG - Loaded and stored Omron data for key '00085_seg1' and '00085_seg7'
2025-08-12 16:16:47,181 - DEBUG - Loaded and stored Omron data for key '00086_seg1' and '00086_seg7'
2025-08-12 16:16:47,181 - DEBUG - Loaded and stored Omron data for key '00087_seg1' and '00087_seg7'
2025-08-12 16:16:47,181 - DEBUG - Loaded and stored Omron data for key '00088_seg1' and '00088_seg7'
2025-08-12 16:16:47,181 - DEBUG - Loaded and stored Omron data for key '00089_seg1' and '00089_seg7'
2025-08-12 16:16:47,181 - DEBUG - Loaded and stored Omron data for key '00090_seg1' and '00090_seg7'
2025-08-12 16:16:47,181 - DEBUG - Loaded and stored Omron data for key '00091_seg1' and '00091_seg7'
2025-08-12 16:16:47,182 - DEBUG - Loaded and stored Omron data for key '00092_seg1' and '00092_seg7'
2025-08-12 16:16:47,182 - DEBUG - Loaded and stored Omron data for key '00093_seg1' and '00093_seg7'
2025-08-12 16:16:47,182 - DEBUG - Loaded and stored Omron data for key '00094_seg1' and '00094_seg7'
2025-08-12 16:16:47,182 - DEBUG - Loaded and stored Omron data for key '00095_seg1' and '00095_seg7'
2025-08-12 16:16:47,182 - DEBUG - Loaded and stored Omron data for key '00096_seg1' and '00096_seg7'
2025-08-12 16:16:47,182 - DEBUG - Loaded and stored Omron data for key '00097_seg1' and '00097_seg7'
2025-08-12 16:16:47,182 - DEBUG - Loaded and stored Omron data for key '00098_seg1' and '00098_seg7'
2025-08-12 16:16:47,182 - DEBUG - Loaded and stored Omron data for key '00099_seg1' and '00099_seg7'
2025-08-12 16:16:47,182 - DEBUG - Loaded and stored Omron data for key '00100_seg1' and '00100_seg7'
2025-08-12 16:16:47,182 - DEBUG - Loaded and stored Omron data for key '00101_seg1' and '00101_seg7'
2025-08-12 16:16:47,182 - DEBUG - Loaded and stored Omron data for key '00102_seg1' and '00102_seg7'
2025-08-12 16:16:47,183 - DEBUG - Loaded and stored Omron data for key '00103_seg1' and '00103_seg7'
2025-08-12 16:16:47,183 - DEBUG - Loaded and stored Omron data for key '00105_seg1' and '00105_seg7'
2025-08-12 16:16:47,183 - DEBUG - Loaded and stored Omron data for key '00106_seg1' and '00106_seg7'
2025-08-12 16:16:47,183 - DEBUG - Loaded and stored Omron data for key '00107_seg1' and '00107_seg7'
2025-08-12 16:16:47,183 - DEBUG - Loaded and stored Omron data for key '00108_seg1' and '00108_seg7'
2025-08-12 16:16:47,183 - DEBUG - Loaded and stored Omron data for key '00109_seg1' and '00109_seg7'
2025-08-12 16:16:47,183 - DEBUG - Loaded and stored Omron data for key '00110_seg1' and '00110_seg7'
2025-08-12 16:16:47,183 - DEBUG - Loaded and stored Omron data for key '00111_seg1' and '00111_seg7'
2025-08-12 16:16:47,183 - DEBUG - Loaded and stored Omron data for key '00112_seg1' and '00112_seg7'
2025-08-12 16:16:57,167 - DEBUG - Biopac BP values for seg1: SBP=109.0, DBP=69.6 (zeros excluded)
2025-08-12 16:16:57,492 - DEBUG - Calculated shift amount for 00079: -1.3 mmHg
2025-08-12 16:16:57,494 - DEBUG - Processing 00079 - seg1
2025-08-12 16:17:03,672 - DEBUG - Saved calibrated BP data to: ./data/processed/moved/00079/seg1_bp.csv
2025-08-12 16:17:04,865 - DEBUG - Filtering: 66670 points, range before=(97094.0000, 99266.0000), after=(-422.0837, 220.6798)
2025-08-12 16:17:05,957 - DEBUG - Filtering: 66669 points, range before=(104512.0000, 108678.0000), after=(-976.9414, 764.3390)
2025-08-12 16:17:07,109 - DEBUG - Filtering: 66669 points, range before=(97256.0000, 110126.0000), after=(-3696.7832, 4040.9453)
2025-08-12 16:17:08,126 - DEBUG - Filtering: 66669 points, range before=(76409.0000, 80360.0000), after=(-264.2577, 219.6358)
2025-08-12 16:17:08,141 - DEBUG - Available sensors for seg1: ['sensor2', 'sensor3', 'sensor4', 'sensor5'] (4/4)
2025-08-12 16:17:11,660 - DEBUG - Loaded HR data: average 68.2 bpm
2025-08-12 16:17:11,817 - DEBUG - Using provided HR: 68.2 bpm, RR interval: 0.879s
2025-08-12 16:17:12,004 - DEBUG - Found 665 BP valleys in 59999 samples (600.0s), HR: 68 bpm
2025-08-12 16:17:12,016 - DEBUG - Created 654 valley-based slices from 665 valleys
2025-08-12 16:17:12,017 - DEBUG - Generated 654 valley-based slices from seg1
2025-08-12 16:17:12,017 - DEBUG - Processing 00079 - seg7
2025-08-12 16:17:17,648 - DEBUG - Saved calibrated BP data to: ./data/processed/moved/00079/seg7_bp.csv
2025-08-12 16:17:18,247 - DEBUG - Filtering: 33336 points, range before=(96530.0000, 105972.0000), after=(-567.7842, 449.9644)
2025-08-12 16:17:18,779 - DEBUG - Filtering: 33335 points, range before=(91362.0000, 109400.0000), after=(-7900.9309, 7817.5868)
2025-08-12 16:17:19,264 - DEBUG - Filtering: 33334 points, range before=(99710.0000, 107962.0000), after=(-902.7657, 1037.6065)
2025-08-12 16:17:19,774 - DEBUG - Filtering: 33335 points, range before=(91478.0000, 96347.0000), after=(-877.2570, 588.6499)
2025-08-12 16:17:19,789 - DEBUG - Available sensors for seg7: ['sensor2', 'sensor3', 'sensor4', 'sensor5'] (4/4)
2025-08-12 16:17:20,819 - DEBUG - Loaded HR data: average 73.1 bpm
2025-08-12 16:17:20,842 - DEBUG - Using provided HR: 73.1 bpm, RR interval: 0.820s
2025-08-12 16:17:20,923 - DEBUG - Found 0 BP valleys in 29998 samples (300.0s), HR: 73 bpm
2025-08-12 16:17:20,925 - DEBUG - Warning: Insufficient BP valleys found, using original slicing method
2025-08-12 16:17:20,934 - DEBUG - Generated 289 valley-based slices from seg7
2025-08-12 16:17:20,935 - DEBUG - Loading Omron data from: /root/ppg2bp/data/omron.csv
2025-08-12 16:17:20,941 - DEBUG - Loaded and stored Omron data for key '00042_seg1' and '00042_seg7'
2025-08-12 16:17:20,942 - DEBUG - Loaded and stored Omron data for key '00043_seg1' and '00043_seg7'
2025-08-12 16:17:20,942 - DEBUG - Loaded and stored Omron data for key '00044_seg1' and '00044_seg7'
2025-08-12 16:17:20,942 - DEBUG - Loaded and stored Omron data for key '00016_seg1' and '00016_seg7'
2025-08-12 16:17:20,942 - DEBUG - Loaded and stored Omron data for key '00045_seg1' and '00045_seg7'
2025-08-12 16:17:20,942 - DEBUG - Loaded and stored Omron data for key '00047_seg1' and '00047_seg7'
2025-08-12 16:17:20,942 - DEBUG - Loaded and stored Omron data for key '00048_seg1' and '00048_seg7'
2025-08-12 16:17:20,943 - DEBUG - Loaded and stored Omron data for key '00049_seg1' and '00049_seg7'
2025-08-12 16:17:20,943 - DEBUG - Loaded and stored Omron data for key '00050_seg1' and '00050_seg7'
2025-08-12 16:17:20,943 - DEBUG - Loaded and stored Omron data for key '00051_seg1' and '00051_seg7'
2025-08-12 16:17:20,943 - DEBUG - Loaded and stored Omron data for key '00052_seg1' and '00052_seg7'
2025-08-12 16:17:20,943 - DEBUG - Loaded and stored Omron data for key '00003_seg1' and '00003_seg7'
2025-08-12 16:17:20,943 - DEBUG - Loaded and stored Omron data for key '00053_seg1' and '00053_seg7'
2025-08-12 16:17:20,943 - DEBUG - Loaded and stored Omron data for key '00054_seg1' and '00054_seg7'
2025-08-12 16:17:20,943 - DEBUG - Loaded and stored Omron data for key '00055_seg1' and '00055_seg7'
2025-08-12 16:17:20,943 - DEBUG - Loaded and stored Omron data for key '00056_seg1' and '00056_seg7'
2025-08-12 16:17:20,944 - DEBUG - Loaded and stored Omron data for key '00057_seg1' and '00057_seg7'
2025-08-12 16:17:20,944 - DEBUG - Loaded and stored Omron data for key '00058_seg1' and '00058_seg7'
2025-08-12 16:17:20,944 - DEBUG - Loaded and stored Omron data for key '00059_seg1' and '00059_seg7'
2025-08-12 16:17:20,944 - DEBUG - Loaded and stored Omron data for key '00060_seg1' and '00060_seg7'
2025-08-12 16:17:20,944 - DEBUG - Loaded and stored Omron data for key '00061_seg1' and '00061_seg7'
2025-08-12 16:17:20,944 - DEBUG - Loaded and stored Omron data for key '00062_seg1' and '00062_seg7'
2025-08-12 16:17:20,944 - DEBUG - Loaded and stored Omron data for key '00063_seg1' and '00063_seg7'
2025-08-12 16:17:20,944 - DEBUG - Loaded and stored Omron data for key '00064_seg1' and '00064_seg7'
2025-08-12 16:17:20,945 - DEBUG - Loaded and stored Omron data for key '00065_seg1' and '00065_seg7'
2025-08-12 16:17:20,945 - DEBUG - Loaded and stored Omron data for key '00066_seg1' and '00066_seg7'
2025-08-12 16:17:20,945 - DEBUG - Loaded and stored Omron data for key '00067_seg1' and '00067_seg7'
2025-08-12 16:17:20,945 - DEBUG - Loaded and stored Omron data for key '00068_seg1' and '00068_seg7'
2025-08-12 16:17:20,945 - DEBUG - Loaded and stored Omron data for key '00069_seg1' and '00069_seg7'
2025-08-12 16:17:20,945 - DEBUG - Loaded and stored Omron data for key '00070_seg1' and '00070_seg7'
2025-08-12 16:17:20,946 - DEBUG - Loaded and stored Omron data for key '00071_seg1' and '00071_seg7'
2025-08-12 16:17:20,946 - DEBUG - Loaded and stored Omron data for key '00072_seg1' and '00072_seg7'
2025-08-12 16:17:20,946 - DEBUG - Loaded and stored Omron data for key '00073_seg1' and '00073_seg7'
2025-08-12 16:17:20,946 - DEBUG - Loaded and stored Omron data for key '00074_seg1' and '00074_seg7'
2025-08-12 16:17:20,946 - DEBUG - Loaded and stored Omron data for key '00075_seg1' and '00075_seg7'
2025-08-12 16:17:20,946 - DEBUG - Loaded and stored Omron data for key '00076_seg1' and '00076_seg7'
2025-08-12 16:17:20,947 - DEBUG - Loaded and stored Omron data for key '00077_seg1' and '00077_seg7'
2025-08-12 16:17:20,947 - DEBUG - Loaded and stored Omron data for key '00078_seg1' and '00078_seg7'
2025-08-12 16:17:20,947 - DEBUG - Loaded and stored Omron data for key '00079_seg1' and '00079_seg7'
2025-08-12 16:17:20,947 - DEBUG - Loaded and stored Omron data for key '00080_seg1' and '00080_seg7'
2025-08-12 16:17:20,947 - DEBUG - Loaded and stored Omron data for key '00081_seg1' and '00081_seg7'
2025-08-12 16:17:20,947 - DEBUG - Loaded and stored Omron data for key '00082_seg1' and '00082_seg7'
2025-08-12 16:17:20,947 - DEBUG - Loaded and stored Omron data for key '00083_seg1' and '00083_seg7'
2025-08-12 16:17:20,947 - DEBUG - Loaded and stored Omron data for key '00084_seg1' and '00084_seg7'
2025-08-12 16:17:20,947 - DEBUG - Loaded and stored Omron data for key '00085_seg1' and '00085_seg7'
2025-08-12 16:17:20,948 - DEBUG - Loaded and stored Omron data for key '00086_seg1' and '00086_seg7'
2025-08-12 16:17:20,948 - DEBUG - Loaded and stored Omron data for key '00087_seg1' and '00087_seg7'
2025-08-12 16:17:20,948 - DEBUG - Loaded and stored Omron data for key '00088_seg1' and '00088_seg7'
2025-08-12 16:17:20,948 - DEBUG - Loaded and stored Omron data for key '00089_seg1' and '00089_seg7'
2025-08-12 16:17:20,948 - DEBUG - Loaded and stored Omron data for key '00090_seg1' and '00090_seg7'
2025-08-12 16:17:20,948 - DEBUG - Loaded and stored Omron data for key '00091_seg1' and '00091_seg7'
2025-08-12 16:17:20,948 - DEBUG - Loaded and stored Omron data for key '00092_seg1' and '00092_seg7'
2025-08-12 16:17:20,948 - DEBUG - Loaded and stored Omron data for key '00093_seg1' and '00093_seg7'
2025-08-12 16:17:20,948 - DEBUG - Loaded and stored Omron data for key '00094_seg1' and '00094_seg7'
2025-08-12 16:17:20,949 - DEBUG - Loaded and stored Omron data for key '00095_seg1' and '00095_seg7'
2025-08-12 16:17:20,949 - DEBUG - Loaded and stored Omron data for key '00096_seg1' and '00096_seg7'
2025-08-12 16:17:20,949 - DEBUG - Loaded and stored Omron data for key '00097_seg1' and '00097_seg7'
2025-08-12 16:17:20,949 - DEBUG - Loaded and stored Omron data for key '00098_seg1' and '00098_seg7'
2025-08-12 16:17:20,949 - DEBUG - Loaded and stored Omron data for key '00099_seg1' and '00099_seg7'
2025-08-12 16:17:20,949 - DEBUG - Loaded and stored Omron data for key '00100_seg1' and '00100_seg7'
2025-08-12 16:17:20,949 - DEBUG - Loaded and stored Omron data for key '00101_seg1' and '00101_seg7'
2025-08-12 16:17:20,949 - DEBUG - Loaded and stored Omron data for key '00102_seg1' and '00102_seg7'
2025-08-12 16:17:20,949 - DEBUG - Loaded and stored Omron data for key '00103_seg1' and '00103_seg7'
2025-08-12 16:17:20,950 - DEBUG - Loaded and stored Omron data for key '00105_seg1' and '00105_seg7'
2025-08-12 16:17:20,950 - DEBUG - Loaded and stored Omron data for key '00106_seg1' and '00106_seg7'
2025-08-12 16:17:20,950 - DEBUG - Loaded and stored Omron data for key '00107_seg1' and '00107_seg7'
2025-08-12 16:17:20,950 - DEBUG - Loaded and stored Omron data for key '00108_seg1' and '00108_seg7'
2025-08-12 16:17:20,950 - DEBUG - Loaded and stored Omron data for key '00109_seg1' and '00109_seg7'
2025-08-12 16:17:20,950 - DEBUG - Loaded and stored Omron data for key '00110_seg1' and '00110_seg7'
2025-08-12 16:17:20,950 - DEBUG - Loaded and stored Omron data for key '00111_seg1' and '00111_seg7'
2025-08-12 16:17:20,950 - DEBUG - Loaded and stored Omron data for key '00112_seg1' and '00112_seg7'
2025-08-12 16:17:20,951 - DEBUG - Systolic BP file not found: ./data/raw/00080/seg1_systolic_bp.csv
2025-08-12 16:17:20,951 - DEBUG - Diastolic BP file not found: ./data/raw/00080/seg1_diastolic_bp.csv
2025-08-12 16:17:20,951 - DEBUG - No Biopac SBP/DBP data for 00080 seg1
2025-08-12 16:17:20,951 - DEBUG - Processing 00080 - seg1
2025-08-12 16:17:20,951 - DEBUG - No data processed for seg1
2025-08-12 16:17:20,951 - DEBUG - Processing 00080 - seg7
2025-08-12 16:17:23,441 - DEBUG - Loading Omron data from: /root/ppg2bp/data/omron.csv
2025-08-12 16:17:23,446 - DEBUG - Loaded and stored Omron data for key '00042_seg1' and '00042_seg7'
2025-08-12 16:17:23,447 - DEBUG - Loaded and stored Omron data for key '00043_seg1' and '00043_seg7'
2025-08-12 16:17:23,447 - DEBUG - Loaded and stored Omron data for key '00044_seg1' and '00044_seg7'
2025-08-12 16:17:23,447 - DEBUG - Loaded and stored Omron data for key '00016_seg1' and '00016_seg7'
2025-08-12 16:17:23,447 - DEBUG - Loaded and stored Omron data for key '00045_seg1' and '00045_seg7'
2025-08-12 16:17:23,447 - DEBUG - Loaded and stored Omron data for key '00047_seg1' and '00047_seg7'
2025-08-12 16:17:23,447 - DEBUG - Loaded and stored Omron data for key '00048_seg1' and '00048_seg7'
2025-08-12 16:17:23,447 - DEBUG - Loaded and stored Omron data for key '00049_seg1' and '00049_seg7'
2025-08-12 16:17:23,448 - DEBUG - Loaded and stored Omron data for key '00050_seg1' and '00050_seg7'
2025-08-12 16:17:23,448 - DEBUG - Loaded and stored Omron data for key '00051_seg1' and '00051_seg7'
2025-08-12 16:17:23,448 - DEBUG - Loaded and stored Omron data for key '00052_seg1' and '00052_seg7'
2025-08-12 16:17:23,448 - DEBUG - Loaded and stored Omron data for key '00003_seg1' and '00003_seg7'
2025-08-12 16:17:23,448 - DEBUG - Loaded and stored Omron data for key '00053_seg1' and '00053_seg7'
2025-08-12 16:17:23,448 - DEBUG - Loaded and stored Omron data for key '00054_seg1' and '00054_seg7'
2025-08-12 16:17:23,449 - DEBUG - Loaded and stored Omron data for key '00055_seg1' and '00055_seg7'
2025-08-12 16:17:23,449 - DEBUG - Loaded and stored Omron data for key '00056_seg1' and '00056_seg7'
2025-08-12 16:17:23,449 - DEBUG - Loaded and stored Omron data for key '00057_seg1' and '00057_seg7'
2025-08-12 16:17:23,449 - DEBUG - Loaded and stored Omron data for key '00058_seg1' and '00058_seg7'
2025-08-12 16:17:23,449 - DEBUG - Loaded and stored Omron data for key '00059_seg1' and '00059_seg7'
2025-08-12 16:17:23,449 - DEBUG - Loaded and stored Omron data for key '00060_seg1' and '00060_seg7'
2025-08-12 16:17:23,449 - DEBUG - Loaded and stored Omron data for key '00061_seg1' and '00061_seg7'
2025-08-12 16:17:23,450 - DEBUG - Loaded and stored Omron data for key '00062_seg1' and '00062_seg7'
2025-08-12 16:17:23,450 - DEBUG - Loaded and stored Omron data for key '00063_seg1' and '00063_seg7'
2025-08-12 16:17:23,450 - DEBUG - Loaded and stored Omron data for key '00064_seg1' and '00064_seg7'
2025-08-12 16:17:23,450 - DEBUG - Loaded and stored Omron data for key '00065_seg1' and '00065_seg7'
2025-08-12 16:17:23,450 - DEBUG - Loaded and stored Omron data for key '00066_seg1' and '00066_seg7'
2025-08-12 16:17:23,450 - DEBUG - Loaded and stored Omron data for key '00067_seg1' and '00067_seg7'
2025-08-12 16:17:23,450 - DEBUG - Loaded and stored Omron data for key '00068_seg1' and '00068_seg7'
2025-08-12 16:17:23,451 - DEBUG - Loaded and stored Omron data for key '00069_seg1' and '00069_seg7'
2025-08-12 16:17:23,451 - DEBUG - Loaded and stored Omron data for key '00070_seg1' and '00070_seg7'
2025-08-12 16:17:23,451 - DEBUG - Loaded and stored Omron data for key '00071_seg1' and '00071_seg7'
2025-08-12 16:17:23,451 - DEBUG - Loaded and stored Omron data for key '00072_seg1' and '00072_seg7'
2025-08-12 16:17:23,451 - DEBUG - Loaded and stored Omron data for key '00073_seg1' and '00073_seg7'
2025-08-12 16:17:23,451 - DEBUG - Loaded and stored Omron data for key '00074_seg1' and '00074_seg7'
2025-08-12 16:17:23,451 - DEBUG - Loaded and stored Omron data for key '00075_seg1' and '00075_seg7'
2025-08-12 16:17:23,451 - DEBUG - Loaded and stored Omron data for key '00076_seg1' and '00076_seg7'
2025-08-12 16:17:23,452 - DEBUG - Loaded and stored Omron data for key '00077_seg1' and '00077_seg7'
2025-08-12 16:17:23,452 - DEBUG - Loaded and stored Omron data for key '00078_seg1' and '00078_seg7'
2025-08-12 16:17:23,452 - DEBUG - Loaded and stored Omron data for key '00079_seg1' and '00079_seg7'
2025-08-12 16:17:23,452 - DEBUG - Loaded and stored Omron data for key '00080_seg1' and '00080_seg7'
2025-08-12 16:17:23,452 - DEBUG - Loaded and stored Omron data for key '00081_seg1' and '00081_seg7'
2025-08-12 16:17:23,452 - DEBUG - Loaded and stored Omron data for key '00082_seg1' and '00082_seg7'
2025-08-12 16:17:23,452 - DEBUG - Loaded and stored Omron data for key '00083_seg1' and '00083_seg7'
2025-08-12 16:17:23,453 - DEBUG - Loaded and stored Omron data for key '00084_seg1' and '00084_seg7'
2025-08-12 16:17:23,453 - DEBUG - Loaded and stored Omron data for key '00085_seg1' and '00085_seg7'
2025-08-12 16:17:23,453 - DEBUG - Loaded and stored Omron data for key '00086_seg1' and '00086_seg7'
2025-08-12 16:17:23,453 - DEBUG - Loaded and stored Omron data for key '00087_seg1' and '00087_seg7'
2025-08-12 16:17:23,453 - DEBUG - Loaded and stored Omron data for key '00088_seg1' and '00088_seg7'
2025-08-12 16:17:23,453 - DEBUG - Loaded and stored Omron data for key '00089_seg1' and '00089_seg7'
2025-08-12 16:17:23,453 - DEBUG - Loaded and stored Omron data for key '00090_seg1' and '00090_seg7'
2025-08-12 16:17:23,454 - DEBUG - Loaded and stored Omron data for key '00091_seg1' and '00091_seg7'
2025-08-12 16:17:23,454 - DEBUG - Loaded and stored Omron data for key '00092_seg1' and '00092_seg7'
2025-08-12 16:17:23,454 - DEBUG - Loaded and stored Omron data for key '00093_seg1' and '00093_seg7'
2025-08-12 16:17:23,454 - DEBUG - Loaded and stored Omron data for key '00094_seg1' and '00094_seg7'
2025-08-12 16:17:23,454 - DEBUG - Loaded and stored Omron data for key '00095_seg1' and '00095_seg7'
2025-08-12 16:17:23,454 - DEBUG - Loaded and stored Omron data for key '00096_seg1' and '00096_seg7'
2025-08-12 16:17:23,454 - DEBUG - Loaded and stored Omron data for key '00097_seg1' and '00097_seg7'
2025-08-12 16:17:23,454 - DEBUG - Loaded and stored Omron data for key '00098_seg1' and '00098_seg7'
2025-08-12 16:17:23,455 - DEBUG - Loaded and stored Omron data for key '00099_seg1' and '00099_seg7'
2025-08-12 16:17:23,455 - DEBUG - Loaded and stored Omron data for key '00100_seg1' and '00100_seg7'
2025-08-12 16:17:23,455 - DEBUG - Loaded and stored Omron data for key '00101_seg1' and '00101_seg7'
2025-08-12 16:17:23,455 - DEBUG - Loaded and stored Omron data for key '00102_seg1' and '00102_seg7'
2025-08-12 16:17:23,455 - DEBUG - Loaded and stored Omron data for key '00103_seg1' and '00103_seg7'
2025-08-12 16:17:23,455 - DEBUG - Loaded and stored Omron data for key '00105_seg1' and '00105_seg7'
2025-08-12 16:17:23,455 - DEBUG - Loaded and stored Omron data for key '00106_seg1' and '00106_seg7'
2025-08-12 16:17:23,455 - DEBUG - Loaded and stored Omron data for key '00107_seg1' and '00107_seg7'
2025-08-12 16:17:23,456 - DEBUG - Loaded and stored Omron data for key '00108_seg1' and '00108_seg7'
2025-08-12 16:17:23,456 - DEBUG - Loaded and stored Omron data for key '00109_seg1' and '00109_seg7'
2025-08-12 16:17:23,456 - DEBUG - Loaded and stored Omron data for key '00110_seg1' and '00110_seg7'
2025-08-12 16:17:23,456 - DEBUG - Loaded and stored Omron data for key '00111_seg1' and '00111_seg7'
2025-08-12 16:17:23,456 - DEBUG - Loaded and stored Omron data for key '00112_seg1' and '00112_seg7'
2025-08-12 16:17:23,456 - DEBUG - Systolic BP file not found: ./data/raw/00080/seg1_systolic_bp.csv
2025-08-12 16:17:23,456 - DEBUG - Diastolic BP file not found: ./data/raw/00080/seg1_diastolic_bp.csv
2025-08-12 16:17:23,456 - DEBUG - No Biopac SBP/DBP data for 00080 seg1
2025-08-12 16:17:24,435 - DEBUG - Saved calibrated BP data to: ./data/processed/moved/00080/seg7_bp.csv
2025-08-12 16:17:24,820 - DEBUG - Filtering: 33337 points, range before=(83323.0000, 94504.0000), after=(-2621.2307, 1372.5614)
2025-08-12 16:17:25,040 - DEBUG - Filtering: 33337 points, range before=(104039.0000, 118831.0000), after=(-1312.9013, 1463.2152)
2025-08-12 16:17:25,367 - DEBUG - Filtering: 33337 points, range before=(101395.0000, 111434.0000), after=(-1541.2089, 1445.5514)
2025-08-12 16:17:25,594 - DEBUG - Filtering: 33338 points, range before=(66131.0000, 85760.0000), after=(-3229.5926, 4125.9684)
2025-08-12 16:17:25,606 - DEBUG - Available sensors for seg7: ['sensor2', 'sensor3', 'sensor4', 'sensor5'] (4/4)
2025-08-12 16:17:27,161 - DEBUG - Loaded HR data: average 73.9 bpm
2025-08-12 16:17:27,247 - DEBUG - Using provided HR: 73.9 bpm, RR interval: 0.812s
2025-08-12 16:17:27,299 - DEBUG - Found 367 BP valleys in 30001 samples (300.0s), HR: 74 bpm
2025-08-12 16:17:27,308 - DEBUG - Created 355 valley-based slices from 367 valleys
2025-08-12 16:17:27,312 - DEBUG - Generated 355 valley-based slices from seg7
2025-08-12 16:17:27,313 - DEBUG - Loading Omron data from: /root/ppg2bp/data/omron.csv
2025-08-12 16:17:27,319 - DEBUG - Loaded and stored Omron data for key '00042_seg1' and '00042_seg7'
2025-08-12 16:17:27,319 - DEBUG - Loaded and stored Omron data for key '00043_seg1' and '00043_seg7'
2025-08-12 16:17:27,320 - DEBUG - Loaded and stored Omron data for key '00044_seg1' and '00044_seg7'
2025-08-12 16:17:27,320 - DEBUG - Loaded and stored Omron data for key '00016_seg1' and '00016_seg7'
2025-08-12 16:17:27,320 - DEBUG - Loaded and stored Omron data for key '00045_seg1' and '00045_seg7'
2025-08-12 16:17:27,320 - DEBUG - Loaded and stored Omron data for key '00047_seg1' and '00047_seg7'
2025-08-12 16:17:27,320 - DEBUG - Loaded and stored Omron data for key '00048_seg1' and '00048_seg7'
2025-08-12 16:17:27,320 - DEBUG - Loaded and stored Omron data for key '00049_seg1' and '00049_seg7'
2025-08-12 16:17:27,320 - DEBUG - Loaded and stored Omron data for key '00050_seg1' and '00050_seg7'
2025-08-12 16:17:27,321 - DEBUG - Loaded and stored Omron data for key '00051_seg1' and '00051_seg7'
2025-08-12 16:17:27,321 - DEBUG - Loaded and stored Omron data for key '00052_seg1' and '00052_seg7'
2025-08-12 16:17:27,321 - DEBUG - Loaded and stored Omron data for key '00003_seg1' and '00003_seg7'
2025-08-12 16:17:27,321 - DEBUG - Loaded and stored Omron data for key '00053_seg1' and '00053_seg7'
2025-08-12 16:17:27,321 - DEBUG - Loaded and stored Omron data for key '00054_seg1' and '00054_seg7'
2025-08-12 16:17:27,321 - DEBUG - Loaded and stored Omron data for key '00055_seg1' and '00055_seg7'
2025-08-12 16:17:27,321 - DEBUG - Loaded and stored Omron data for key '00056_seg1' and '00056_seg7'
2025-08-12 16:17:27,321 - DEBUG - Loaded and stored Omron data for key '00057_seg1' and '00057_seg7'
2025-08-12 16:17:27,322 - DEBUG - Loaded and stored Omron data for key '00058_seg1' and '00058_seg7'
2025-08-12 16:17:27,322 - DEBUG - Loaded and stored Omron data for key '00059_seg1' and '00059_seg7'
2025-08-12 16:17:27,322 - DEBUG - Loaded and stored Omron data for key '00060_seg1' and '00060_seg7'
2025-08-12 16:17:27,322 - DEBUG - Loaded and stored Omron data for key '00061_seg1' and '00061_seg7'
2025-08-12 16:17:27,322 - DEBUG - Loaded and stored Omron data for key '00062_seg1' and '00062_seg7'
2025-08-12 16:17:27,322 - DEBUG - Loaded and stored Omron data for key '00063_seg1' and '00063_seg7'
2025-08-12 16:17:27,322 - DEBUG - Loaded and stored Omron data for key '00064_seg1' and '00064_seg7'
2025-08-12 16:17:27,322 - DEBUG - Loaded and stored Omron data for key '00065_seg1' and '00065_seg7'
2025-08-12 16:17:27,322 - DEBUG - Loaded and stored Omron data for key '00066_seg1' and '00066_seg7'
2025-08-12 16:17:27,322 - DEBUG - Loaded and stored Omron data for key '00067_seg1' and '00067_seg7'
2025-08-12 16:17:27,323 - DEBUG - Loaded and stored Omron data for key '00068_seg1' and '00068_seg7'
2025-08-12 16:17:27,323 - DEBUG - Loaded and stored Omron data for key '00069_seg1' and '00069_seg7'
2025-08-12 16:17:27,323 - DEBUG - Loaded and stored Omron data for key '00070_seg1' and '00070_seg7'
2025-08-12 16:17:27,323 - DEBUG - Loaded and stored Omron data for key '00071_seg1' and '00071_seg7'
2025-08-12 16:17:27,323 - DEBUG - Loaded and stored Omron data for key '00072_seg1' and '00072_seg7'
2025-08-12 16:17:27,323 - DEBUG - Loaded and stored Omron data for key '00073_seg1' and '00073_seg7'
2025-08-12 16:17:27,323 - DEBUG - Loaded and stored Omron data for key '00074_seg1' and '00074_seg7'
2025-08-12 16:17:27,324 - DEBUG - Loaded and stored Omron data for key '00075_seg1' and '00075_seg7'
2025-08-12 16:17:27,324 - DEBUG - Loaded and stored Omron data for key '00076_seg1' and '00076_seg7'
2025-08-12 16:17:27,324 - DEBUG - Loaded and stored Omron data for key '00077_seg1' and '00077_seg7'
2025-08-12 16:17:27,324 - DEBUG - Loaded and stored Omron data for key '00078_seg1' and '00078_seg7'
2025-08-12 16:17:27,324 - DEBUG - Loaded and stored Omron data for key '00079_seg1' and '00079_seg7'
2025-08-12 16:17:27,324 - DEBUG - Loaded and stored Omron data for key '00080_seg1' and '00080_seg7'
2025-08-12 16:17:27,324 - DEBUG - Loaded and stored Omron data for key '00081_seg1' and '00081_seg7'
2025-08-12 16:17:27,324 - DEBUG - Loaded and stored Omron data for key '00082_seg1' and '00082_seg7'
2025-08-12 16:17:27,324 - DEBUG - Loaded and stored Omron data for key '00083_seg1' and '00083_seg7'
2025-08-12 16:17:27,325 - DEBUG - Loaded and stored Omron data for key '00084_seg1' and '00084_seg7'
2025-08-12 16:17:27,325 - DEBUG - Loaded and stored Omron data for key '00085_seg1' and '00085_seg7'
2025-08-12 16:17:27,325 - DEBUG - Loaded and stored Omron data for key '00086_seg1' and '00086_seg7'
2025-08-12 16:17:27,325 - DEBUG - Loaded and stored Omron data for key '00087_seg1' and '00087_seg7'
2025-08-12 16:17:27,325 - DEBUG - Loaded and stored Omron data for key '00088_seg1' and '00088_seg7'
2025-08-12 16:17:27,325 - DEBUG - Loaded and stored Omron data for key '00089_seg1' and '00089_seg7'
2025-08-12 16:17:27,325 - DEBUG - Loaded and stored Omron data for key '00090_seg1' and '00090_seg7'
2025-08-12 16:17:27,325 - DEBUG - Loaded and stored Omron data for key '00091_seg1' and '00091_seg7'
2025-08-12 16:17:27,325 - DEBUG - Loaded and stored Omron data for key '00092_seg1' and '00092_seg7'
2025-08-12 16:17:27,326 - DEBUG - Loaded and stored Omron data for key '00093_seg1' and '00093_seg7'
2025-08-12 16:17:27,326 - DEBUG - Loaded and stored Omron data for key '00094_seg1' and '00094_seg7'
2025-08-12 16:17:27,326 - DEBUG - Loaded and stored Omron data for key '00095_seg1' and '00095_seg7'
2025-08-12 16:17:27,326 - DEBUG - Loaded and stored Omron data for key '00096_seg1' and '00096_seg7'
2025-08-12 16:17:27,326 - DEBUG - Loaded and stored Omron data for key '00097_seg1' and '00097_seg7'
2025-08-12 16:17:27,326 - DEBUG - Loaded and stored Omron data for key '00098_seg1' and '00098_seg7'
2025-08-12 16:17:27,326 - DEBUG - Loaded and stored Omron data for key '00099_seg1' and '00099_seg7'
2025-08-12 16:17:27,326 - DEBUG - Loaded and stored Omron data for key '00100_seg1' and '00100_seg7'
2025-08-12 16:17:27,326 - DEBUG - Loaded and stored Omron data for key '00101_seg1' and '00101_seg7'
2025-08-12 16:17:27,327 - DEBUG - Loaded and stored Omron data for key '00102_seg1' and '00102_seg7'
2025-08-12 16:17:27,327 - DEBUG - Loaded and stored Omron data for key '00103_seg1' and '00103_seg7'
2025-08-12 16:17:27,327 - DEBUG - Loaded and stored Omron data for key '00105_seg1' and '00105_seg7'
2025-08-12 16:17:27,327 - DEBUG - Loaded and stored Omron data for key '00106_seg1' and '00106_seg7'
2025-08-12 16:17:27,327 - DEBUG - Loaded and stored Omron data for key '00107_seg1' and '00107_seg7'
2025-08-12 16:17:27,327 - DEBUG - Loaded and stored Omron data for key '00108_seg1' and '00108_seg7'
2025-08-12 16:17:27,327 - DEBUG - Loaded and stored Omron data for key '00109_seg1' and '00109_seg7'
2025-08-12 16:17:27,327 - DEBUG - Loaded and stored Omron data for key '00110_seg1' and '00110_seg7'
2025-08-12 16:17:27,328 - DEBUG - Loaded and stored Omron data for key '00111_seg1' and '00111_seg7'
2025-08-12 16:17:27,328 - DEBUG - Loaded and stored Omron data for key '00112_seg1' and '00112_seg7'
2025-08-12 16:17:35,027 - DEBUG - Biopac BP values for seg1: SBP=95.9, DBP=53.1 (zeros excluded)
2025-08-12 16:17:35,302 - DEBUG - Calculated shift amount for 00081: +20.5 mmHg
2025-08-12 16:17:35,303 - DEBUG - Processing 00081 - seg1
2025-08-12 16:17:41,320 - DEBUG - Saved calibrated BP data to: ./data/processed/moved/00081/seg1_bp.csv
2025-08-12 16:17:42,520 - DEBUG - Filtering: 66682 points, range before=(100352.0000, 101370.0000), after=(-126.6201, 122.5448)
2025-08-12 16:17:43,544 - DEBUG - Filtering: 66682 points, range before=(101056.0000, 106903.0000), after=(-576.4200, 819.4173)
2025-08-12 16:17:44,571 - DEBUG - Filtering: 66684 points, range before=(111042.0000, 112531.0000), after=(-205.8788, 284.5408)
2025-08-12 16:17:45,651 - DEBUG - Filtering: 66683 points, range before=(123838.0000, 128287.0000), after=(-554.6854, 748.1789)
2025-08-12 16:17:45,669 - DEBUG - Available sensors for seg1: ['sensor2', 'sensor3', 'sensor4', 'sensor5'] (4/4)
2025-08-12 16:17:48,740 - DEBUG - Loaded HR data: average 60.9 bpm
2025-08-12 16:17:48,858 - DEBUG - Using provided HR: 60.9 bpm, RR interval: 0.985s
2025-08-12 16:17:49,019 - DEBUG - Found 607 BP valleys in 60011 samples (600.1s), HR: 61 bpm
2025-08-12 16:17:49,034 - DEBUG - Created 596 valley-based slices from 607 valleys
2025-08-12 16:17:49,034 - DEBUG - Generated 596 valley-based slices from seg1
2025-08-12 16:17:49,035 - DEBUG - Processing 00081 - seg7
2025-08-12 16:17:51,840 - DEBUG - Saved calibrated BP data to: ./data/processed/moved/00081/seg7_bp.csv
2025-08-12 16:17:52,530 - DEBUG - Filtering: 33339 points, range before=(104256.0000, 106299.0000), after=(-177.4559, 156.2035)
2025-08-12 16:17:53,110 - DEBUG - Filtering: 33341 points, range before=(101838.0000, 109375.0000), after=(-823.6938, 735.7278)
2025-08-12 16:17:53,676 - DEBUG - Filtering: 33340 points, range before=(112188.0000, 114353.0000), after=(-986.9701, 969.8109)
2025-08-12 16:17:54,239 - DEBUG - Filtering: 33339 points, range before=(122964.0000, 131801.0000), after=(-1255.4749, 1188.6136)
2025-08-12 16:17:54,247 - DEBUG - Available sensors for seg7: ['sensor2', 'sensor3', 'sensor4', 'sensor5'] (4/4)
2025-08-12 16:17:55,107 - DEBUG - Loaded HR data: average 60.1 bpm
2025-08-12 16:17:55,137 - DEBUG - Using provided HR: 60.1 bpm, RR interval: 0.998s
2025-08-12 16:17:55,184 - DEBUG - Found 0 BP valleys in 30003 samples (300.0s), HR: 60 bpm
2025-08-12 16:17:55,185 - DEBUG - Warning: Insufficient BP valleys found, using original slicing method
2025-08-12 16:17:55,192 - DEBUG - Generated 290 valley-based slices from seg7
2025-08-12 16:17:55,193 - DEBUG - Loading Omron data from: /root/ppg2bp/data/omron.csv
2025-08-12 16:17:55,199 - DEBUG - Loaded and stored Omron data for key '00042_seg1' and '00042_seg7'
2025-08-12 16:17:55,200 - DEBUG - Loaded and stored Omron data for key '00043_seg1' and '00043_seg7'
2025-08-12 16:17:55,200 - DEBUG - Loaded and stored Omron data for key '00044_seg1' and '00044_seg7'
2025-08-12 16:17:55,200 - DEBUG - Loaded and stored Omron data for key '00016_seg1' and '00016_seg7'
2025-08-12 16:17:55,200 - DEBUG - Loaded and stored Omron data for key '00045_seg1' and '00045_seg7'
2025-08-12 16:17:55,200 - DEBUG - Loaded and stored Omron data for key '00047_seg1' and '00047_seg7'
2025-08-12 16:17:55,201 - DEBUG - Loaded and stored Omron data for key '00048_seg1' and '00048_seg7'
2025-08-12 16:17:55,201 - DEBUG - Loaded and stored Omron data for key '00049_seg1' and '00049_seg7'
2025-08-12 16:17:55,201 - DEBUG - Loaded and stored Omron data for key '00050_seg1' and '00050_seg7'
2025-08-12 16:17:55,201 - DEBUG - Loaded and stored Omron data for key '00051_seg1' and '00051_seg7'
2025-08-12 16:17:55,201 - DEBUG - Loaded and stored Omron data for key '00052_seg1' and '00052_seg7'
2025-08-12 16:17:55,201 - DEBUG - Loaded and stored Omron data for key '00003_seg1' and '00003_seg7'
2025-08-12 16:17:55,201 - DEBUG - Loaded and stored Omron data for key '00053_seg1' and '00053_seg7'
2025-08-12 16:17:55,201 - DEBUG - Loaded and stored Omron data for key '00054_seg1' and '00054_seg7'
2025-08-12 16:17:55,201 - DEBUG - Loaded and stored Omron data for key '00055_seg1' and '00055_seg7'
2025-08-12 16:17:55,202 - DEBUG - Loaded and stored Omron data for key '00056_seg1' and '00056_seg7'
2025-08-12 16:17:55,202 - DEBUG - Loaded and stored Omron data for key '00057_seg1' and '00057_seg7'
2025-08-12 16:17:55,202 - DEBUG - Loaded and stored Omron data for key '00058_seg1' and '00058_seg7'
2025-08-12 16:17:55,202 - DEBUG - Loaded and stored Omron data for key '00059_seg1' and '00059_seg7'
2025-08-12 16:17:55,202 - DEBUG - Loaded and stored Omron data for key '00060_seg1' and '00060_seg7'
2025-08-12 16:17:55,202 - DEBUG - Loaded and stored Omron data for key '00061_seg1' and '00061_seg7'
2025-08-12 16:17:55,202 - DEBUG - Loaded and stored Omron data for key '00062_seg1' and '00062_seg7'
2025-08-12 16:17:55,202 - DEBUG - Loaded and stored Omron data for key '00063_seg1' and '00063_seg7'
2025-08-12 16:17:55,202 - DEBUG - Loaded and stored Omron data for key '00064_seg1' and '00064_seg7'
2025-08-12 16:17:55,203 - DEBUG - Loaded and stored Omron data for key '00065_seg1' and '00065_seg7'
2025-08-12 16:17:55,203 - DEBUG - Loaded and stored Omron data for key '00066_seg1' and '00066_seg7'
2025-08-12 16:17:55,203 - DEBUG - Loaded and stored Omron data for key '00067_seg1' and '00067_seg7'
2025-08-12 16:17:55,203 - DEBUG - Loaded and stored Omron data for key '00068_seg1' and '00068_seg7'
2025-08-12 16:17:55,203 - DEBUG - Loaded and stored Omron data for key '00069_seg1' and '00069_seg7'
2025-08-12 16:17:55,203 - DEBUG - Loaded and stored Omron data for key '00070_seg1' and '00070_seg7'
2025-08-12 16:17:55,203 - DEBUG - Loaded and stored Omron data for key '00071_seg1' and '00071_seg7'
2025-08-12 16:17:55,203 - DEBUG - Loaded and stored Omron data for key '00072_seg1' and '00072_seg7'
2025-08-12 16:17:55,203 - DEBUG - Loaded and stored Omron data for key '00073_seg1' and '00073_seg7'
2025-08-12 16:17:55,203 - DEBUG - Loaded and stored Omron data for key '00074_seg1' and '00074_seg7'
2025-08-12 16:17:55,204 - DEBUG - Loaded and stored Omron data for key '00075_seg1' and '00075_seg7'
2025-08-12 16:17:55,204 - DEBUG - Loaded and stored Omron data for key '00076_seg1' and '00076_seg7'
2025-08-12 16:17:55,204 - DEBUG - Loaded and stored Omron data for key '00077_seg1' and '00077_seg7'
2025-08-12 16:17:55,204 - DEBUG - Loaded and stored Omron data for key '00078_seg1' and '00078_seg7'
2025-08-12 16:17:55,204 - DEBUG - Loaded and stored Omron data for key '00079_seg1' and '00079_seg7'
2025-08-12 16:17:55,204 - DEBUG - Loaded and stored Omron data for key '00080_seg1' and '00080_seg7'
2025-08-12 16:17:55,204 - DEBUG - Loaded and stored Omron data for key '00081_seg1' and '00081_seg7'
2025-08-12 16:17:55,204 - DEBUG - Loaded and stored Omron data for key '00082_seg1' and '00082_seg7'
2025-08-12 16:17:55,204 - DEBUG - Loaded and stored Omron data for key '00083_seg1' and '00083_seg7'
2025-08-12 16:17:55,205 - DEBUG - Loaded and stored Omron data for key '00084_seg1' and '00084_seg7'
2025-08-12 16:17:55,205 - DEBUG - Loaded and stored Omron data for key '00085_seg1' and '00085_seg7'
2025-08-12 16:17:55,205 - DEBUG - Loaded and stored Omron data for key '00086_seg1' and '00086_seg7'
2025-08-12 16:17:55,205 - DEBUG - Loaded and stored Omron data for key '00087_seg1' and '00087_seg7'
2025-08-12 16:17:55,205 - DEBUG - Loaded and stored Omron data for key '00088_seg1' and '00088_seg7'
2025-08-12 16:17:55,205 - DEBUG - Loaded and stored Omron data for key '00089_seg1' and '00089_seg7'
2025-08-12 16:17:55,205 - DEBUG - Loaded and stored Omron data for key '00090_seg1' and '00090_seg7'
2025-08-12 16:17:55,205 - DEBUG - Loaded and stored Omron data for key '00091_seg1' and '00091_seg7'
2025-08-12 16:17:55,205 - DEBUG - Loaded and stored Omron data for key '00092_seg1' and '00092_seg7'
2025-08-12 16:17:55,206 - DEBUG - Loaded and stored Omron data for key '00093_seg1' and '00093_seg7'
2025-08-12 16:17:55,206 - DEBUG - Loaded and stored Omron data for key '00094_seg1' and '00094_seg7'
2025-08-12 16:17:55,206 - DEBUG - Loaded and stored Omron data for key '00095_seg1' and '00095_seg7'
2025-08-12 16:17:55,206 - DEBUG - Loaded and stored Omron data for key '00096_seg1' and '00096_seg7'
2025-08-12 16:17:55,206 - DEBUG - Loaded and stored Omron data for key '00097_seg1' and '00097_seg7'
2025-08-12 16:17:55,206 - DEBUG - Loaded and stored Omron data for key '00098_seg1' and '00098_seg7'
2025-08-12 16:17:55,206 - DEBUG - Loaded and stored Omron data for key '00099_seg1' and '00099_seg7'
2025-08-12 16:17:55,207 - DEBUG - Loaded and stored Omron data for key '00100_seg1' and '00100_seg7'
2025-08-12 16:17:55,207 - DEBUG - Loaded and stored Omron data for key '00101_seg1' and '00101_seg7'
2025-08-12 16:17:55,207 - DEBUG - Loaded and stored Omron data for key '00102_seg1' and '00102_seg7'
2025-08-12 16:17:55,207 - DEBUG - Loaded and stored Omron data for key '00103_seg1' and '00103_seg7'
2025-08-12 16:17:55,207 - DEBUG - Loaded and stored Omron data for key '00105_seg1' and '00105_seg7'
2025-08-12 16:17:55,207 - DEBUG - Loaded and stored Omron data for key '00106_seg1' and '00106_seg7'
2025-08-12 16:17:55,207 - DEBUG - Loaded and stored Omron data for key '00107_seg1' and '00107_seg7'
2025-08-12 16:17:55,207 - DEBUG - Loaded and stored Omron data for key '00108_seg1' and '00108_seg7'
2025-08-12 16:17:55,208 - DEBUG - Loaded and stored Omron data for key '00109_seg1' and '00109_seg7'
2025-08-12 16:17:55,208 - DEBUG - Loaded and stored Omron data for key '00110_seg1' and '00110_seg7'
2025-08-12 16:17:55,208 - DEBUG - Loaded and stored Omron data for key '00111_seg1' and '00111_seg7'
2025-08-12 16:17:55,208 - DEBUG - Loaded and stored Omron data for key '00112_seg1' and '00112_seg7'
2025-08-12 16:18:01,755 - DEBUG - Biopac BP values for seg1: SBP=97.5, DBP=42.9 (zeros excluded)
2025-08-12 16:18:02,007 - DEBUG - No shift for 00082, delta too large (-24.5 mmHg)
2025-08-12 16:18:02,009 - DEBUG - Processing 00082 - seg1
2025-08-12 16:18:05,703 - DEBUG - Loading Omron data from: /root/ppg2bp/data/omron.csv
2025-08-12 16:18:05,709 - DEBUG - Loaded and stored Omron data for key '00042_seg1' and '00042_seg7'
2025-08-12 16:18:05,710 - DEBUG - Loaded and stored Omron data for key '00043_seg1' and '00043_seg7'
2025-08-12 16:18:05,710 - DEBUG - Loaded and stored Omron data for key '00044_seg1' and '00044_seg7'
2025-08-12 16:18:05,710 - DEBUG - Loaded and stored Omron data for key '00016_seg1' and '00016_seg7'
2025-08-12 16:18:05,710 - DEBUG - Loaded and stored Omron data for key '00045_seg1' and '00045_seg7'
2025-08-12 16:18:05,710 - DEBUG - Loaded and stored Omron data for key '00047_seg1' and '00047_seg7'
2025-08-12 16:18:05,711 - DEBUG - Loaded and stored Omron data for key '00048_seg1' and '00048_seg7'
2025-08-12 16:18:05,711 - DEBUG - Loaded and stored Omron data for key '00049_seg1' and '00049_seg7'
2025-08-12 16:18:05,711 - DEBUG - Loaded and stored Omron data for key '00050_seg1' and '00050_seg7'
2025-08-12 16:18:05,711 - DEBUG - Loaded and stored Omron data for key '00051_seg1' and '00051_seg7'
2025-08-12 16:18:05,711 - DEBUG - Loaded and stored Omron data for key '00052_seg1' and '00052_seg7'
2025-08-12 16:18:05,711 - DEBUG - Loaded and stored Omron data for key '00003_seg1' and '00003_seg7'
2025-08-12 16:18:05,711 - DEBUG - Loaded and stored Omron data for key '00053_seg1' and '00053_seg7'
2025-08-12 16:18:05,711 - DEBUG - Loaded and stored Omron data for key '00054_seg1' and '00054_seg7'
2025-08-12 16:18:05,711 - DEBUG - Loaded and stored Omron data for key '00055_seg1' and '00055_seg7'
2025-08-12 16:18:05,712 - DEBUG - Loaded and stored Omron data for key '00056_seg1' and '00056_seg7'
2025-08-12 16:18:05,712 - DEBUG - Loaded and stored Omron data for key '00057_seg1' and '00057_seg7'
2025-08-12 16:18:05,712 - DEBUG - Loaded and stored Omron data for key '00058_seg1' and '00058_seg7'
2025-08-12 16:18:05,712 - DEBUG - Loaded and stored Omron data for key '00059_seg1' and '00059_seg7'
2025-08-12 16:18:05,712 - DEBUG - Loaded and stored Omron data for key '00060_seg1' and '00060_seg7'
2025-08-12 16:18:05,712 - DEBUG - Loaded and stored Omron data for key '00061_seg1' and '00061_seg7'
2025-08-12 16:18:05,712 - DEBUG - Loaded and stored Omron data for key '00062_seg1' and '00062_seg7'
2025-08-12 16:18:05,712 - DEBUG - Loaded and stored Omron data for key '00063_seg1' and '00063_seg7'
2025-08-12 16:18:05,712 - DEBUG - Loaded and stored Omron data for key '00064_seg1' and '00064_seg7'
2025-08-12 16:18:05,713 - DEBUG - Loaded and stored Omron data for key '00065_seg1' and '00065_seg7'
2025-08-12 16:18:05,713 - DEBUG - Loaded and stored Omron data for key '00066_seg1' and '00066_seg7'
2025-08-12 16:18:05,713 - DEBUG - Loaded and stored Omron data for key '00067_seg1' and '00067_seg7'
2025-08-12 16:18:05,713 - DEBUG - Loaded and stored Omron data for key '00068_seg1' and '00068_seg7'
2025-08-12 16:18:05,713 - DEBUG - Loaded and stored Omron data for key '00069_seg1' and '00069_seg7'
2025-08-12 16:18:05,713 - DEBUG - Loaded and stored Omron data for key '00070_seg1' and '00070_seg7'
2025-08-12 16:18:05,713 - DEBUG - Loaded and stored Omron data for key '00071_seg1' and '00071_seg7'
2025-08-12 16:18:05,713 - DEBUG - Loaded and stored Omron data for key '00072_seg1' and '00072_seg7'
2025-08-12 16:18:05,713 - DEBUG - Loaded and stored Omron data for key '00073_seg1' and '00073_seg7'
2025-08-12 16:18:05,713 - DEBUG - Loaded and stored Omron data for key '00074_seg1' and '00074_seg7'
2025-08-12 16:18:05,714 - DEBUG - Loaded and stored Omron data for key '00075_seg1' and '00075_seg7'
2025-08-12 16:18:05,714 - DEBUG - Loaded and stored Omron data for key '00076_seg1' and '00076_seg7'
2025-08-12 16:18:05,714 - DEBUG - Loaded and stored Omron data for key '00077_seg1' and '00077_seg7'
2025-08-12 16:18:05,714 - DEBUG - Loaded and stored Omron data for key '00078_seg1' and '00078_seg7'
2025-08-12 16:18:05,714 - DEBUG - Loaded and stored Omron data for key '00079_seg1' and '00079_seg7'
2025-08-12 16:18:05,714 - DEBUG - Loaded and stored Omron data for key '00080_seg1' and '00080_seg7'
2025-08-12 16:18:05,714 - DEBUG - Loaded and stored Omron data for key '00081_seg1' and '00081_seg7'
2025-08-12 16:18:05,714 - DEBUG - Loaded and stored Omron data for key '00082_seg1' and '00082_seg7'
2025-08-12 16:18:05,714 - DEBUG - Loaded and stored Omron data for key '00083_seg1' and '00083_seg7'
2025-08-12 16:18:05,714 - DEBUG - Loaded and stored Omron data for key '00084_seg1' and '00084_seg7'
2025-08-12 16:18:05,715 - DEBUG - Loaded and stored Omron data for key '00085_seg1' and '00085_seg7'
2025-08-12 16:18:05,715 - DEBUG - Loaded and stored Omron data for key '00086_seg1' and '00086_seg7'
2025-08-12 16:18:05,715 - DEBUG - Loaded and stored Omron data for key '00087_seg1' and '00087_seg7'
2025-08-12 16:18:05,715 - DEBUG - Loaded and stored Omron data for key '00088_seg1' and '00088_seg7'
2025-08-12 16:18:05,715 - DEBUG - Loaded and stored Omron data for key '00089_seg1' and '00089_seg7'
2025-08-12 16:18:05,715 - DEBUG - Loaded and stored Omron data for key '00090_seg1' and '00090_seg7'
2025-08-12 16:18:05,715 - DEBUG - Loaded and stored Omron data for key '00091_seg1' and '00091_seg7'
2025-08-12 16:18:05,715 - DEBUG - Loaded and stored Omron data for key '00092_seg1' and '00092_seg7'
2025-08-12 16:18:05,715 - DEBUG - Loaded and stored Omron data for key '00093_seg1' and '00093_seg7'
2025-08-12 16:18:05,715 - DEBUG - Loaded and stored Omron data for key '00094_seg1' and '00094_seg7'
2025-08-12 16:18:05,715 - DEBUG - Loaded and stored Omron data for key '00095_seg1' and '00095_seg7'
2025-08-12 16:18:05,716 - DEBUG - Loaded and stored Omron data for key '00096_seg1' and '00096_seg7'
2025-08-12 16:18:05,716 - DEBUG - Loaded and stored Omron data for key '00097_seg1' and '00097_seg7'
2025-08-12 16:18:05,716 - DEBUG - Loaded and stored Omron data for key '00098_seg1' and '00098_seg7'
2025-08-12 16:18:05,716 - DEBUG - Loaded and stored Omron data for key '00099_seg1' and '00099_seg7'
2025-08-12 16:18:05,716 - DEBUG - Loaded and stored Omron data for key '00100_seg1' and '00100_seg7'
2025-08-12 16:18:05,716 - DEBUG - Loaded and stored Omron data for key '00101_seg1' and '00101_seg7'
2025-08-12 16:18:05,716 - DEBUG - Loaded and stored Omron data for key '00102_seg1' and '00102_seg7'
2025-08-12 16:18:05,716 - DEBUG - Loaded and stored Omron data for key '00103_seg1' and '00103_seg7'
2025-08-12 16:18:05,716 - DEBUG - Loaded and stored Omron data for key '00105_seg1' and '00105_seg7'
2025-08-12 16:18:05,717 - DEBUG - Loaded and stored Omron data for key '00106_seg1' and '00106_seg7'
2025-08-12 16:18:05,717 - DEBUG - Loaded and stored Omron data for key '00107_seg1' and '00107_seg7'
2025-08-12 16:18:05,717 - DEBUG - Loaded and stored Omron data for key '00108_seg1' and '00108_seg7'
2025-08-12 16:18:05,717 - DEBUG - Loaded and stored Omron data for key '00109_seg1' and '00109_seg7'
2025-08-12 16:18:05,717 - DEBUG - Loaded and stored Omron data for key '00110_seg1' and '00110_seg7'
2025-08-12 16:18:05,717 - DEBUG - Loaded and stored Omron data for key '00111_seg1' and '00111_seg7'
2025-08-12 16:18:05,717 - DEBUG - Loaded and stored Omron data for key '00112_seg1' and '00112_seg7'
2025-08-12 16:18:12,115 - DEBUG - Biopac BP values for seg1: SBP=97.5, DBP=42.9 (zeros excluded)
2025-08-12 16:18:12,390 - DEBUG - No shift for 00082, delta too large (-24.5 mmHg)
2025-08-12 16:18:13,908 - DEBUG - Saved calibrated BP data to: ./data/processed/moved/00082/seg1_bp.csv
2025-08-12 16:18:14,795 - DEBUG - Filtering: 32820 points, range before=(58906.0000, 63982.0000), after=(-821.0276, 661.7200)
2025-08-12 16:18:15,066 - DEBUG - Filtering: 32820 points, range before=(89017.0000, 95677.0000), after=(-261.2208, 311.0003)
2025-08-12 16:18:15,541 - DEBUG - Filtering: 32820 points, range before=(122967.0000, 125078.0000), after=(-214.4486, 165.0776)
2025-08-12 16:18:15,700 - DEBUG - Filtering: 17286 points, range before=(129560.0000, 131509.0000), after=(-396.1009, 528.3437)
2025-08-12 16:18:15,706 - DEBUG - Available sensors for seg1: ['sensor2', 'sensor3', 'sensor4', 'sensor5'] (4/4)
2025-08-12 16:18:18,603 - DEBUG - Loaded HR data: average 78.0 bpm
2025-08-12 16:18:18,725 - DEBUG - Using provided HR: 78.0 bpm, RR interval: 0.769s
2025-08-12 16:18:18,748 - DEBUG - Found 0 BP valleys in 15555 samples (155.6s), HR: 78 bpm
2025-08-12 16:18:18,748 - DEBUG - Warning: Insufficient BP valleys found, using original slicing method
2025-08-12 16:18:18,753 - DEBUG - Generated 145 valley-based slices from seg1
2025-08-12 16:18:18,753 - DEBUG - Processing 00082 - seg7
2025-08-12 16:18:19,911 - DEBUG - Loading Omron data from: /root/ppg2bp/data/omron.csv
2025-08-12 16:18:19,918 - DEBUG - Loaded and stored Omron data for key '00042_seg1' and '00042_seg7'
2025-08-12 16:18:19,919 - DEBUG - Loaded and stored Omron data for key '00043_seg1' and '00043_seg7'
2025-08-12 16:18:19,919 - DEBUG - Loaded and stored Omron data for key '00044_seg1' and '00044_seg7'
2025-08-12 16:18:19,919 - DEBUG - Loaded and stored Omron data for key '00016_seg1' and '00016_seg7'
2025-08-12 16:18:19,919 - DEBUG - Loaded and stored Omron data for key '00045_seg1' and '00045_seg7'
2025-08-12 16:18:19,919 - DEBUG - Loaded and stored Omron data for key '00047_seg1' and '00047_seg7'
2025-08-12 16:18:19,919 - DEBUG - Loaded and stored Omron data for key '00048_seg1' and '00048_seg7'
2025-08-12 16:18:19,919 - DEBUG - Loaded and stored Omron data for key '00049_seg1' and '00049_seg7'
2025-08-12 16:18:19,919 - DEBUG - Loaded and stored Omron data for key '00050_seg1' and '00050_seg7'
2025-08-12 16:18:19,920 - DEBUG - Loaded and stored Omron data for key '00051_seg1' and '00051_seg7'
2025-08-12 16:18:19,920 - DEBUG - Loaded and stored Omron data for key '00052_seg1' and '00052_seg7'
2025-08-12 16:18:19,920 - DEBUG - Loaded and stored Omron data for key '00003_seg1' and '00003_seg7'
2025-08-12 16:18:19,920 - DEBUG - Loaded and stored Omron data for key '00053_seg1' and '00053_seg7'
2025-08-12 16:18:19,920 - DEBUG - Loaded and stored Omron data for key '00054_seg1' and '00054_seg7'
2025-08-12 16:18:19,920 - DEBUG - Loaded and stored Omron data for key '00055_seg1' and '00055_seg7'
2025-08-12 16:18:19,920 - DEBUG - Loaded and stored Omron data for key '00056_seg1' and '00056_seg7'
2025-08-12 16:18:19,920 - DEBUG - Loaded and stored Omron data for key '00057_seg1' and '00057_seg7'
2025-08-12 16:18:19,920 - DEBUG - Loaded and stored Omron data for key '00058_seg1' and '00058_seg7'
2025-08-12 16:18:19,921 - DEBUG - Loaded and stored Omron data for key '00059_seg1' and '00059_seg7'
2025-08-12 16:18:19,921 - DEBUG - Loaded and stored Omron data for key '00060_seg1' and '00060_seg7'
2025-08-12 16:18:19,921 - DEBUG - Loaded and stored Omron data for key '00061_seg1' and '00061_seg7'
2025-08-12 16:18:19,921 - DEBUG - Loaded and stored Omron data for key '00062_seg1' and '00062_seg7'
2025-08-12 16:18:19,921 - DEBUG - Loaded and stored Omron data for key '00063_seg1' and '00063_seg7'
2025-08-12 16:18:19,921 - DEBUG - Loaded and stored Omron data for key '00064_seg1' and '00064_seg7'
2025-08-12 16:18:19,921 - DEBUG - Loaded and stored Omron data for key '00065_seg1' and '00065_seg7'
2025-08-12 16:18:19,921 - DEBUG - Loaded and stored Omron data for key '00066_seg1' and '00066_seg7'
2025-08-12 16:18:19,921 - DEBUG - Loaded and stored Omron data for key '00067_seg1' and '00067_seg7'
2025-08-12 16:18:19,922 - DEBUG - Loaded and stored Omron data for key '00068_seg1' and '00068_seg7'
2025-08-12 16:18:19,922 - DEBUG - Loaded and stored Omron data for key '00069_seg1' and '00069_seg7'
2025-08-12 16:18:19,922 - DEBUG - Loaded and stored Omron data for key '00070_seg1' and '00070_seg7'
2025-08-12 16:18:19,922 - DEBUG - Loaded and stored Omron data for key '00071_seg1' and '00071_seg7'
2025-08-12 16:18:19,922 - DEBUG - Loaded and stored Omron data for key '00072_seg1' and '00072_seg7'
2025-08-12 16:18:19,922 - DEBUG - Loaded and stored Omron data for key '00073_seg1' and '00073_seg7'
2025-08-12 16:18:19,922 - DEBUG - Loaded and stored Omron data for key '00074_seg1' and '00074_seg7'
2025-08-12 16:18:19,922 - DEBUG - Loaded and stored Omron data for key '00075_seg1' and '00075_seg7'
2025-08-12 16:18:19,922 - DEBUG - Loaded and stored Omron data for key '00076_seg1' and '00076_seg7'
2025-08-12 16:18:19,923 - DEBUG - Loaded and stored Omron data for key '00077_seg1' and '00077_seg7'
2025-08-12 16:18:19,923 - DEBUG - Loaded and stored Omron data for key '00078_seg1' and '00078_seg7'
2025-08-12 16:18:19,923 - DEBUG - Loaded and stored Omron data for key '00079_seg1' and '00079_seg7'
2025-08-12 16:18:19,923 - DEBUG - Loaded and stored Omron data for key '00080_seg1' and '00080_seg7'
2025-08-12 16:18:19,923 - DEBUG - Loaded and stored Omron data for key '00081_seg1' and '00081_seg7'
2025-08-12 16:18:19,923 - DEBUG - Loaded and stored Omron data for key '00082_seg1' and '00082_seg7'
2025-08-12 16:18:19,923 - DEBUG - Loaded and stored Omron data for key '00083_seg1' and '00083_seg7'
2025-08-12 16:18:19,923 - DEBUG - Loaded and stored Omron data for key '00084_seg1' and '00084_seg7'
2025-08-12 16:18:19,923 - DEBUG - Loaded and stored Omron data for key '00085_seg1' and '00085_seg7'
2025-08-12 16:18:19,923 - DEBUG - Loaded and stored Omron data for key '00086_seg1' and '00086_seg7'
2025-08-12 16:18:19,924 - DEBUG - Loaded and stored Omron data for key '00087_seg1' and '00087_seg7'
2025-08-12 16:18:19,924 - DEBUG - Loaded and stored Omron data for key '00088_seg1' and '00088_seg7'
2025-08-12 16:18:19,924 - DEBUG - Loaded and stored Omron data for key '00089_seg1' and '00089_seg7'
2025-08-12 16:18:19,924 - DEBUG - Loaded and stored Omron data for key '00090_seg1' and '00090_seg7'
2025-08-12 16:18:19,924 - DEBUG - Loaded and stored Omron data for key '00091_seg1' and '00091_seg7'
2025-08-12 16:18:19,924 - DEBUG - Loaded and stored Omron data for key '00092_seg1' and '00092_seg7'
2025-08-12 16:18:19,924 - DEBUG - Loaded and stored Omron data for key '00093_seg1' and '00093_seg7'
2025-08-12 16:18:19,924 - DEBUG - Loaded and stored Omron data for key '00094_seg1' and '00094_seg7'
2025-08-12 16:18:19,924 - DEBUG - Loaded and stored Omron data for key '00095_seg1' and '00095_seg7'
2025-08-12 16:18:19,924 - DEBUG - Loaded and stored Omron data for key '00096_seg1' and '00096_seg7'
2025-08-12 16:18:19,925 - DEBUG - Loaded and stored Omron data for key '00097_seg1' and '00097_seg7'
2025-08-12 16:18:19,925 - DEBUG - Loaded and stored Omron data for key '00098_seg1' and '00098_seg7'
2025-08-12 16:18:19,925 - DEBUG - Loaded and stored Omron data for key '00099_seg1' and '00099_seg7'
2025-08-12 16:18:19,925 - DEBUG - Loaded and stored Omron data for key '00100_seg1' and '00100_seg7'
2025-08-12 16:18:19,925 - DEBUG - Loaded and stored Omron data for key '00101_seg1' and '00101_seg7'
2025-08-12 16:18:19,925 - DEBUG - Loaded and stored Omron data for key '00102_seg1' and '00102_seg7'
2025-08-12 16:18:19,925 - DEBUG - Loaded and stored Omron data for key '00103_seg1' and '00103_seg7'
2025-08-12 16:18:19,925 - DEBUG - Loaded and stored Omron data for key '00105_seg1' and '00105_seg7'
2025-08-12 16:18:19,925 - DEBUG - Loaded and stored Omron data for key '00106_seg1' and '00106_seg7'
2025-08-12 16:18:19,925 - DEBUG - Loaded and stored Omron data for key '00107_seg1' and '00107_seg7'
2025-08-12 16:18:19,926 - DEBUG - Loaded and stored Omron data for key '00108_seg1' and '00108_seg7'
2025-08-12 16:18:19,926 - DEBUG - Loaded and stored Omron data for key '00109_seg1' and '00109_seg7'
2025-08-12 16:18:19,926 - DEBUG - Loaded and stored Omron data for key '00110_seg1' and '00110_seg7'
2025-08-12 16:18:19,926 - DEBUG - Loaded and stored Omron data for key '00111_seg1' and '00111_seg7'
2025-08-12 16:18:19,926 - DEBUG - Loaded and stored Omron data for key '00112_seg1' and '00112_seg7'
2025-08-12 16:18:26,896 - DEBUG - Biopac BP values for seg1: SBP=97.5, DBP=42.9 (zeros excluded)
2025-08-12 16:18:27,103 - DEBUG - No shift for 00082, delta too large (-24.5 mmHg)
2025-08-12 16:18:27,967 - DEBUG - Saved calibrated BP data to: ./data/processed/moved/00082/seg7_bp.csv
2025-08-12 16:18:28,131 - DEBUG - Filtering: 10984 points, range before=(68747.0000, 83599.0000), after=(-4760.8637, 4197.4214)
2025-08-12 16:18:28,190 - DEBUG - Filtering: 10984 points, range before=(84505.0000, 93688.0000), after=(-2802.1159, 3890.7439)
2025-08-12 16:18:28,259 - DEBUG - Filtering: 10983 points, range before=(112939.0000, 119622.0000), after=(-1857.6113, 1504.6722)
2025-08-12 16:18:28,317 - DEBUG - Filtering: 5571 points, range before=(133791.0000, 135746.0000), after=(-519.6952, 782.3187)
2025-08-12 16:18:28,318 - DEBUG - Available sensors for seg7: ['sensor2', 'sensor3', 'sensor4', 'sensor5'] (4/4)
2025-08-12 16:18:29,026 - DEBUG - Loaded HR data: average 75.4 bpm
2025-08-12 16:18:29,035 - DEBUG - Using provided HR: 75.4 bpm, RR interval: 0.796s
2025-08-12 16:18:29,040 - DEBUG - Found 0 BP valleys in 5020 samples (50.2s), HR: 75 bpm
2025-08-12 16:18:29,040 - DEBUG - Warning: Insufficient BP valleys found, using original slicing method
2025-08-12 16:18:29,041 - DEBUG - Generated 40 valley-based slices from seg7
2025-08-12 16:18:29,041 - DEBUG - Loading Omron data from: /root/ppg2bp/data/omron.csv
2025-08-12 16:18:29,045 - DEBUG - Loaded and stored Omron data for key '00042_seg1' and '00042_seg7'
2025-08-12 16:18:29,045 - DEBUG - Loaded and stored Omron data for key '00043_seg1' and '00043_seg7'
2025-08-12 16:18:29,045 - DEBUG - Loaded and stored Omron data for key '00044_seg1' and '00044_seg7'
2025-08-12 16:18:29,045 - DEBUG - Loaded and stored Omron data for key '00016_seg1' and '00016_seg7'
2025-08-12 16:18:29,046 - DEBUG - Loaded and stored Omron data for key '00045_seg1' and '00045_seg7'
2025-08-12 16:18:29,046 - DEBUG - Loaded and stored Omron data for key '00047_seg1' and '00047_seg7'
2025-08-12 16:18:29,046 - DEBUG - Loaded and stored Omron data for key '00048_seg1' and '00048_seg7'
2025-08-12 16:18:29,046 - DEBUG - Loaded and stored Omron data for key '00049_seg1' and '00049_seg7'
2025-08-12 16:18:29,046 - DEBUG - Loaded and stored Omron data for key '00050_seg1' and '00050_seg7'
2025-08-12 16:18:29,046 - DEBUG - Loaded and stored Omron data for key '00051_seg1' and '00051_seg7'
2025-08-12 16:18:29,046 - DEBUG - Loaded and stored Omron data for key '00052_seg1' and '00052_seg7'
2025-08-12 16:18:29,046 - DEBUG - Loaded and stored Omron data for key '00003_seg1' and '00003_seg7'
2025-08-12 16:18:29,047 - DEBUG - Loaded and stored Omron data for key '00053_seg1' and '00053_seg7'
2025-08-12 16:18:29,047 - DEBUG - Loaded and stored Omron data for key '00054_seg1' and '00054_seg7'
2025-08-12 16:18:29,047 - DEBUG - Loaded and stored Omron data for key '00055_seg1' and '00055_seg7'
2025-08-12 16:18:29,047 - DEBUG - Loaded and stored Omron data for key '00056_seg1' and '00056_seg7'
2025-08-12 16:18:29,047 - DEBUG - Loaded and stored Omron data for key '00057_seg1' and '00057_seg7'
2025-08-12 16:18:29,047 - DEBUG - Loaded and stored Omron data for key '00058_seg1' and '00058_seg7'
2025-08-12 16:18:29,047 - DEBUG - Loaded and stored Omron data for key '00059_seg1' and '00059_seg7'
2025-08-12 16:18:29,047 - DEBUG - Loaded and stored Omron data for key '00060_seg1' and '00060_seg7'
2025-08-12 16:18:29,048 - DEBUG - Loaded and stored Omron data for key '00061_seg1' and '00061_seg7'
2025-08-12 16:18:29,048 - DEBUG - Loaded and stored Omron data for key '00062_seg1' and '00062_seg7'
2025-08-12 16:18:29,048 - DEBUG - Loaded and stored Omron data for key '00063_seg1' and '00063_seg7'
2025-08-12 16:18:29,048 - DEBUG - Loaded and stored Omron data for key '00064_seg1' and '00064_seg7'
2025-08-12 16:18:29,048 - DEBUG - Loaded and stored Omron data for key '00065_seg1' and '00065_seg7'
2025-08-12 16:18:29,048 - DEBUG - Loaded and stored Omron data for key '00066_seg1' and '00066_seg7'
2025-08-12 16:18:29,048 - DEBUG - Loaded and stored Omron data for key '00067_seg1' and '00067_seg7'
2025-08-12 16:18:29,048 - DEBUG - Loaded and stored Omron data for key '00068_seg1' and '00068_seg7'
2025-08-12 16:18:29,048 - DEBUG - Loaded and stored Omron data for key '00069_seg1' and '00069_seg7'
2025-08-12 16:18:29,048 - DEBUG - Loaded and stored Omron data for key '00070_seg1' and '00070_seg7'
2025-08-12 16:18:29,049 - DEBUG - Loaded and stored Omron data for key '00071_seg1' and '00071_seg7'
2025-08-12 16:18:29,049 - DEBUG - Loaded and stored Omron data for key '00072_seg1' and '00072_seg7'
2025-08-12 16:18:29,049 - DEBUG - Loaded and stored Omron data for key '00073_seg1' and '00073_seg7'
2025-08-12 16:18:29,049 - DEBUG - Loaded and stored Omron data for key '00074_seg1' and '00074_seg7'
2025-08-12 16:18:29,049 - DEBUG - Loaded and stored Omron data for key '00075_seg1' and '00075_seg7'
2025-08-12 16:18:29,050 - DEBUG - Loaded and stored Omron data for key '00076_seg1' and '00076_seg7'
2025-08-12 16:18:29,050 - DEBUG - Loaded and stored Omron data for key '00077_seg1' and '00077_seg7'
2025-08-12 16:18:29,050 - DEBUG - Loaded and stored Omron data for key '00078_seg1' and '00078_seg7'
2025-08-12 16:18:29,050 - DEBUG - Loaded and stored Omron data for key '00079_seg1' and '00079_seg7'
2025-08-12 16:18:29,050 - DEBUG - Loaded and stored Omron data for key '00080_seg1' and '00080_seg7'
2025-08-12 16:18:29,050 - DEBUG - Loaded and stored Omron data for key '00081_seg1' and '00081_seg7'
2025-08-12 16:18:29,051 - DEBUG - Loaded and stored Omron data for key '00082_seg1' and '00082_seg7'
2025-08-12 16:18:29,051 - DEBUG - Loaded and stored Omron data for key '00083_seg1' and '00083_seg7'
2025-08-12 16:18:29,051 - DEBUG - Loaded and stored Omron data for key '00084_seg1' and '00084_seg7'
2025-08-12 16:18:29,051 - DEBUG - Loaded and stored Omron data for key '00085_seg1' and '00085_seg7'
2025-08-12 16:18:29,051 - DEBUG - Loaded and stored Omron data for key '00086_seg1' and '00086_seg7'
2025-08-12 16:18:29,051 - DEBUG - Loaded and stored Omron data for key '00087_seg1' and '00087_seg7'
2025-08-12 16:18:29,051 - DEBUG - Loaded and stored Omron data for key '00088_seg1' and '00088_seg7'
2025-08-12 16:18:29,052 - DEBUG - Loaded and stored Omron data for key '00089_seg1' and '00089_seg7'
2025-08-12 16:18:29,052 - DEBUG - Loaded and stored Omron data for key '00090_seg1' and '00090_seg7'
2025-08-12 16:18:29,052 - DEBUG - Loaded and stored Omron data for key '00091_seg1' and '00091_seg7'
2025-08-12 16:18:29,052 - DEBUG - Loaded and stored Omron data for key '00092_seg1' and '00092_seg7'
2025-08-12 16:18:29,052 - DEBUG - Loaded and stored Omron data for key '00093_seg1' and '00093_seg7'
2025-08-12 16:18:29,052 - DEBUG - Loaded and stored Omron data for key '00094_seg1' and '00094_seg7'
2025-08-12 16:18:29,052 - DEBUG - Loaded and stored Omron data for key '00095_seg1' and '00095_seg7'
2025-08-12 16:18:29,052 - DEBUG - Loaded and stored Omron data for key '00096_seg1' and '00096_seg7'
2025-08-12 16:18:29,052 - DEBUG - Loaded and stored Omron data for key '00097_seg1' and '00097_seg7'
2025-08-12 16:18:29,053 - DEBUG - Loaded and stored Omron data for key '00098_seg1' and '00098_seg7'
2025-08-12 16:18:29,053 - DEBUG - Loaded and stored Omron data for key '00099_seg1' and '00099_seg7'
2025-08-12 16:18:29,053 - DEBUG - Loaded and stored Omron data for key '00100_seg1' and '00100_seg7'
2025-08-12 16:18:29,053 - DEBUG - Loaded and stored Omron data for key '00101_seg1' and '00101_seg7'
2025-08-12 16:18:29,053 - DEBUG - Loaded and stored Omron data for key '00102_seg1' and '00102_seg7'
2025-08-12 16:18:29,053 - DEBUG - Loaded and stored Omron data for key '00103_seg1' and '00103_seg7'
2025-08-12 16:18:29,054 - DEBUG - Loaded and stored Omron data for key '00105_seg1' and '00105_seg7'
2025-08-12 16:18:29,054 - DEBUG - Loaded and stored Omron data for key '00106_seg1' and '00106_seg7'
2025-08-12 16:18:29,054 - DEBUG - Loaded and stored Omron data for key '00107_seg1' and '00107_seg7'
2025-08-12 16:18:29,054 - DEBUG - Loaded and stored Omron data for key '00108_seg1' and '00108_seg7'
2025-08-12 16:18:29,054 - DEBUG - Loaded and stored Omron data for key '00109_seg1' and '00109_seg7'
2025-08-12 16:18:29,054 - DEBUG - Loaded and stored Omron data for key '00110_seg1' and '00110_seg7'
2025-08-12 16:18:29,054 - DEBUG - Loaded and stored Omron data for key '00111_seg1' and '00111_seg7'
2025-08-12 16:18:29,054 - DEBUG - Loaded and stored Omron data for key '00112_seg1' and '00112_seg7'
2025-08-12 16:18:36,048 - DEBUG - Biopac BP values for seg1: SBP=98.3, DBP=59.3 (zeros excluded)
2025-08-12 16:18:36,275 - DEBUG - Calculated shift amount for 00083: +0.7 mmHg
2025-08-12 16:18:36,277 - DEBUG - Processing 00083 - seg1
2025-08-12 16:18:41,741 - DEBUG - Saved calibrated BP data to: ./data/processed/moved/00083/seg1_bp.csv
2025-08-12 16:18:43,179 - DEBUG - Filtering: 66673 points, range before=(92594.0000, 100681.0000), after=(-327.7695, 283.3304)
2025-08-12 16:18:44,271 - DEBUG - Filtering: 66672 points, range before=(106775.0000, 111283.0000), after=(-1159.5168, 1210.9474)
2025-08-12 16:18:45,353 - DEBUG - Filtering: 66671 points, range before=(100686.0000, 109449.0000), after=(-1776.7525, 1548.2286)
2025-08-12 16:18:46,479 - DEBUG - Filtering: 66671 points, range before=(14414.0000, 16824.0000), after=(-189.1172, 290.5709)
2025-08-12 16:18:46,497 - DEBUG - Available sensors for seg1: ['sensor2', 'sensor3', 'sensor4', 'sensor5'] (4/4)
2025-08-12 16:18:49,672 - DEBUG - Loaded HR data: average 83.9 bpm
2025-08-12 16:18:49,786 - DEBUG - Using provided HR: 83.9 bpm, RR interval: 0.715s
2025-08-12 16:18:50,018 - DEBUG - Found 0 BP valleys in 60000 samples (600.0s), HR: 84 bpm
2025-08-12 16:18:50,019 - DEBUG - Warning: Insufficient BP valleys found, using original slicing method
2025-08-12 16:18:50,033 - DEBUG - Generated 590 valley-based slices from seg1
2025-08-12 16:18:50,034 - DEBUG - Processing 00083 - seg7
2025-08-12 16:18:52,234 - DEBUG - Saved calibrated BP data to: ./data/processed/moved/00083/seg7_bp.csv
2025-08-12 16:18:52,901 - DEBUG - Filtering: 33361 points, range before=(79549.0000, 105612.0000), after=(-834.1086, 767.0913)
2025-08-12 16:18:53,457 - DEBUG - Filtering: 33361 points, range before=(101502.0000, 110838.0000), after=(-912.5433, 820.6052)
2025-08-12 16:18:53,965 - DEBUG - Filtering: 33362 points, range before=(101013.0000, 113056.0000), after=(-1277.4252, 1210.3756)
2025-08-12 16:18:54,338 - DEBUG - Filtering: 33361 points, range before=(16108.0000, 18819.0000), after=(-779.8865, 1019.8508)
2025-08-12 16:18:54,350 - DEBUG - Available sensors for seg7: ['sensor2', 'sensor3', 'sensor4', 'sensor5'] (4/4)
2025-08-12 16:18:55,236 - DEBUG - Loaded HR data: average 80.2 bpm
2025-08-12 16:18:55,253 - DEBUG - Using provided HR: 80.2 bpm, RR interval: 0.748s
2025-08-12 16:18:55,306 - DEBUG - Found 0 BP valleys in 30023 samples (300.2s), HR: 80 bpm
2025-08-12 16:18:55,307 - DEBUG - Warning: Insufficient BP valleys found, using original slicing method
2025-08-12 16:18:55,315 - DEBUG - Generated 290 valley-based slices from seg7
2025-08-12 16:18:55,316 - DEBUG - Loading Omron data from: /root/ppg2bp/data/omron.csv
2025-08-12 16:18:55,322 - DEBUG - Loaded and stored Omron data for key '00042_seg1' and '00042_seg7'
2025-08-12 16:18:55,322 - DEBUG - Loaded and stored Omron data for key '00043_seg1' and '00043_seg7'
2025-08-12 16:18:55,322 - DEBUG - Loaded and stored Omron data for key '00044_seg1' and '00044_seg7'
2025-08-12 16:18:55,323 - DEBUG - Loaded and stored Omron data for key '00016_seg1' and '00016_seg7'
2025-08-12 16:18:55,323 - DEBUG - Loaded and stored Omron data for key '00045_seg1' and '00045_seg7'
2025-08-12 16:18:55,323 - DEBUG - Loaded and stored Omron data for key '00047_seg1' and '00047_seg7'
2025-08-12 16:18:55,323 - DEBUG - Loaded and stored Omron data for key '00048_seg1' and '00048_seg7'
2025-08-12 16:18:55,323 - DEBUG - Loaded and stored Omron data for key '00049_seg1' and '00049_seg7'
2025-08-12 16:18:55,324 - DEBUG - Loaded and stored Omron data for key '00050_seg1' and '00050_seg7'
2025-08-12 16:18:55,324 - DEBUG - Loaded and stored Omron data for key '00051_seg1' and '00051_seg7'
2025-08-12 16:18:55,324 - DEBUG - Loaded and stored Omron data for key '00052_seg1' and '00052_seg7'
2025-08-12 16:18:55,324 - DEBUG - Loaded and stored Omron data for key '00003_seg1' and '00003_seg7'
2025-08-12 16:18:55,324 - DEBUG - Loaded and stored Omron data for key '00053_seg1' and '00053_seg7'
2025-08-12 16:18:55,324 - DEBUG - Loaded and stored Omron data for key '00054_seg1' and '00054_seg7'
2025-08-12 16:18:55,324 - DEBUG - Loaded and stored Omron data for key '00055_seg1' and '00055_seg7'
2025-08-12 16:18:55,324 - DEBUG - Loaded and stored Omron data for key '00056_seg1' and '00056_seg7'
2025-08-12 16:18:55,324 - DEBUG - Loaded and stored Omron data for key '00057_seg1' and '00057_seg7'
2025-08-12 16:18:55,325 - DEBUG - Loaded and stored Omron data for key '00058_seg1' and '00058_seg7'
2025-08-12 16:18:55,325 - DEBUG - Loaded and stored Omron data for key '00059_seg1' and '00059_seg7'
2025-08-12 16:18:55,325 - DEBUG - Loaded and stored Omron data for key '00060_seg1' and '00060_seg7'
2025-08-12 16:18:55,325 - DEBUG - Loaded and stored Omron data for key '00061_seg1' and '00061_seg7'
2025-08-12 16:18:55,325 - DEBUG - Loaded and stored Omron data for key '00062_seg1' and '00062_seg7'
2025-08-12 16:18:55,325 - DEBUG - Loaded and stored Omron data for key '00063_seg1' and '00063_seg7'
2025-08-12 16:18:55,325 - DEBUG - Loaded and stored Omron data for key '00064_seg1' and '00064_seg7'
2025-08-12 16:18:55,325 - DEBUG - Loaded and stored Omron data for key '00065_seg1' and '00065_seg7'
2025-08-12 16:18:55,325 - DEBUG - Loaded and stored Omron data for key '00066_seg1' and '00066_seg7'
2025-08-12 16:18:55,325 - DEBUG - Loaded and stored Omron data for key '00067_seg1' and '00067_seg7'
2025-08-12 16:18:55,326 - DEBUG - Loaded and stored Omron data for key '00068_seg1' and '00068_seg7'
2025-08-12 16:18:55,326 - DEBUG - Loaded and stored Omron data for key '00069_seg1' and '00069_seg7'
2025-08-12 16:18:55,326 - DEBUG - Loaded and stored Omron data for key '00070_seg1' and '00070_seg7'
2025-08-12 16:18:55,326 - DEBUG - Loaded and stored Omron data for key '00071_seg1' and '00071_seg7'
2025-08-12 16:18:55,326 - DEBUG - Loaded and stored Omron data for key '00072_seg1' and '00072_seg7'
2025-08-12 16:18:55,326 - DEBUG - Loaded and stored Omron data for key '00073_seg1' and '00073_seg7'
2025-08-12 16:18:55,326 - DEBUG - Loaded and stored Omron data for key '00074_seg1' and '00074_seg7'
2025-08-12 16:18:55,326 - DEBUG - Loaded and stored Omron data for key '00075_seg1' and '00075_seg7'
2025-08-12 16:18:55,326 - DEBUG - Loaded and stored Omron data for key '00076_seg1' and '00076_seg7'
2025-08-12 16:18:55,326 - DEBUG - Loaded and stored Omron data for key '00077_seg1' and '00077_seg7'
2025-08-12 16:18:55,327 - DEBUG - Loaded and stored Omron data for key '00078_seg1' and '00078_seg7'
2025-08-12 16:18:55,327 - DEBUG - Loaded and stored Omron data for key '00079_seg1' and '00079_seg7'
2025-08-12 16:18:55,327 - DEBUG - Loaded and stored Omron data for key '00080_seg1' and '00080_seg7'
2025-08-12 16:18:55,327 - DEBUG - Loaded and stored Omron data for key '00081_seg1' and '00081_seg7'
2025-08-12 16:18:55,327 - DEBUG - Loaded and stored Omron data for key '00082_seg1' and '00082_seg7'
2025-08-12 16:18:55,327 - DEBUG - Loaded and stored Omron data for key '00083_seg1' and '00083_seg7'
2025-08-12 16:18:55,327 - DEBUG - Loaded and stored Omron data for key '00084_seg1' and '00084_seg7'
2025-08-12 16:18:55,327 - DEBUG - Loaded and stored Omron data for key '00085_seg1' and '00085_seg7'
2025-08-12 16:18:55,327 - DEBUG - Loaded and stored Omron data for key '00086_seg1' and '00086_seg7'
2025-08-12 16:18:55,327 - DEBUG - Loaded and stored Omron data for key '00087_seg1' and '00087_seg7'
2025-08-12 16:18:55,328 - DEBUG - Loaded and stored Omron data for key '00088_seg1' and '00088_seg7'
2025-08-12 16:18:55,328 - DEBUG - Loaded and stored Omron data for key '00089_seg1' and '00089_seg7'
2025-08-12 16:18:55,328 - DEBUG - Loaded and stored Omron data for key '00090_seg1' and '00090_seg7'
2025-08-12 16:18:55,328 - DEBUG - Loaded and stored Omron data for key '00091_seg1' and '00091_seg7'
2025-08-12 16:18:55,328 - DEBUG - Loaded and stored Omron data for key '00092_seg1' and '00092_seg7'
2025-08-12 16:18:55,328 - DEBUG - Loaded and stored Omron data for key '00093_seg1' and '00093_seg7'
2025-08-12 16:18:55,328 - DEBUG - Loaded and stored Omron data for key '00094_seg1' and '00094_seg7'
2025-08-12 16:18:55,328 - DEBUG - Loaded and stored Omron data for key '00095_seg1' and '00095_seg7'
2025-08-12 16:18:55,329 - DEBUG - Loaded and stored Omron data for key '00096_seg1' and '00096_seg7'
2025-08-12 16:18:55,329 - DEBUG - Loaded and stored Omron data for key '00097_seg1' and '00097_seg7'
2025-08-12 16:18:55,329 - DEBUG - Loaded and stored Omron data for key '00098_seg1' and '00098_seg7'
2025-08-12 16:18:55,329 - DEBUG - Loaded and stored Omron data for key '00099_seg1' and '00099_seg7'
2025-08-12 16:18:55,329 - DEBUG - Loaded and stored Omron data for key '00100_seg1' and '00100_seg7'
2025-08-12 16:18:55,329 - DEBUG - Loaded and stored Omron data for key '00101_seg1' and '00101_seg7'
2025-08-12 16:18:55,329 - DEBUG - Loaded and stored Omron data for key '00102_seg1' and '00102_seg7'
2025-08-12 16:18:55,329 - DEBUG - Loaded and stored Omron data for key '00103_seg1' and '00103_seg7'
2025-08-12 16:18:55,329 - DEBUG - Loaded and stored Omron data for key '00105_seg1' and '00105_seg7'
2025-08-12 16:18:55,329 - DEBUG - Loaded and stored Omron data for key '00106_seg1' and '00106_seg7'
2025-08-12 16:18:55,330 - DEBUG - Loaded and stored Omron data for key '00107_seg1' and '00107_seg7'
2025-08-12 16:18:55,330 - DEBUG - Loaded and stored Omron data for key '00108_seg1' and '00108_seg7'
2025-08-12 16:18:55,330 - DEBUG - Loaded and stored Omron data for key '00109_seg1' and '00109_seg7'
2025-08-12 16:18:55,330 - DEBUG - Loaded and stored Omron data for key '00110_seg1' and '00110_seg7'
2025-08-12 16:18:55,330 - DEBUG - Loaded and stored Omron data for key '00111_seg1' and '00111_seg7'
2025-08-12 16:18:55,330 - DEBUG - Loaded and stored Omron data for key '00112_seg1' and '00112_seg7'
2025-08-12 16:19:02,896 - DEBUG - Biopac BP values for seg1: SBP=109.7, DBP=68.4 (zeros excluded)
2025-08-12 16:19:03,122 - DEBUG - Calculated shift amount for 00084: +6.0 mmHg
2025-08-12 16:19:03,124 - DEBUG - Processing 00084 - seg1
2025-08-12 16:19:08,597 - DEBUG - Saved calibrated BP data to: ./data/processed/moved/00084/seg1_bp.csv
2025-08-12 16:19:09,664 - DEBUG - Filtering: 66674 points, range before=(96155.0000, 100576.0000), after=(-927.6356, 957.9523)
2025-08-12 16:19:10,619 - DEBUG - Filtering: 66673 points, range before=(91281.0000, 120617.0000), after=(-8695.0808, 9388.8534)
2025-08-12 16:19:11,609 - DEBUG - Filtering: 66673 points, range before=(113154.0000, 116662.0000), after=(-432.2963, 256.4139)
2025-08-12 16:19:12,629 - DEBUG - Filtering: 66674 points, range before=(93138.0000, 98183.0000), after=(-139.2326, 203.5893)
2025-08-12 16:19:12,644 - DEBUG - Available sensors for seg1: ['sensor2', 'sensor3', 'sensor4', 'sensor5'] (4/4)
2025-08-12 16:19:15,367 - DEBUG - Loaded HR data: average 74.2 bpm
2025-08-12 16:19:15,484 - DEBUG - Using provided HR: 74.2 bpm, RR interval: 0.809s
2025-08-12 16:19:15,648 - DEBUG - Found 727 BP valleys in 60003 samples (600.0s), HR: 74 bpm
2025-08-12 16:19:15,665 - DEBUG - Created 716 valley-based slices from 727 valleys
2025-08-12 16:19:15,666 - DEBUG - Generated 716 valley-based slices from seg1
2025-08-12 16:19:15,666 - DEBUG - Processing 00084 - seg7
2025-08-12 16:19:17,551 - DEBUG - Saved calibrated BP data to: ./data/processed/moved/00084/seg7_bp.csv
2025-08-12 16:19:17,914 - DEBUG - Filtering: 33338 points, range before=(100965.0000, 110527.0000), after=(-790.4789, 1014.1760)
2025-08-12 16:19:18,355 - DEBUG - Filtering: 33337 points, range before=(92357.0000, 97974.0000), after=(-519.5317, 488.4402)
2025-08-12 16:19:18,684 - DEBUG - Filtering: 33337 points, range before=(112129.0000, 114956.0000), after=(-137.0643, 130.0958)
2025-08-12 16:19:19,149 - DEBUG - Filtering: 33337 points, range before=(125097.0000, 134400.0000), after=(-1734.7132, 1299.5609)
2025-08-12 16:19:19,157 - DEBUG - Available sensors for seg7: ['sensor2', 'sensor3', 'sensor4', 'sensor5'] (4/4)
2025-08-12 16:19:20,011 - DEBUG - Loaded HR data: average 90.8 bpm
2025-08-12 16:19:20,026 - DEBUG - Using provided HR: 90.8 bpm, RR interval: 0.661s
2025-08-12 16:19:20,199 - DEBUG - Found 0 BP valleys in 30001 samples (300.0s), HR: 91 bpm
2025-08-12 16:19:20,200 - DEBUG - Warning: Insufficient BP valleys found, using original slicing method
2025-08-12 16:19:20,207 - DEBUG - Generated 290 valley-based slices from seg7
2025-08-12 16:19:20,208 - DEBUG - Loading Omron data from: /root/ppg2bp/data/omron.csv
2025-08-12 16:19:20,213 - DEBUG - Loaded and stored Omron data for key '00042_seg1' and '00042_seg7'
2025-08-12 16:19:20,213 - DEBUG - Loaded and stored Omron data for key '00043_seg1' and '00043_seg7'
2025-08-12 16:19:20,213 - DEBUG - Loaded and stored Omron data for key '00044_seg1' and '00044_seg7'
2025-08-12 16:19:20,213 - DEBUG - Loaded and stored Omron data for key '00016_seg1' and '00016_seg7'
2025-08-12 16:19:20,214 - DEBUG - Loaded and stored Omron data for key '00045_seg1' and '00045_seg7'
2025-08-12 16:19:20,214 - DEBUG - Loaded and stored Omron data for key '00047_seg1' and '00047_seg7'
2025-08-12 16:19:20,214 - DEBUG - Loaded and stored Omron data for key '00048_seg1' and '00048_seg7'
2025-08-12 16:19:20,214 - DEBUG - Loaded and stored Omron data for key '00049_seg1' and '00049_seg7'
2025-08-12 16:19:20,214 - DEBUG - Loaded and stored Omron data for key '00050_seg1' and '00050_seg7'
2025-08-12 16:19:20,214 - DEBUG - Loaded and stored Omron data for key '00051_seg1' and '00051_seg7'
2025-08-12 16:19:20,214 - DEBUG - Loaded and stored Omron data for key '00052_seg1' and '00052_seg7'
2025-08-12 16:19:20,214 - DEBUG - Loaded and stored Omron data for key '00003_seg1' and '00003_seg7'
2025-08-12 16:19:20,215 - DEBUG - Loaded and stored Omron data for key '00053_seg1' and '00053_seg7'
2025-08-12 16:19:20,215 - DEBUG - Loaded and stored Omron data for key '00054_seg1' and '00054_seg7'
2025-08-12 16:19:20,215 - DEBUG - Loaded and stored Omron data for key '00055_seg1' and '00055_seg7'
2025-08-12 16:19:20,215 - DEBUG - Loaded and stored Omron data for key '00056_seg1' and '00056_seg7'
2025-08-12 16:19:20,215 - DEBUG - Loaded and stored Omron data for key '00057_seg1' and '00057_seg7'
2025-08-12 16:19:20,215 - DEBUG - Loaded and stored Omron data for key '00058_seg1' and '00058_seg7'
2025-08-12 16:19:20,215 - DEBUG - Loaded and stored Omron data for key '00059_seg1' and '00059_seg7'
2025-08-12 16:19:20,215 - DEBUG - Loaded and stored Omron data for key '00060_seg1' and '00060_seg7'
2025-08-12 16:19:20,215 - DEBUG - Loaded and stored Omron data for key '00061_seg1' and '00061_seg7'
2025-08-12 16:19:20,215 - DEBUG - Loaded and stored Omron data for key '00062_seg1' and '00062_seg7'
2025-08-12 16:19:20,216 - DEBUG - Loaded and stored Omron data for key '00063_seg1' and '00063_seg7'
2025-08-12 16:19:20,216 - DEBUG - Loaded and stored Omron data for key '00064_seg1' and '00064_seg7'
2025-08-12 16:19:20,216 - DEBUG - Loaded and stored Omron data for key '00065_seg1' and '00065_seg7'
2025-08-12 16:19:20,216 - DEBUG - Loaded and stored Omron data for key '00066_seg1' and '00066_seg7'
2025-08-12 16:19:20,216 - DEBUG - Loaded and stored Omron data for key '00067_seg1' and '00067_seg7'
2025-08-12 16:19:20,216 - DEBUG - Loaded and stored Omron data for key '00068_seg1' and '00068_seg7'
2025-08-12 16:19:20,216 - DEBUG - Loaded and stored Omron data for key '00069_seg1' and '00069_seg7'
2025-08-12 16:19:20,216 - DEBUG - Loaded and stored Omron data for key '00070_seg1' and '00070_seg7'
2025-08-12 16:19:20,216 - DEBUG - Loaded and stored Omron data for key '00071_seg1' and '00071_seg7'
2025-08-12 16:19:20,217 - DEBUG - Loaded and stored Omron data for key '00072_seg1' and '00072_seg7'
2025-08-12 16:19:20,217 - DEBUG - Loaded and stored Omron data for key '00073_seg1' and '00073_seg7'
2025-08-12 16:19:20,217 - DEBUG - Loaded and stored Omron data for key '00074_seg1' and '00074_seg7'
2025-08-12 16:19:20,217 - DEBUG - Loaded and stored Omron data for key '00075_seg1' and '00075_seg7'
2025-08-12 16:19:20,217 - DEBUG - Loaded and stored Omron data for key '00076_seg1' and '00076_seg7'
2025-08-12 16:19:20,217 - DEBUG - Loaded and stored Omron data for key '00077_seg1' and '00077_seg7'
2025-08-12 16:19:20,217 - DEBUG - Loaded and stored Omron data for key '00078_seg1' and '00078_seg7'
2025-08-12 16:19:20,217 - DEBUG - Loaded and stored Omron data for key '00079_seg1' and '00079_seg7'
2025-08-12 16:19:20,217 - DEBUG - Loaded and stored Omron data for key '00080_seg1' and '00080_seg7'
2025-08-12 16:19:20,218 - DEBUG - Loaded and stored Omron data for key '00081_seg1' and '00081_seg7'
2025-08-12 16:19:20,218 - DEBUG - Loaded and stored Omron data for key '00082_seg1' and '00082_seg7'
2025-08-12 16:19:20,218 - DEBUG - Loaded and stored Omron data for key '00083_seg1' and '00083_seg7'
2025-08-12 16:19:20,218 - DEBUG - Loaded and stored Omron data for key '00084_seg1' and '00084_seg7'
2025-08-12 16:19:20,218 - DEBUG - Loaded and stored Omron data for key '00085_seg1' and '00085_seg7'
2025-08-12 16:19:20,218 - DEBUG - Loaded and stored Omron data for key '00086_seg1' and '00086_seg7'
2025-08-12 16:19:20,218 - DEBUG - Loaded and stored Omron data for key '00087_seg1' and '00087_seg7'
2025-08-12 16:19:20,218 - DEBUG - Loaded and stored Omron data for key '00088_seg1' and '00088_seg7'
2025-08-12 16:19:20,218 - DEBUG - Loaded and stored Omron data for key '00089_seg1' and '00089_seg7'
2025-08-12 16:19:20,218 - DEBUG - Loaded and stored Omron data for key '00090_seg1' and '00090_seg7'
2025-08-12 16:19:20,219 - DEBUG - Loaded and stored Omron data for key '00091_seg1' and '00091_seg7'
2025-08-12 16:19:20,219 - DEBUG - Loaded and stored Omron data for key '00092_seg1' and '00092_seg7'
2025-08-12 16:19:20,219 - DEBUG - Loaded and stored Omron data for key '00093_seg1' and '00093_seg7'
2025-08-12 16:19:20,219 - DEBUG - Loaded and stored Omron data for key '00094_seg1' and '00094_seg7'
2025-08-12 16:19:20,219 - DEBUG - Loaded and stored Omron data for key '00095_seg1' and '00095_seg7'
2025-08-12 16:19:20,219 - DEBUG - Loaded and stored Omron data for key '00096_seg1' and '00096_seg7'
2025-08-12 16:19:20,219 - DEBUG - Loaded and stored Omron data for key '00097_seg1' and '00097_seg7'
2025-08-12 16:19:20,219 - DEBUG - Loaded and stored Omron data for key '00098_seg1' and '00098_seg7'
2025-08-12 16:19:20,219 - DEBUG - Loaded and stored Omron data for key '00099_seg1' and '00099_seg7'
2025-08-12 16:19:20,219 - DEBUG - Loaded and stored Omron data for key '00100_seg1' and '00100_seg7'
2025-08-12 16:19:20,220 - DEBUG - Loaded and stored Omron data for key '00101_seg1' and '00101_seg7'
2025-08-12 16:19:20,220 - DEBUG - Loaded and stored Omron data for key '00102_seg1' and '00102_seg7'
2025-08-12 16:19:20,220 - DEBUG - Loaded and stored Omron data for key '00103_seg1' and '00103_seg7'
2025-08-12 16:19:20,220 - DEBUG - Loaded and stored Omron data for key '00105_seg1' and '00105_seg7'
2025-08-12 16:19:20,220 - DEBUG - Loaded and stored Omron data for key '00106_seg1' and '00106_seg7'
2025-08-12 16:19:20,220 - DEBUG - Loaded and stored Omron data for key '00107_seg1' and '00107_seg7'
2025-08-12 16:19:20,220 - DEBUG - Loaded and stored Omron data for key '00108_seg1' and '00108_seg7'
2025-08-12 16:19:20,220 - DEBUG - Loaded and stored Omron data for key '00109_seg1' and '00109_seg7'
2025-08-12 16:19:20,220 - DEBUG - Loaded and stored Omron data for key '00110_seg1' and '00110_seg7'
2025-08-12 16:19:20,220 - DEBUG - Loaded and stored Omron data for key '00111_seg1' and '00111_seg7'
2025-08-12 16:19:20,221 - DEBUG - Loaded and stored Omron data for key '00112_seg1' and '00112_seg7'
2025-08-12 16:19:28,451 - DEBUG - Biopac BP values for seg1: SBP=110.5, DBP=46.0 (zeros excluded)
2025-08-12 16:19:28,709 - DEBUG - No shift for 00085, delta too large (-30.5 mmHg)
2025-08-12 16:19:28,713 - DEBUG - Processing 00085 - seg1
2025-08-12 16:19:32,725 - DEBUG - Loading Omron data from: /root/ppg2bp/data/omron.csv
2025-08-12 16:19:32,730 - DEBUG - Loaded and stored Omron data for key '00042_seg1' and '00042_seg7'
2025-08-12 16:19:32,731 - DEBUG - Loaded and stored Omron data for key '00043_seg1' and '00043_seg7'
2025-08-12 16:19:32,731 - DEBUG - Loaded and stored Omron data for key '00044_seg1' and '00044_seg7'
2025-08-12 16:19:32,731 - DEBUG - Loaded and stored Omron data for key '00016_seg1' and '00016_seg7'
2025-08-12 16:19:32,731 - DEBUG - Loaded and stored Omron data for key '00045_seg1' and '00045_seg7'
2025-08-12 16:19:32,731 - DEBUG - Loaded and stored Omron data for key '00047_seg1' and '00047_seg7'
2025-08-12 16:19:32,731 - DEBUG - Loaded and stored Omron data for key '00048_seg1' and '00048_seg7'
2025-08-12 16:19:32,731 - DEBUG - Loaded and stored Omron data for key '00049_seg1' and '00049_seg7'
2025-08-12 16:19:32,731 - DEBUG - Loaded and stored Omron data for key '00050_seg1' and '00050_seg7'
2025-08-12 16:19:32,732 - DEBUG - Loaded and stored Omron data for key '00051_seg1' and '00051_seg7'
2025-08-12 16:19:32,732 - DEBUG - Loaded and stored Omron data for key '00052_seg1' and '00052_seg7'
2025-08-12 16:19:32,732 - DEBUG - Loaded and stored Omron data for key '00003_seg1' and '00003_seg7'
2025-08-12 16:19:32,732 - DEBUG - Loaded and stored Omron data for key '00053_seg1' and '00053_seg7'
2025-08-12 16:19:32,732 - DEBUG - Loaded and stored Omron data for key '00054_seg1' and '00054_seg7'
2025-08-12 16:19:32,732 - DEBUG - Loaded and stored Omron data for key '00055_seg1' and '00055_seg7'
2025-08-12 16:19:32,732 - DEBUG - Loaded and stored Omron data for key '00056_seg1' and '00056_seg7'
2025-08-12 16:19:32,732 - DEBUG - Loaded and stored Omron data for key '00057_seg1' and '00057_seg7'
2025-08-12 16:19:32,733 - DEBUG - Loaded and stored Omron data for key '00058_seg1' and '00058_seg7'
2025-08-12 16:19:32,733 - DEBUG - Loaded and stored Omron data for key '00059_seg1' and '00059_seg7'
2025-08-12 16:19:32,733 - DEBUG - Loaded and stored Omron data for key '00060_seg1' and '00060_seg7'
2025-08-12 16:19:32,733 - DEBUG - Loaded and stored Omron data for key '00061_seg1' and '00061_seg7'
2025-08-12 16:19:32,733 - DEBUG - Loaded and stored Omron data for key '00062_seg1' and '00062_seg7'
2025-08-12 16:19:32,733 - DEBUG - Loaded and stored Omron data for key '00063_seg1' and '00063_seg7'
2025-08-12 16:19:32,733 - DEBUG - Loaded and stored Omron data for key '00064_seg1' and '00064_seg7'
2025-08-12 16:19:32,733 - DEBUG - Loaded and stored Omron data for key '00065_seg1' and '00065_seg7'
2025-08-12 16:19:32,734 - DEBUG - Loaded and stored Omron data for key '00066_seg1' and '00066_seg7'
2025-08-12 16:19:32,734 - DEBUG - Loaded and stored Omron data for key '00067_seg1' and '00067_seg7'
2025-08-12 16:19:32,734 - DEBUG - Loaded and stored Omron data for key '00068_seg1' and '00068_seg7'
2025-08-12 16:19:32,734 - DEBUG - Loaded and stored Omron data for key '00069_seg1' and '00069_seg7'
2025-08-12 16:19:32,734 - DEBUG - Loaded and stored Omron data for key '00070_seg1' and '00070_seg7'
2025-08-12 16:19:32,734 - DEBUG - Loaded and stored Omron data for key '00071_seg1' and '00071_seg7'
2025-08-12 16:19:32,734 - DEBUG - Loaded and stored Omron data for key '00072_seg1' and '00072_seg7'
2025-08-12 16:19:32,734 - DEBUG - Loaded and stored Omron data for key '00073_seg1' and '00073_seg7'
2025-08-12 16:19:32,734 - DEBUG - Loaded and stored Omron data for key '00074_seg1' and '00074_seg7'
2025-08-12 16:19:32,735 - DEBUG - Loaded and stored Omron data for key '00075_seg1' and '00075_seg7'
2025-08-12 16:19:32,735 - DEBUG - Loaded and stored Omron data for key '00076_seg1' and '00076_seg7'
2025-08-12 16:19:32,735 - DEBUG - Loaded and stored Omron data for key '00077_seg1' and '00077_seg7'
2025-08-12 16:19:32,735 - DEBUG - Loaded and stored Omron data for key '00078_seg1' and '00078_seg7'
2025-08-12 16:19:32,735 - DEBUG - Loaded and stored Omron data for key '00079_seg1' and '00079_seg7'
2025-08-12 16:19:32,735 - DEBUG - Loaded and stored Omron data for key '00080_seg1' and '00080_seg7'
2025-08-12 16:19:32,735 - DEBUG - Loaded and stored Omron data for key '00081_seg1' and '00081_seg7'
2025-08-12 16:19:32,735 - DEBUG - Loaded and stored Omron data for key '00082_seg1' and '00082_seg7'
2025-08-12 16:19:32,735 - DEBUG - Loaded and stored Omron data for key '00083_seg1' and '00083_seg7'
2025-08-12 16:19:32,736 - DEBUG - Loaded and stored Omron data for key '00084_seg1' and '00084_seg7'
2025-08-12 16:19:32,736 - DEBUG - Loaded and stored Omron data for key '00085_seg1' and '00085_seg7'
2025-08-12 16:19:32,736 - DEBUG - Loaded and stored Omron data for key '00086_seg1' and '00086_seg7'
2025-08-12 16:19:32,736 - DEBUG - Loaded and stored Omron data for key '00087_seg1' and '00087_seg7'
2025-08-12 16:19:32,736 - DEBUG - Loaded and stored Omron data for key '00088_seg1' and '00088_seg7'
2025-08-12 16:19:32,736 - DEBUG - Loaded and stored Omron data for key '00089_seg1' and '00089_seg7'
2025-08-12 16:19:32,736 - DEBUG - Loaded and stored Omron data for key '00090_seg1' and '00090_seg7'
2025-08-12 16:19:32,736 - DEBUG - Loaded and stored Omron data for key '00091_seg1' and '00091_seg7'
2025-08-12 16:19:32,736 - DEBUG - Loaded and stored Omron data for key '00092_seg1' and '00092_seg7'
2025-08-12 16:19:32,736 - DEBUG - Loaded and stored Omron data for key '00093_seg1' and '00093_seg7'
2025-08-12 16:19:32,737 - DEBUG - Loaded and stored Omron data for key '00094_seg1' and '00094_seg7'
2025-08-12 16:19:32,737 - DEBUG - Loaded and stored Omron data for key '00095_seg1' and '00095_seg7'
2025-08-12 16:19:32,737 - DEBUG - Loaded and stored Omron data for key '00096_seg1' and '00096_seg7'
2025-08-12 16:19:32,737 - DEBUG - Loaded and stored Omron data for key '00097_seg1' and '00097_seg7'
2025-08-12 16:19:32,737 - DEBUG - Loaded and stored Omron data for key '00098_seg1' and '00098_seg7'
2025-08-12 16:19:32,737 - DEBUG - Loaded and stored Omron data for key '00099_seg1' and '00099_seg7'
2025-08-12 16:19:32,737 - DEBUG - Loaded and stored Omron data for key '00100_seg1' and '00100_seg7'
2025-08-12 16:19:32,737 - DEBUG - Loaded and stored Omron data for key '00101_seg1' and '00101_seg7'
2025-08-12 16:19:32,737 - DEBUG - Loaded and stored Omron data for key '00102_seg1' and '00102_seg7'
2025-08-12 16:19:32,738 - DEBUG - Loaded and stored Omron data for key '00103_seg1' and '00103_seg7'
2025-08-12 16:19:32,738 - DEBUG - Loaded and stored Omron data for key '00105_seg1' and '00105_seg7'
2025-08-12 16:19:32,738 - DEBUG - Loaded and stored Omron data for key '00106_seg1' and '00106_seg7'
2025-08-12 16:19:32,738 - DEBUG - Loaded and stored Omron data for key '00107_seg1' and '00107_seg7'
2025-08-12 16:19:32,738 - DEBUG - Loaded and stored Omron data for key '00108_seg1' and '00108_seg7'
2025-08-12 16:19:32,738 - DEBUG - Loaded and stored Omron data for key '00109_seg1' and '00109_seg7'
2025-08-12 16:19:32,738 - DEBUG - Loaded and stored Omron data for key '00110_seg1' and '00110_seg7'
2025-08-12 16:19:32,738 - DEBUG - Loaded and stored Omron data for key '00111_seg1' and '00111_seg7'
2025-08-12 16:19:32,739 - DEBUG - Loaded and stored Omron data for key '00112_seg1' and '00112_seg7'
2025-08-12 16:19:39,583 - DEBUG - Biopac BP values for seg1: SBP=110.5, DBP=46.0 (zeros excluded)
2025-08-12 16:19:39,855 - DEBUG - No shift for 00085, delta too large (-30.5 mmHg)
2025-08-12 16:19:42,336 - DEBUG - Saved calibrated BP data to: ./data/processed/moved/00085/seg1_bp.csv
2025-08-12 16:19:43,926 - DEBUG - Filtering: 66676 points, range before=(104774.0000, 107264.0000), after=(-133.1175, 152.1607)
2025-08-12 16:19:44,908 - DEBUG - Filtering: 66677 points, range before=(111147.0000, 124789.0000), after=(-867.0230, 916.6319)
2025-08-12 16:19:45,889 - DEBUG - Filtering: 66677 points, range before=(119673.0000, 121754.0000), after=(-187.5241, 119.4388)
2025-08-12 16:19:46,941 - DEBUG - Filtering: 66676 points, range before=(101685.0000, 107198.0000), after=(-451.0296, 363.6411)
2025-08-12 16:19:46,958 - DEBUG - Available sensors for seg1: ['sensor2', 'sensor3', 'sensor4', 'sensor5'] (4/4)
2025-08-12 16:19:50,041 - DEBUG - Loaded HR data: average 79.7 bpm
2025-08-12 16:19:50,157 - DEBUG - Using provided HR: 79.7 bpm, RR interval: 0.753s
2025-08-12 16:19:50,341 - DEBUG - Found 794 BP valleys in 60006 samples (600.1s), HR: 80 bpm
2025-08-12 16:19:50,355 - DEBUG - Created 780 valley-based slices from 794 valleys
2025-08-12 16:19:50,359 - DEBUG - Generated 780 valley-based slices from seg1
2025-08-12 16:19:50,359 - DEBUG - Processing 00085 - seg7
2025-08-12 16:19:51,605 - DEBUG - Loading Omron data from: /root/ppg2bp/data/omron.csv
2025-08-12 16:19:51,612 - DEBUG - Loaded and stored Omron data for key '00042_seg1' and '00042_seg7'
2025-08-12 16:19:51,613 - DEBUG - Loaded and stored Omron data for key '00043_seg1' and '00043_seg7'
2025-08-12 16:19:51,613 - DEBUG - Loaded and stored Omron data for key '00044_seg1' and '00044_seg7'
2025-08-12 16:19:51,613 - DEBUG - Loaded and stored Omron data for key '00016_seg1' and '00016_seg7'
2025-08-12 16:19:51,613 - DEBUG - Loaded and stored Omron data for key '00045_seg1' and '00045_seg7'
2025-08-12 16:19:51,613 - DEBUG - Loaded and stored Omron data for key '00047_seg1' and '00047_seg7'
2025-08-12 16:19:51,614 - DEBUG - Loaded and stored Omron data for key '00048_seg1' and '00048_seg7'
2025-08-12 16:19:51,614 - DEBUG - Loaded and stored Omron data for key '00049_seg1' and '00049_seg7'
2025-08-12 16:19:51,614 - DEBUG - Loaded and stored Omron data for key '00050_seg1' and '00050_seg7'
2025-08-12 16:19:51,614 - DEBUG - Loaded and stored Omron data for key '00051_seg1' and '00051_seg7'
2025-08-12 16:19:51,614 - DEBUG - Loaded and stored Omron data for key '00052_seg1' and '00052_seg7'
2025-08-12 16:19:51,614 - DEBUG - Loaded and stored Omron data for key '00003_seg1' and '00003_seg7'
2025-08-12 16:19:51,614 - DEBUG - Loaded and stored Omron data for key '00053_seg1' and '00053_seg7'
2025-08-12 16:19:51,614 - DEBUG - Loaded and stored Omron data for key '00054_seg1' and '00054_seg7'
2025-08-12 16:19:51,614 - DEBUG - Loaded and stored Omron data for key '00055_seg1' and '00055_seg7'
2025-08-12 16:19:51,615 - DEBUG - Loaded and stored Omron data for key '00056_seg1' and '00056_seg7'
2025-08-12 16:19:51,615 - DEBUG - Loaded and stored Omron data for key '00057_seg1' and '00057_seg7'
2025-08-12 16:19:51,615 - DEBUG - Loaded and stored Omron data for key '00058_seg1' and '00058_seg7'
2025-08-12 16:19:51,615 - DEBUG - Loaded and stored Omron data for key '00059_seg1' and '00059_seg7'
2025-08-12 16:19:51,615 - DEBUG - Loaded and stored Omron data for key '00060_seg1' and '00060_seg7'
2025-08-12 16:19:51,615 - DEBUG - Loaded and stored Omron data for key '00061_seg1' and '00061_seg7'
2025-08-12 16:19:51,615 - DEBUG - Loaded and stored Omron data for key '00062_seg1' and '00062_seg7'
2025-08-12 16:19:51,615 - DEBUG - Loaded and stored Omron data for key '00063_seg1' and '00063_seg7'
2025-08-12 16:19:51,616 - DEBUG - Loaded and stored Omron data for key '00064_seg1' and '00064_seg7'
2025-08-12 16:19:51,616 - DEBUG - Loaded and stored Omron data for key '00065_seg1' and '00065_seg7'
2025-08-12 16:19:51,616 - DEBUG - Loaded and stored Omron data for key '00066_seg1' and '00066_seg7'
2025-08-12 16:19:51,616 - DEBUG - Loaded and stored Omron data for key '00067_seg1' and '00067_seg7'
2025-08-12 16:19:51,616 - DEBUG - Loaded and stored Omron data for key '00068_seg1' and '00068_seg7'
2025-08-12 16:19:51,616 - DEBUG - Loaded and stored Omron data for key '00069_seg1' and '00069_seg7'
2025-08-12 16:19:51,616 - DEBUG - Loaded and stored Omron data for key '00070_seg1' and '00070_seg7'
2025-08-12 16:19:51,616 - DEBUG - Loaded and stored Omron data for key '00071_seg1' and '00071_seg7'
2025-08-12 16:19:51,617 - DEBUG - Loaded and stored Omron data for key '00072_seg1' and '00072_seg7'
2025-08-12 16:19:51,617 - DEBUG - Loaded and stored Omron data for key '00073_seg1' and '00073_seg7'
2025-08-12 16:19:51,617 - DEBUG - Loaded and stored Omron data for key '00074_seg1' and '00074_seg7'
2025-08-12 16:19:51,617 - DEBUG - Loaded and stored Omron data for key '00075_seg1' and '00075_seg7'
2025-08-12 16:19:51,617 - DEBUG - Loaded and stored Omron data for key '00076_seg1' and '00076_seg7'
2025-08-12 16:19:51,617 - DEBUG - Loaded and stored Omron data for key '00077_seg1' and '00077_seg7'
2025-08-12 16:19:51,617 - DEBUG - Loaded and stored Omron data for key '00078_seg1' and '00078_seg7'
2025-08-12 16:19:51,617 - DEBUG - Loaded and stored Omron data for key '00079_seg1' and '00079_seg7'
2025-08-12 16:19:51,617 - DEBUG - Loaded and stored Omron data for key '00080_seg1' and '00080_seg7'
2025-08-12 16:19:51,617 - DEBUG - Loaded and stored Omron data for key '00081_seg1' and '00081_seg7'
2025-08-12 16:19:51,618 - DEBUG - Loaded and stored Omron data for key '00082_seg1' and '00082_seg7'
2025-08-12 16:19:51,618 - DEBUG - Loaded and stored Omron data for key '00083_seg1' and '00083_seg7'
2025-08-12 16:19:51,618 - DEBUG - Loaded and stored Omron data for key '00084_seg1' and '00084_seg7'
2025-08-12 16:19:51,618 - DEBUG - Loaded and stored Omron data for key '00085_seg1' and '00085_seg7'
2025-08-12 16:19:51,618 - DEBUG - Loaded and stored Omron data for key '00086_seg1' and '00086_seg7'
2025-08-12 16:19:51,618 - DEBUG - Loaded and stored Omron data for key '00087_seg1' and '00087_seg7'
2025-08-12 16:19:51,618 - DEBUG - Loaded and stored Omron data for key '00088_seg1' and '00088_seg7'
2025-08-12 16:19:51,618 - DEBUG - Loaded and stored Omron data for key '00089_seg1' and '00089_seg7'
2025-08-12 16:19:51,618 - DEBUG - Loaded and stored Omron data for key '00090_seg1' and '00090_seg7'
2025-08-12 16:19:51,618 - DEBUG - Loaded and stored Omron data for key '00091_seg1' and '00091_seg7'
2025-08-12 16:19:51,619 - DEBUG - Loaded and stored Omron data for key '00092_seg1' and '00092_seg7'
2025-08-12 16:19:51,619 - DEBUG - Loaded and stored Omron data for key '00093_seg1' and '00093_seg7'
2025-08-12 16:19:51,619 - DEBUG - Loaded and stored Omron data for key '00094_seg1' and '00094_seg7'
2025-08-12 16:19:51,619 - DEBUG - Loaded and stored Omron data for key '00095_seg1' and '00095_seg7'
2025-08-12 16:19:51,619 - DEBUG - Loaded and stored Omron data for key '00096_seg1' and '00096_seg7'
2025-08-12 16:19:51,619 - DEBUG - Loaded and stored Omron data for key '00097_seg1' and '00097_seg7'
2025-08-12 16:19:51,619 - DEBUG - Loaded and stored Omron data for key '00098_seg1' and '00098_seg7'
2025-08-12 16:19:51,619 - DEBUG - Loaded and stored Omron data for key '00099_seg1' and '00099_seg7'
2025-08-12 16:19:51,619 - DEBUG - Loaded and stored Omron data for key '00100_seg1' and '00100_seg7'
2025-08-12 16:19:51,620 - DEBUG - Loaded and stored Omron data for key '00101_seg1' and '00101_seg7'
2025-08-12 16:19:51,620 - DEBUG - Loaded and stored Omron data for key '00102_seg1' and '00102_seg7'
2025-08-12 16:19:51,620 - DEBUG - Loaded and stored Omron data for key '00103_seg1' and '00103_seg7'
2025-08-12 16:19:51,620 - DEBUG - Loaded and stored Omron data for key '00105_seg1' and '00105_seg7'
2025-08-12 16:19:51,620 - DEBUG - Loaded and stored Omron data for key '00106_seg1' and '00106_seg7'
2025-08-12 16:19:51,620 - DEBUG - Loaded and stored Omron data for key '00107_seg1' and '00107_seg7'
2025-08-12 16:19:51,620 - DEBUG - Loaded and stored Omron data for key '00108_seg1' and '00108_seg7'
2025-08-12 16:19:51,620 - DEBUG - Loaded and stored Omron data for key '00109_seg1' and '00109_seg7'
2025-08-12 16:19:51,620 - DEBUG - Loaded and stored Omron data for key '00110_seg1' and '00110_seg7'
2025-08-12 16:19:51,621 - DEBUG - Loaded and stored Omron data for key '00111_seg1' and '00111_seg7'
2025-08-12 16:19:51,621 - DEBUG - Loaded and stored Omron data for key '00112_seg1' and '00112_seg7'
2025-08-12 16:19:58,151 - DEBUG - Biopac BP values for seg1: SBP=110.5, DBP=46.0 (zeros excluded)
2025-08-12 16:19:58,348 - DEBUG - No shift for 00085, delta too large (-30.5 mmHg)
2025-08-12 16:19:59,034 - DEBUG - Saved calibrated BP data to: ./data/processed/moved/00085/seg7_bp.csv
2025-08-12 16:19:59,595 - DEBUG - Filtering: 33337 points, range before=(103845.0000, 105346.0000), after=(-77.1370, 99.0895)
2025-08-12 16:20:00,257 - DEBUG - Filtering: 33337 points, range before=(103486.0000, 108462.0000), after=(-217.7167, 259.4269)
2025-08-12 16:20:00,696 - DEBUG - Filtering: 33338 points, range before=(119637.0000, 123297.0000), after=(-131.0835, 117.8097)
2025-08-12 16:20:01,204 - DEBUG - Filtering: 33337 points, range before=(89680.0000, 95988.0000), after=(-216.6298, 216.4735)
2025-08-12 16:20:01,215 - DEBUG - Available sensors for seg7: ['sensor2', 'sensor3', 'sensor4', 'sensor5'] (4/4)
2025-08-12 16:20:02,098 - DEBUG - Loaded HR data: average 81.6 bpm
2025-08-12 16:20:02,113 - DEBUG - Using provided HR: 81.6 bpm, RR interval: 0.735s
2025-08-12 16:20:02,221 - DEBUG - Found 0 BP valleys in 30001 samples (300.0s), HR: 82 bpm
2025-08-12 16:20:02,222 - DEBUG - Warning: Insufficient BP valleys found, using original slicing method
2025-08-12 16:20:02,227 - DEBUG - Generated 290 valley-based slices from seg7
2025-08-12 16:20:02,229 - DEBUG - Loading Omron data from: /root/ppg2bp/data/omron.csv
2025-08-12 16:20:02,232 - DEBUG - Loaded and stored Omron data for key '00042_seg1' and '00042_seg7'
2025-08-12 16:20:02,232 - DEBUG - Loaded and stored Omron data for key '00043_seg1' and '00043_seg7'
2025-08-12 16:20:02,233 - DEBUG - Loaded and stored Omron data for key '00044_seg1' and '00044_seg7'
2025-08-12 16:20:02,233 - DEBUG - Loaded and stored Omron data for key '00016_seg1' and '00016_seg7'
2025-08-12 16:20:02,233 - DEBUG - Loaded and stored Omron data for key '00045_seg1' and '00045_seg7'
2025-08-12 16:20:02,233 - DEBUG - Loaded and stored Omron data for key '00047_seg1' and '00047_seg7'
2025-08-12 16:20:02,233 - DEBUG - Loaded and stored Omron data for key '00048_seg1' and '00048_seg7'
2025-08-12 16:20:02,233 - DEBUG - Loaded and stored Omron data for key '00049_seg1' and '00049_seg7'
2025-08-12 16:20:02,233 - DEBUG - Loaded and stored Omron data for key '00050_seg1' and '00050_seg7'
2025-08-12 16:20:02,233 - DEBUG - Loaded and stored Omron data for key '00051_seg1' and '00051_seg7'
2025-08-12 16:20:02,233 - DEBUG - Loaded and stored Omron data for key '00052_seg1' and '00052_seg7'
2025-08-12 16:20:02,233 - DEBUG - Loaded and stored Omron data for key '00003_seg1' and '00003_seg7'
2025-08-12 16:20:02,233 - DEBUG - Loaded and stored Omron data for key '00053_seg1' and '00053_seg7'
2025-08-12 16:20:02,234 - DEBUG - Loaded and stored Omron data for key '00054_seg1' and '00054_seg7'
2025-08-12 16:20:02,234 - DEBUG - Loaded and stored Omron data for key '00055_seg1' and '00055_seg7'
2025-08-12 16:20:02,234 - DEBUG - Loaded and stored Omron data for key '00056_seg1' and '00056_seg7'
2025-08-12 16:20:02,234 - DEBUG - Loaded and stored Omron data for key '00057_seg1' and '00057_seg7'
2025-08-12 16:20:02,234 - DEBUG - Loaded and stored Omron data for key '00058_seg1' and '00058_seg7'
2025-08-12 16:20:02,234 - DEBUG - Loaded and stored Omron data for key '00059_seg1' and '00059_seg7'
2025-08-12 16:20:02,234 - DEBUG - Loaded and stored Omron data for key '00060_seg1' and '00060_seg7'
2025-08-12 16:20:02,234 - DEBUG - Loaded and stored Omron data for key '00061_seg1' and '00061_seg7'
2025-08-12 16:20:02,234 - DEBUG - Loaded and stored Omron data for key '00062_seg1' and '00062_seg7'
2025-08-12 16:20:02,234 - DEBUG - Loaded and stored Omron data for key '00063_seg1' and '00063_seg7'
2025-08-12 16:20:02,234 - DEBUG - Loaded and stored Omron data for key '00064_seg1' and '00064_seg7'
2025-08-12 16:20:02,235 - DEBUG - Loaded and stored Omron data for key '00065_seg1' and '00065_seg7'
2025-08-12 16:20:02,235 - DEBUG - Loaded and stored Omron data for key '00066_seg1' and '00066_seg7'
2025-08-12 16:20:02,235 - DEBUG - Loaded and stored Omron data for key '00067_seg1' and '00067_seg7'
2025-08-12 16:20:02,235 - DEBUG - Loaded and stored Omron data for key '00068_seg1' and '00068_seg7'
2025-08-12 16:20:02,235 - DEBUG - Loaded and stored Omron data for key '00069_seg1' and '00069_seg7'
2025-08-12 16:20:02,235 - DEBUG - Loaded and stored Omron data for key '00070_seg1' and '00070_seg7'
2025-08-12 16:20:02,235 - DEBUG - Loaded and stored Omron data for key '00071_seg1' and '00071_seg7'
2025-08-12 16:20:02,235 - DEBUG - Loaded and stored Omron data for key '00072_seg1' and '00072_seg7'
2025-08-12 16:20:02,235 - DEBUG - Loaded and stored Omron data for key '00073_seg1' and '00073_seg7'
2025-08-12 16:20:02,235 - DEBUG - Loaded and stored Omron data for key '00074_seg1' and '00074_seg7'
2025-08-12 16:20:02,236 - DEBUG - Loaded and stored Omron data for key '00075_seg1' and '00075_seg7'
2025-08-12 16:20:02,236 - DEBUG - Loaded and stored Omron data for key '00076_seg1' and '00076_seg7'
2025-08-12 16:20:02,236 - DEBUG - Loaded and stored Omron data for key '00077_seg1' and '00077_seg7'
2025-08-12 16:20:02,236 - DEBUG - Loaded and stored Omron data for key '00078_seg1' and '00078_seg7'
2025-08-12 16:20:02,236 - DEBUG - Loaded and stored Omron data for key '00079_seg1' and '00079_seg7'
2025-08-12 16:20:02,236 - DEBUG - Loaded and stored Omron data for key '00080_seg1' and '00080_seg7'
2025-08-12 16:20:02,236 - DEBUG - Loaded and stored Omron data for key '00081_seg1' and '00081_seg7'
2025-08-12 16:20:02,236 - DEBUG - Loaded and stored Omron data for key '00082_seg1' and '00082_seg7'
2025-08-12 16:20:02,236 - DEBUG - Loaded and stored Omron data for key '00083_seg1' and '00083_seg7'
2025-08-12 16:20:02,236 - DEBUG - Loaded and stored Omron data for key '00084_seg1' and '00084_seg7'
2025-08-12 16:20:02,236 - DEBUG - Loaded and stored Omron data for key '00085_seg1' and '00085_seg7'
2025-08-12 16:20:02,236 - DEBUG - Loaded and stored Omron data for key '00086_seg1' and '00086_seg7'
2025-08-12 16:20:02,237 - DEBUG - Loaded and stored Omron data for key '00087_seg1' and '00087_seg7'
2025-08-12 16:20:02,237 - DEBUG - Loaded and stored Omron data for key '00088_seg1' and '00088_seg7'
2025-08-12 16:20:02,237 - DEBUG - Loaded and stored Omron data for key '00089_seg1' and '00089_seg7'
2025-08-12 16:20:02,237 - DEBUG - Loaded and stored Omron data for key '00090_seg1' and '00090_seg7'
2025-08-12 16:20:02,237 - DEBUG - Loaded and stored Omron data for key '00091_seg1' and '00091_seg7'
2025-08-12 16:20:02,237 - DEBUG - Loaded and stored Omron data for key '00092_seg1' and '00092_seg7'
2025-08-12 16:20:02,237 - DEBUG - Loaded and stored Omron data for key '00093_seg1' and '00093_seg7'
2025-08-12 16:20:02,237 - DEBUG - Loaded and stored Omron data for key '00094_seg1' and '00094_seg7'
2025-08-12 16:20:02,237 - DEBUG - Loaded and stored Omron data for key '00095_seg1' and '00095_seg7'
2025-08-12 16:20:02,237 - DEBUG - Loaded and stored Omron data for key '00096_seg1' and '00096_seg7'
2025-08-12 16:20:02,237 - DEBUG - Loaded and stored Omron data for key '00097_seg1' and '00097_seg7'
2025-08-12 16:20:02,238 - DEBUG - Loaded and stored Omron data for key '00098_seg1' and '00098_seg7'
2025-08-12 16:20:02,238 - DEBUG - Loaded and stored Omron data for key '00099_seg1' and '00099_seg7'
2025-08-12 16:20:02,238 - DEBUG - Loaded and stored Omron data for key '00100_seg1' and '00100_seg7'
2025-08-12 16:20:02,238 - DEBUG - Loaded and stored Omron data for key '00101_seg1' and '00101_seg7'
2025-08-12 16:20:02,238 - DEBUG - Loaded and stored Omron data for key '00102_seg1' and '00102_seg7'
2025-08-12 16:20:02,238 - DEBUG - Loaded and stored Omron data for key '00103_seg1' and '00103_seg7'
2025-08-12 16:20:02,238 - DEBUG - Loaded and stored Omron data for key '00105_seg1' and '00105_seg7'
2025-08-12 16:20:02,238 - DEBUG - Loaded and stored Omron data for key '00106_seg1' and '00106_seg7'
2025-08-12 16:20:02,238 - DEBUG - Loaded and stored Omron data for key '00107_seg1' and '00107_seg7'
2025-08-12 16:20:02,238 - DEBUG - Loaded and stored Omron data for key '00108_seg1' and '00108_seg7'
2025-08-12 16:20:02,238 - DEBUG - Loaded and stored Omron data for key '00109_seg1' and '00109_seg7'
2025-08-12 16:20:02,239 - DEBUG - Loaded and stored Omron data for key '00110_seg1' and '00110_seg7'
2025-08-12 16:20:02,239 - DEBUG - Loaded and stored Omron data for key '00111_seg1' and '00111_seg7'
2025-08-12 16:20:02,239 - DEBUG - Loaded and stored Omron data for key '00112_seg1' and '00112_seg7'
2025-08-12 16:20:08,873 - DEBUG - Biopac BP values for seg1: SBP=95.0, DBP=50.0 (zeros excluded)
2025-08-12 16:20:09,073 - DEBUG - Calculated shift amount for 00086: +11.5 mmHg
2025-08-12 16:20:09,074 - DEBUG - Processing 00086 - seg1
2025-08-12 16:20:13,346 - DEBUG - Saved calibrated BP data to: ./data/processed/moved/00086/seg1_bp.csv
2025-08-12 16:20:14,213 - DEBUG - Filtering: 66677 points, range before=(82483.0000, 91254.0000), after=(-844.9948, 745.2590)
2025-08-12 16:20:14,987 - DEBUG - Filtering: 66677 points, range before=(104719.0000, 119986.0000), after=(-1791.0177, 1945.6061)
2025-08-12 16:20:15,836 - DEBUG - Filtering: 66676 points, range before=(122045.0000, 126526.0000), after=(-179.4147, 145.6685)
2025-08-12 16:20:16,735 - DEBUG - Filtering: 66676 points, range before=(98964.0000, 104735.0000), after=(-646.1290, 826.1583)
2025-08-12 16:20:16,745 - DEBUG - Available sensors for seg1: ['sensor2', 'sensor3', 'sensor4', 'sensor5'] (4/4)
2025-08-12 16:20:18,847 - DEBUG - Loaded HR data: average 69.2 bpm
2025-08-12 16:20:18,942 - DEBUG - Using provided HR: 69.2 bpm, RR interval: 0.867s
2025-08-12 16:20:19,095 - DEBUG - Found 0 BP valleys in 60005 samples (600.0s), HR: 69 bpm
2025-08-12 16:20:19,096 - DEBUG - Warning: Insufficient BP valleys found, using original slicing method
2025-08-12 16:20:19,110 - DEBUG - Generated 590 valley-based slices from seg1
2025-08-12 16:20:19,110 - DEBUG - Processing 00086 - seg7
2025-08-12 16:20:20,893 - DEBUG - Saved calibrated BP data to: ./data/processed/moved/00086/seg7_bp.csv
2025-08-12 16:20:21,386 - DEBUG - Filtering: 33334 points, range before=(101180.0000, 110097.0000), after=(-678.5535, 551.7964)
2025-08-12 16:20:21,863 - DEBUG - Filtering: 33334 points, range before=(104678.0000, 115881.0000), after=(-1253.7688, 1328.4262)
2025-08-12 16:20:22,303 - DEBUG - Filtering: 33336 points, range before=(127551.0000, 130154.0000), after=(-436.3656, 573.2524)
2025-08-12 16:20:22,742 - DEBUG - Filtering: 33335 points, range before=(96446.0000, 100479.0000), after=(-581.6274, 715.3530)
2025-08-12 16:20:22,751 - DEBUG - Available sensors for seg7: ['sensor2', 'sensor3', 'sensor4', 'sensor5'] (4/4)
2025-08-12 16:20:23,495 - DEBUG - Loaded HR data: average 66.3 bpm
2025-08-12 16:20:23,512 - DEBUG - Using provided HR: 66.3 bpm, RR interval: 0.905s
2025-08-12 16:20:23,548 - DEBUG - Found 0 BP valleys in 29999 samples (300.0s), HR: 66 bpm
2025-08-12 16:20:23,548 - DEBUG - Warning: Insufficient BP valleys found, using original slicing method
2025-08-12 16:20:23,555 - DEBUG - Generated 289 valley-based slices from seg7
2025-08-12 16:20:23,556 - DEBUG - Loading Omron data from: /root/ppg2bp/data/omron.csv
2025-08-12 16:20:23,562 - DEBUG - Loaded and stored Omron data for key '00042_seg1' and '00042_seg7'
2025-08-12 16:20:23,562 - DEBUG - Loaded and stored Omron data for key '00043_seg1' and '00043_seg7'
2025-08-12 16:20:23,562 - DEBUG - Loaded and stored Omron data for key '00044_seg1' and '00044_seg7'
2025-08-12 16:20:23,562 - DEBUG - Loaded and stored Omron data for key '00016_seg1' and '00016_seg7'
2025-08-12 16:20:23,563 - DEBUG - Loaded and stored Omron data for key '00045_seg1' and '00045_seg7'
2025-08-12 16:20:23,563 - DEBUG - Loaded and stored Omron data for key '00047_seg1' and '00047_seg7'
2025-08-12 16:20:23,563 - DEBUG - Loaded and stored Omron data for key '00048_seg1' and '00048_seg7'
2025-08-12 16:20:23,563 - DEBUG - Loaded and stored Omron data for key '00049_seg1' and '00049_seg7'
2025-08-12 16:20:23,563 - DEBUG - Loaded and stored Omron data for key '00050_seg1' and '00050_seg7'
2025-08-12 16:20:23,563 - DEBUG - Loaded and stored Omron data for key '00051_seg1' and '00051_seg7'
2025-08-12 16:20:23,564 - DEBUG - Loaded and stored Omron data for key '00052_seg1' and '00052_seg7'
2025-08-12 16:20:23,564 - DEBUG - Loaded and stored Omron data for key '00003_seg1' and '00003_seg7'
2025-08-12 16:20:23,564 - DEBUG - Loaded and stored Omron data for key '00053_seg1' and '00053_seg7'
2025-08-12 16:20:23,564 - DEBUG - Loaded and stored Omron data for key '00054_seg1' and '00054_seg7'
2025-08-12 16:20:23,564 - DEBUG - Loaded and stored Omron data for key '00055_seg1' and '00055_seg7'
2025-08-12 16:20:23,564 - DEBUG - Loaded and stored Omron data for key '00056_seg1' and '00056_seg7'
2025-08-12 16:20:23,564 - DEBUG - Loaded and stored Omron data for key '00057_seg1' and '00057_seg7'
2025-08-12 16:20:23,565 - DEBUG - Loaded and stored Omron data for key '00058_seg1' and '00058_seg7'
2025-08-12 16:20:23,565 - DEBUG - Loaded and stored Omron data for key '00059_seg1' and '00059_seg7'
2025-08-12 16:20:23,565 - DEBUG - Loaded and stored Omron data for key '00060_seg1' and '00060_seg7'
2025-08-12 16:20:23,565 - DEBUG - Loaded and stored Omron data for key '00061_seg1' and '00061_seg7'
2025-08-12 16:20:23,565 - DEBUG - Loaded and stored Omron data for key '00062_seg1' and '00062_seg7'
2025-08-12 16:20:23,565 - DEBUG - Loaded and stored Omron data for key '00063_seg1' and '00063_seg7'
2025-08-12 16:20:23,565 - DEBUG - Loaded and stored Omron data for key '00064_seg1' and '00064_seg7'
2025-08-12 16:20:23,565 - DEBUG - Loaded and stored Omron data for key '00065_seg1' and '00065_seg7'
2025-08-12 16:20:23,566 - DEBUG - Loaded and stored Omron data for key '00066_seg1' and '00066_seg7'
2025-08-12 16:20:23,566 - DEBUG - Loaded and stored Omron data for key '00067_seg1' and '00067_seg7'
2025-08-12 16:20:23,566 - DEBUG - Loaded and stored Omron data for key '00068_seg1' and '00068_seg7'
2025-08-12 16:20:23,566 - DEBUG - Loaded and stored Omron data for key '00069_seg1' and '00069_seg7'
2025-08-12 16:20:23,566 - DEBUG - Loaded and stored Omron data for key '00070_seg1' and '00070_seg7'
2025-08-12 16:20:23,566 - DEBUG - Loaded and stored Omron data for key '00071_seg1' and '00071_seg7'
2025-08-12 16:20:23,566 - DEBUG - Loaded and stored Omron data for key '00072_seg1' and '00072_seg7'
2025-08-12 16:20:23,567 - DEBUG - Loaded and stored Omron data for key '00073_seg1' and '00073_seg7'
2025-08-12 16:20:23,567 - DEBUG - Loaded and stored Omron data for key '00074_seg1' and '00074_seg7'
2025-08-12 16:20:23,567 - DEBUG - Loaded and stored Omron data for key '00075_seg1' and '00075_seg7'
2025-08-12 16:20:23,567 - DEBUG - Loaded and stored Omron data for key '00076_seg1' and '00076_seg7'
2025-08-12 16:20:23,567 - DEBUG - Loaded and stored Omron data for key '00077_seg1' and '00077_seg7'
2025-08-12 16:20:23,567 - DEBUG - Loaded and stored Omron data for key '00078_seg1' and '00078_seg7'
2025-08-12 16:20:23,567 - DEBUG - Loaded and stored Omron data for key '00079_seg1' and '00079_seg7'
2025-08-12 16:20:23,567 - DEBUG - Loaded and stored Omron data for key '00080_seg1' and '00080_seg7'
2025-08-12 16:20:23,568 - DEBUG - Loaded and stored Omron data for key '00081_seg1' and '00081_seg7'
2025-08-12 16:20:23,568 - DEBUG - Loaded and stored Omron data for key '00082_seg1' and '00082_seg7'
2025-08-12 16:20:23,568 - DEBUG - Loaded and stored Omron data for key '00083_seg1' and '00083_seg7'
2025-08-12 16:20:23,568 - DEBUG - Loaded and stored Omron data for key '00084_seg1' and '00084_seg7'
2025-08-12 16:20:23,568 - DEBUG - Loaded and stored Omron data for key '00085_seg1' and '00085_seg7'
2025-08-12 16:20:23,568 - DEBUG - Loaded and stored Omron data for key '00086_seg1' and '00086_seg7'
2025-08-12 16:20:23,568 - DEBUG - Loaded and stored Omron data for key '00087_seg1' and '00087_seg7'
2025-08-12 16:20:23,569 - DEBUG - Loaded and stored Omron data for key '00088_seg1' and '00088_seg7'
2025-08-12 16:20:23,569 - DEBUG - Loaded and stored Omron data for key '00089_seg1' and '00089_seg7'
2025-08-12 16:20:23,569 - DEBUG - Loaded and stored Omron data for key '00090_seg1' and '00090_seg7'
2025-08-12 16:20:23,569 - DEBUG - Loaded and stored Omron data for key '00091_seg1' and '00091_seg7'
2025-08-12 16:20:23,569 - DEBUG - Loaded and stored Omron data for key '00092_seg1' and '00092_seg7'
2025-08-12 16:20:23,569 - DEBUG - Loaded and stored Omron data for key '00093_seg1' and '00093_seg7'
2025-08-12 16:20:23,569 - DEBUG - Loaded and stored Omron data for key '00094_seg1' and '00094_seg7'
2025-08-12 16:20:23,570 - DEBUG - Loaded and stored Omron data for key '00095_seg1' and '00095_seg7'
2025-08-12 16:20:23,570 - DEBUG - Loaded and stored Omron data for key '00096_seg1' and '00096_seg7'
2025-08-12 16:20:23,570 - DEBUG - Loaded and stored Omron data for key '00097_seg1' and '00097_seg7'
2025-08-12 16:20:23,570 - DEBUG - Loaded and stored Omron data for key '00098_seg1' and '00098_seg7'
2025-08-12 16:20:23,570 - DEBUG - Loaded and stored Omron data for key '00099_seg1' and '00099_seg7'
2025-08-12 16:20:23,570 - DEBUG - Loaded and stored Omron data for key '00100_seg1' and '00100_seg7'
2025-08-12 16:20:23,570 - DEBUG - Loaded and stored Omron data for key '00101_seg1' and '00101_seg7'
2025-08-12 16:20:23,570 - DEBUG - Loaded and stored Omron data for key '00102_seg1' and '00102_seg7'
2025-08-12 16:20:23,571 - DEBUG - Loaded and stored Omron data for key '00103_seg1' and '00103_seg7'
2025-08-12 16:20:23,571 - DEBUG - Loaded and stored Omron data for key '00105_seg1' and '00105_seg7'
2025-08-12 16:20:23,571 - DEBUG - Loaded and stored Omron data for key '00106_seg1' and '00106_seg7'
2025-08-12 16:20:23,571 - DEBUG - Loaded and stored Omron data for key '00107_seg1' and '00107_seg7'
2025-08-12 16:20:23,571 - DEBUG - Loaded and stored Omron data for key '00108_seg1' and '00108_seg7'
2025-08-12 16:20:23,571 - DEBUG - Loaded and stored Omron data for key '00109_seg1' and '00109_seg7'
2025-08-12 16:20:23,571 - DEBUG - Loaded and stored Omron data for key '00110_seg1' and '00110_seg7'
2025-08-12 16:20:23,572 - DEBUG - Loaded and stored Omron data for key '00111_seg1' and '00111_seg7'
2025-08-12 16:20:23,572 - DEBUG - Loaded and stored Omron data for key '00112_seg1' and '00112_seg7'
2025-08-12 16:20:29,732 - DEBUG - Biopac BP values for seg1: SBP=99.0, DBP=58.8 (zeros excluded)
2025-08-12 16:20:29,912 - DEBUG - Calculated shift amount for 00087: +10.6 mmHg
2025-08-12 16:20:29,914 - DEBUG - Processing 00087 - seg1
2025-08-12 16:20:35,393 - DEBUG - Saved calibrated BP data to: ./data/processed/moved/00087/seg1_bp.csv
2025-08-12 16:20:36,666 - DEBUG - Filtering: 66670 points, range before=(80856.0000, 82330.0000), after=(-349.4993, 151.0624)
2025-08-12 16:20:37,689 - DEBUG - Filtering: 66671 points, range before=(119605.0000, 125761.0000), after=(-544.3471, 585.8659)
2025-08-12 16:20:38,716 - DEBUG - Filtering: 66670 points, range before=(120055.0000, 124484.0000), after=(-841.4132, 723.1100)
2025-08-12 16:20:39,700 - DEBUG - Filtering: 66670 points, range before=(140331.0000, 145798.0000), after=(-230.1720, 164.4547)
2025-08-12 16:20:39,715 - DEBUG - Available sensors for seg1: ['sensor2', 'sensor3', 'sensor4', 'sensor5'] (4/4)
2025-08-12 16:20:42,490 - DEBUG - Loaded HR data: average 89.7 bpm
2025-08-12 16:20:42,605 - DEBUG - Using provided HR: 89.7 bpm, RR interval: 0.669s
2025-08-12 16:20:42,839 - DEBUG - Found 898 BP valleys in 59999 samples (600.0s), HR: 90 bpm
2025-08-12 16:20:42,859 - DEBUG - Created 883 valley-based slices from 898 valleys
2025-08-12 16:20:42,860 - DEBUG - Generated 883 valley-based slices from seg1
2025-08-12 16:20:42,861 - DEBUG - Processing 00087 - seg7
2025-08-12 16:20:44,754 - DEBUG - Saved calibrated BP data to: ./data/processed/moved/00087/seg7_bp.csv
2025-08-12 16:20:45,072 - DEBUG - Filtering: 33334 points, range before=(79917.0000, 81865.0000), after=(-460.0046, 197.6023)
2025-08-12 16:20:45,625 - DEBUG - Filtering: 33334 points, range before=(114040.0000, 129584.0000), after=(-1601.5751, 1824.4789)
2025-08-12 16:20:46,086 - DEBUG - Filtering: 33335 points, range before=(122314.0000, 127514.0000), after=(-100.9084, 93.6396)
2025-08-12 16:20:46,584 - DEBUG - Filtering: 33336 points, range before=(9466.0000, 20181.0000), after=(-384.4706, 429.3657)
2025-08-12 16:20:46,595 - DEBUG - Available sensors for seg7: ['sensor2', 'sensor3', 'sensor4', 'sensor5'] (4/4)
2025-08-12 16:20:47,397 - DEBUG - Loaded HR data: average 84.8 bpm
2025-08-12 16:20:47,413 - DEBUG - Using provided HR: 84.8 bpm, RR interval: 0.708s
2025-08-12 16:20:47,466 - DEBUG - Found 0 BP valleys in 29998 samples (300.0s), HR: 85 bpm
2025-08-12 16:20:47,467 - DEBUG - Warning: Insufficient BP valleys found, using original slicing method
2025-08-12 16:20:47,474 - DEBUG - Generated 289 valley-based slices from seg7
2025-08-12 16:20:47,475 - DEBUG - Loading Omron data from: /root/ppg2bp/data/omron.csv
2025-08-12 16:20:47,482 - DEBUG - Loaded and stored Omron data for key '00042_seg1' and '00042_seg7'
2025-08-12 16:20:47,482 - DEBUG - Loaded and stored Omron data for key '00043_seg1' and '00043_seg7'
2025-08-12 16:20:47,483 - DEBUG - Loaded and stored Omron data for key '00044_seg1' and '00044_seg7'
2025-08-12 16:20:47,483 - DEBUG - Loaded and stored Omron data for key '00016_seg1' and '00016_seg7'
2025-08-12 16:20:47,483 - DEBUG - Loaded and stored Omron data for key '00045_seg1' and '00045_seg7'
2025-08-12 16:20:47,483 - DEBUG - Loaded and stored Omron data for key '00047_seg1' and '00047_seg7'
2025-08-12 16:20:47,483 - DEBUG - Loaded and stored Omron data for key '00048_seg1' and '00048_seg7'
2025-08-12 16:20:47,483 - DEBUG - Loaded and stored Omron data for key '00049_seg1' and '00049_seg7'
2025-08-12 16:20:47,483 - DEBUG - Loaded and stored Omron data for key '00050_seg1' and '00050_seg7'
2025-08-12 16:20:47,483 - DEBUG - Loaded and stored Omron data for key '00051_seg1' and '00051_seg7'
2025-08-12 16:20:47,484 - DEBUG - Loaded and stored Omron data for key '00052_seg1' and '00052_seg7'
2025-08-12 16:20:47,484 - DEBUG - Loaded and stored Omron data for key '00003_seg1' and '00003_seg7'
2025-08-12 16:20:47,484 - DEBUG - Loaded and stored Omron data for key '00053_seg1' and '00053_seg7'
2025-08-12 16:20:47,484 - DEBUG - Loaded and stored Omron data for key '00054_seg1' and '00054_seg7'
2025-08-12 16:20:47,484 - DEBUG - Loaded and stored Omron data for key '00055_seg1' and '00055_seg7'
2025-08-12 16:20:47,484 - DEBUG - Loaded and stored Omron data for key '00056_seg1' and '00056_seg7'
2025-08-12 16:20:47,484 - DEBUG - Loaded and stored Omron data for key '00057_seg1' and '00057_seg7'
2025-08-12 16:20:47,484 - DEBUG - Loaded and stored Omron data for key '00058_seg1' and '00058_seg7'
2025-08-12 16:20:47,484 - DEBUG - Loaded and stored Omron data for key '00059_seg1' and '00059_seg7'
2025-08-12 16:20:47,485 - DEBUG - Loaded and stored Omron data for key '00060_seg1' and '00060_seg7'
2025-08-12 16:20:47,485 - DEBUG - Loaded and stored Omron data for key '00061_seg1' and '00061_seg7'
2025-08-12 16:20:47,485 - DEBUG - Loaded and stored Omron data for key '00062_seg1' and '00062_seg7'
2025-08-12 16:20:47,485 - DEBUG - Loaded and stored Omron data for key '00063_seg1' and '00063_seg7'
2025-08-12 16:20:47,485 - DEBUG - Loaded and stored Omron data for key '00064_seg1' and '00064_seg7'
2025-08-12 16:20:47,485 - DEBUG - Loaded and stored Omron data for key '00065_seg1' and '00065_seg7'
2025-08-12 16:20:47,485 - DEBUG - Loaded and stored Omron data for key '00066_seg1' and '00066_seg7'
2025-08-12 16:20:47,485 - DEBUG - Loaded and stored Omron data for key '00067_seg1' and '00067_seg7'
2025-08-12 16:20:47,485 - DEBUG - Loaded and stored Omron data for key '00068_seg1' and '00068_seg7'
2025-08-12 16:20:47,486 - DEBUG - Loaded and stored Omron data for key '00069_seg1' and '00069_seg7'
2025-08-12 16:20:47,486 - DEBUG - Loaded and stored Omron data for key '00070_seg1' and '00070_seg7'
2025-08-12 16:20:47,486 - DEBUG - Loaded and stored Omron data for key '00071_seg1' and '00071_seg7'
2025-08-12 16:20:47,486 - DEBUG - Loaded and stored Omron data for key '00072_seg1' and '00072_seg7'
2025-08-12 16:20:47,486 - DEBUG - Loaded and stored Omron data for key '00073_seg1' and '00073_seg7'
2025-08-12 16:20:47,486 - DEBUG - Loaded and stored Omron data for key '00074_seg1' and '00074_seg7'
2025-08-12 16:20:47,486 - DEBUG - Loaded and stored Omron data for key '00075_seg1' and '00075_seg7'
2025-08-12 16:20:47,486 - DEBUG - Loaded and stored Omron data for key '00076_seg1' and '00076_seg7'
2025-08-12 16:20:47,486 - DEBUG - Loaded and stored Omron data for key '00077_seg1' and '00077_seg7'
2025-08-12 16:20:47,487 - DEBUG - Loaded and stored Omron data for key '00078_seg1' and '00078_seg7'
2025-08-12 16:20:47,487 - DEBUG - Loaded and stored Omron data for key '00079_seg1' and '00079_seg7'
2025-08-12 16:20:47,487 - DEBUG - Loaded and stored Omron data for key '00080_seg1' and '00080_seg7'
2025-08-12 16:20:47,487 - DEBUG - Loaded and stored Omron data for key '00081_seg1' and '00081_seg7'
2025-08-12 16:20:47,487 - DEBUG - Loaded and stored Omron data for key '00082_seg1' and '00082_seg7'
2025-08-12 16:20:47,487 - DEBUG - Loaded and stored Omron data for key '00083_seg1' and '00083_seg7'
2025-08-12 16:20:47,487 - DEBUG - Loaded and stored Omron data for key '00084_seg1' and '00084_seg7'
2025-08-12 16:20:47,487 - DEBUG - Loaded and stored Omron data for key '00085_seg1' and '00085_seg7'
2025-08-12 16:20:47,487 - DEBUG - Loaded and stored Omron data for key '00086_seg1' and '00086_seg7'
2025-08-12 16:20:47,488 - DEBUG - Loaded and stored Omron data for key '00087_seg1' and '00087_seg7'
2025-08-12 16:20:47,488 - DEBUG - Loaded and stored Omron data for key '00088_seg1' and '00088_seg7'
2025-08-12 16:20:47,488 - DEBUG - Loaded and stored Omron data for key '00089_seg1' and '00089_seg7'
2025-08-12 16:20:47,488 - DEBUG - Loaded and stored Omron data for key '00090_seg1' and '00090_seg7'
2025-08-12 16:20:47,488 - DEBUG - Loaded and stored Omron data for key '00091_seg1' and '00091_seg7'
2025-08-12 16:20:47,488 - DEBUG - Loaded and stored Omron data for key '00092_seg1' and '00092_seg7'
2025-08-12 16:20:47,488 - DEBUG - Loaded and stored Omron data for key '00093_seg1' and '00093_seg7'
2025-08-12 16:20:47,488 - DEBUG - Loaded and stored Omron data for key '00094_seg1' and '00094_seg7'
2025-08-12 16:20:47,488 - DEBUG - Loaded and stored Omron data for key '00095_seg1' and '00095_seg7'
2025-08-12 16:20:47,489 - DEBUG - Loaded and stored Omron data for key '00096_seg1' and '00096_seg7'
2025-08-12 16:20:47,489 - DEBUG - Loaded and stored Omron data for key '00097_seg1' and '00097_seg7'
2025-08-12 16:20:47,489 - DEBUG - Loaded and stored Omron data for key '00098_seg1' and '00098_seg7'
2025-08-12 16:20:47,489 - DEBUG - Loaded and stored Omron data for key '00099_seg1' and '00099_seg7'
2025-08-12 16:20:47,489 - DEBUG - Loaded and stored Omron data for key '00100_seg1' and '00100_seg7'
2025-08-12 16:20:47,489 - DEBUG - Loaded and stored Omron data for key '00101_seg1' and '00101_seg7'
2025-08-12 16:20:47,489 - DEBUG - Loaded and stored Omron data for key '00102_seg1' and '00102_seg7'
2025-08-12 16:20:47,489 - DEBUG - Loaded and stored Omron data for key '00103_seg1' and '00103_seg7'
2025-08-12 16:20:47,490 - DEBUG - Loaded and stored Omron data for key '00105_seg1' and '00105_seg7'
2025-08-12 16:20:47,490 - DEBUG - Loaded and stored Omron data for key '00106_seg1' and '00106_seg7'
2025-08-12 16:20:47,490 - DEBUG - Loaded and stored Omron data for key '00107_seg1' and '00107_seg7'
2025-08-12 16:20:47,490 - DEBUG - Loaded and stored Omron data for key '00108_seg1' and '00108_seg7'
2025-08-12 16:20:47,490 - DEBUG - Loaded and stored Omron data for key '00109_seg1' and '00109_seg7'
2025-08-12 16:20:47,490 - DEBUG - Loaded and stored Omron data for key '00110_seg1' and '00110_seg7'
2025-08-12 16:20:47,490 - DEBUG - Loaded and stored Omron data for key '00111_seg1' and '00111_seg7'
2025-08-12 16:20:47,490 - DEBUG - Loaded and stored Omron data for key '00112_seg1' and '00112_seg7'
2025-08-12 16:20:47,491 - DEBUG - Systolic BP file not found: ./data/raw/00088/seg1_systolic_bp.csv
2025-08-12 16:20:47,491 - DEBUG - Diastolic BP file not found: ./data/raw/00088/seg1_diastolic_bp.csv
2025-08-12 16:20:47,491 - DEBUG - No Biopac SBP/DBP data for 00088 seg1
2025-08-12 16:20:47,491 - DEBUG - Processing 00088 - seg1
2025-08-12 16:20:47,491 - DEBUG - No data processed for seg1
2025-08-12 16:20:47,491 - DEBUG - Processing 00088 - seg7
2025-08-12 16:20:47,491 - DEBUG - No data processed for seg7
2025-08-12 16:20:47,491 - DEBUG - Loading Omron data from: /root/ppg2bp/data/omron.csv
2025-08-12 16:20:47,494 - DEBUG - Loaded and stored Omron data for key '00042_seg1' and '00042_seg7'
2025-08-12 16:20:47,494 - DEBUG - Loaded and stored Omron data for key '00043_seg1' and '00043_seg7'
2025-08-12 16:20:47,494 - DEBUG - Loaded and stored Omron data for key '00044_seg1' and '00044_seg7'
2025-08-12 16:20:47,494 - DEBUG - Loaded and stored Omron data for key '00016_seg1' and '00016_seg7'
2025-08-12 16:20:47,495 - DEBUG - Loaded and stored Omron data for key '00045_seg1' and '00045_seg7'
2025-08-12 16:20:47,495 - DEBUG - Loaded and stored Omron data for key '00047_seg1' and '00047_seg7'
2025-08-12 16:20:47,495 - DEBUG - Loaded and stored Omron data for key '00048_seg1' and '00048_seg7'
2025-08-12 16:20:47,495 - DEBUG - Loaded and stored Omron data for key '00049_seg1' and '00049_seg7'
2025-08-12 16:20:47,495 - DEBUG - Loaded and stored Omron data for key '00050_seg1' and '00050_seg7'
2025-08-12 16:20:47,495 - DEBUG - Loaded and stored Omron data for key '00051_seg1' and '00051_seg7'
2025-08-12 16:20:47,495 - DEBUG - Loaded and stored Omron data for key '00052_seg1' and '00052_seg7'
2025-08-12 16:20:47,495 - DEBUG - Loaded and stored Omron data for key '00003_seg1' and '00003_seg7'
2025-08-12 16:20:47,495 - DEBUG - Loaded and stored Omron data for key '00053_seg1' and '00053_seg7'
2025-08-12 16:20:47,496 - DEBUG - Loaded and stored Omron data for key '00054_seg1' and '00054_seg7'
2025-08-12 16:20:47,496 - DEBUG - Loaded and stored Omron data for key '00055_seg1' and '00055_seg7'
2025-08-12 16:20:47,496 - DEBUG - Loaded and stored Omron data for key '00056_seg1' and '00056_seg7'
2025-08-12 16:20:47,496 - DEBUG - Loaded and stored Omron data for key '00057_seg1' and '00057_seg7'
2025-08-12 16:20:47,496 - DEBUG - Loaded and stored Omron data for key '00058_seg1' and '00058_seg7'
2025-08-12 16:20:47,496 - DEBUG - Loaded and stored Omron data for key '00059_seg1' and '00059_seg7'
2025-08-12 16:20:47,496 - DEBUG - Loaded and stored Omron data for key '00060_seg1' and '00060_seg7'
2025-08-12 16:20:47,496 - DEBUG - Loaded and stored Omron data for key '00061_seg1' and '00061_seg7'
2025-08-12 16:20:47,496 - DEBUG - Loaded and stored Omron data for key '00062_seg1' and '00062_seg7'
2025-08-12 16:20:47,496 - DEBUG - Loaded and stored Omron data for key '00063_seg1' and '00063_seg7'
2025-08-12 16:20:47,497 - DEBUG - Loaded and stored Omron data for key '00064_seg1' and '00064_seg7'
2025-08-12 16:20:47,497 - DEBUG - Loaded and stored Omron data for key '00065_seg1' and '00065_seg7'
2025-08-12 16:20:47,497 - DEBUG - Loaded and stored Omron data for key '00066_seg1' and '00066_seg7'
2025-08-12 16:20:47,497 - DEBUG - Loaded and stored Omron data for key '00067_seg1' and '00067_seg7'
2025-08-12 16:20:47,497 - DEBUG - Loaded and stored Omron data for key '00068_seg1' and '00068_seg7'
2025-08-12 16:20:47,497 - DEBUG - Loaded and stored Omron data for key '00069_seg1' and '00069_seg7'
2025-08-12 16:20:47,497 - DEBUG - Loaded and stored Omron data for key '00070_seg1' and '00070_seg7'
2025-08-12 16:20:47,497 - DEBUG - Loaded and stored Omron data for key '00071_seg1' and '00071_seg7'
2025-08-12 16:20:47,497 - DEBUG - Loaded and stored Omron data for key '00072_seg1' and '00072_seg7'
2025-08-12 16:20:47,498 - DEBUG - Loaded and stored Omron data for key '00073_seg1' and '00073_seg7'
2025-08-12 16:20:47,498 - DEBUG - Loaded and stored Omron data for key '00074_seg1' and '00074_seg7'
2025-08-12 16:20:47,498 - DEBUG - Loaded and stored Omron data for key '00075_seg1' and '00075_seg7'
2025-08-12 16:20:47,498 - DEBUG - Loaded and stored Omron data for key '00076_seg1' and '00076_seg7'
2025-08-12 16:20:47,498 - DEBUG - Loaded and stored Omron data for key '00077_seg1' and '00077_seg7'
2025-08-12 16:20:47,498 - DEBUG - Loaded and stored Omron data for key '00078_seg1' and '00078_seg7'
2025-08-12 16:20:47,498 - DEBUG - Loaded and stored Omron data for key '00079_seg1' and '00079_seg7'
2025-08-12 16:20:47,498 - DEBUG - Loaded and stored Omron data for key '00080_seg1' and '00080_seg7'
2025-08-12 16:20:47,498 - DEBUG - Loaded and stored Omron data for key '00081_seg1' and '00081_seg7'
2025-08-12 16:20:47,498 - DEBUG - Loaded and stored Omron data for key '00082_seg1' and '00082_seg7'
2025-08-12 16:20:47,499 - DEBUG - Loaded and stored Omron data for key '00083_seg1' and '00083_seg7'
2025-08-12 16:20:47,499 - DEBUG - Loaded and stored Omron data for key '00084_seg1' and '00084_seg7'
2025-08-12 16:20:47,499 - DEBUG - Loaded and stored Omron data for key '00085_seg1' and '00085_seg7'
2025-08-12 16:20:47,499 - DEBUG - Loaded and stored Omron data for key '00086_seg1' and '00086_seg7'
2025-08-12 16:20:47,499 - DEBUG - Loaded and stored Omron data for key '00087_seg1' and '00087_seg7'
2025-08-12 16:20:47,499 - DEBUG - Loaded and stored Omron data for key '00088_seg1' and '00088_seg7'
2025-08-12 16:20:47,499 - DEBUG - Loaded and stored Omron data for key '00089_seg1' and '00089_seg7'
2025-08-12 16:20:47,499 - DEBUG - Loaded and stored Omron data for key '00090_seg1' and '00090_seg7'
2025-08-12 16:20:47,499 - DEBUG - Loaded and stored Omron data for key '00091_seg1' and '00091_seg7'
2025-08-12 16:20:47,500 - DEBUG - Loaded and stored Omron data for key '00092_seg1' and '00092_seg7'
2025-08-12 16:20:47,500 - DEBUG - Loaded and stored Omron data for key '00093_seg1' and '00093_seg7'
2025-08-12 16:20:47,500 - DEBUG - Loaded and stored Omron data for key '00094_seg1' and '00094_seg7'
2025-08-12 16:20:47,500 - DEBUG - Loaded and stored Omron data for key '00095_seg1' and '00095_seg7'
2025-08-12 16:20:47,500 - DEBUG - Loaded and stored Omron data for key '00096_seg1' and '00096_seg7'
2025-08-12 16:20:47,500 - DEBUG - Loaded and stored Omron data for key '00097_seg1' and '00097_seg7'
2025-08-12 16:20:47,500 - DEBUG - Loaded and stored Omron data for key '00098_seg1' and '00098_seg7'
2025-08-12 16:20:47,500 - DEBUG - Loaded and stored Omron data for key '00099_seg1' and '00099_seg7'
2025-08-12 16:20:47,500 - DEBUG - Loaded and stored Omron data for key '00100_seg1' and '00100_seg7'
2025-08-12 16:20:47,501 - DEBUG - Loaded and stored Omron data for key '00101_seg1' and '00101_seg7'
2025-08-12 16:20:47,501 - DEBUG - Loaded and stored Omron data for key '00102_seg1' and '00102_seg7'
2025-08-12 16:20:47,501 - DEBUG - Loaded and stored Omron data for key '00103_seg1' and '00103_seg7'
2025-08-12 16:20:47,501 - DEBUG - Loaded and stored Omron data for key '00105_seg1' and '00105_seg7'
2025-08-12 16:20:47,501 - DEBUG - Loaded and stored Omron data for key '00106_seg1' and '00106_seg7'
2025-08-12 16:20:47,501 - DEBUG - Loaded and stored Omron data for key '00107_seg1' and '00107_seg7'
2025-08-12 16:20:47,501 - DEBUG - Loaded and stored Omron data for key '00108_seg1' and '00108_seg7'
2025-08-12 16:20:47,501 - DEBUG - Loaded and stored Omron data for key '00109_seg1' and '00109_seg7'
2025-08-12 16:20:47,501 - DEBUG - Loaded and stored Omron data for key '00110_seg1' and '00110_seg7'
2025-08-12 16:20:47,501 - DEBUG - Loaded and stored Omron data for key '00111_seg1' and '00111_seg7'
2025-08-12 16:20:47,502 - DEBUG - Loaded and stored Omron data for key '00112_seg1' and '00112_seg7'
2025-08-12 16:20:47,502 - DEBUG - Systolic BP file not found: ./data/raw/00089/seg1_systolic_bp.csv
2025-08-12 16:20:47,502 - DEBUG - Diastolic BP file not found: ./data/raw/00089/seg1_diastolic_bp.csv
2025-08-12 16:20:47,502 - DEBUG - No Biopac SBP/DBP data for 00089 seg1
2025-08-12 16:20:47,502 - DEBUG - Processing 00089 - seg1
2025-08-12 16:20:47,502 - DEBUG - No data processed for seg1
2025-08-12 16:20:47,502 - DEBUG - Processing 00089 - seg7
2025-08-12 16:20:47,502 - DEBUG - No data processed for seg7
2025-08-12 16:21:49,829 - DEBUG - Generated 35331 samples for train set (combined)
2025-08-12 16:21:49,829 - DEBUG - PPG shape: (35331, 4, 1000), BP shape: (35331, 1000), Mask shape: (35331, 4)
2025-08-12 16:21:49,830 - DEBUG -   sensor2 availability: 99.2%
2025-08-12 16:21:49,830 - DEBUG -   sensor3 availability: 98.4%
2025-08-12 16:21:49,830 - DEBUG -   sensor4 availability: 100.0%
2025-08-12 16:21:49,830 - DEBUG -   sensor5 availability: 97.9%
2025-08-12 16:21:51,229 - DEBUG - Saved combined dataset to ./data/processed/train_data.npz
2025-08-12 16:21:52,229 - DEBUG - Generated 24607 samples for train set (seg1 only)
2025-08-12 16:21:54,948 - DEBUG - Saved seg1 dataset to ./data/processed/train_seg1_data.npz
2025-08-12 16:21:55,485 - DEBUG - Generated 10724 samples for train set (seg7 only)
2025-08-12 16:21:57,143 - DEBUG - Saved seg7 dataset to ./data/processed/train_seg7_data.npz
2025-08-12 16:21:57,678 - DEBUG - Generating VALIDATION SET
2025-08-12 16:21:57,684 - DEBUG - Loading Omron data from: /root/ppg2bp/data/omron.csv
2025-08-12 16:21:57,704 - DEBUG - Loaded and stored Omron data for key '00042_seg1' and '00042_seg7'
2025-08-12 16:21:57,706 - DEBUG - Loaded and stored Omron data for key '00043_seg1' and '00043_seg7'
2025-08-12 16:21:57,707 - DEBUG - Loaded and stored Omron data for key '00044_seg1' and '00044_seg7'
2025-08-12 16:21:57,709 - DEBUG - Loaded and stored Omron data for key '00016_seg1' and '00016_seg7'
2025-08-12 16:21:57,710 - DEBUG - Loaded and stored Omron data for key '00045_seg1' and '00045_seg7'
2025-08-12 16:21:57,711 - DEBUG - Loaded and stored Omron data for key '00047_seg1' and '00047_seg7'
2025-08-12 16:21:57,712 - DEBUG - Loaded and stored Omron data for key '00048_seg1' and '00048_seg7'
2025-08-12 16:21:57,713 - DEBUG - Loaded and stored Omron data for key '00049_seg1' and '00049_seg7'
2025-08-12 16:21:57,714 - DEBUG - Loaded and stored Omron data for key '00050_seg1' and '00050_seg7'
2025-08-12 16:21:57,715 - DEBUG - Loaded and stored Omron data for key '00051_seg1' and '00051_seg7'
2025-08-12 16:21:57,715 - DEBUG - Loaded and stored Omron data for key '00052_seg1' and '00052_seg7'
2025-08-12 16:21:57,715 - DEBUG - Loaded and stored Omron data for key '00003_seg1' and '00003_seg7'
2025-08-12 16:21:57,716 - DEBUG - Loaded and stored Omron data for key '00053_seg1' and '00053_seg7'
2025-08-12 16:21:57,716 - DEBUG - Loaded and stored Omron data for key '00054_seg1' and '00054_seg7'
2025-08-12 16:21:57,716 - DEBUG - Loaded and stored Omron data for key '00055_seg1' and '00055_seg7'
2025-08-12 16:21:57,716 - DEBUG - Loaded and stored Omron data for key '00056_seg1' and '00056_seg7'
2025-08-12 16:21:57,716 - DEBUG - Loaded and stored Omron data for key '00057_seg1' and '00057_seg7'
2025-08-12 16:21:57,716 - DEBUG - Loaded and stored Omron data for key '00058_seg1' and '00058_seg7'
2025-08-12 16:21:57,716 - DEBUG - Loaded and stored Omron data for key '00059_seg1' and '00059_seg7'
2025-08-12 16:21:57,717 - DEBUG - Loaded and stored Omron data for key '00060_seg1' and '00060_seg7'
2025-08-12 16:21:57,717 - DEBUG - Loaded and stored Omron data for key '00061_seg1' and '00061_seg7'
2025-08-12 16:21:57,717 - DEBUG - Loaded and stored Omron data for key '00062_seg1' and '00062_seg7'
2025-08-12 16:21:57,717 - DEBUG - Loaded and stored Omron data for key '00063_seg1' and '00063_seg7'
2025-08-12 16:21:57,717 - DEBUG - Loaded and stored Omron data for key '00064_seg1' and '00064_seg7'
2025-08-12 16:21:57,717 - DEBUG - Loaded and stored Omron data for key '00065_seg1' and '00065_seg7'
2025-08-12 16:21:57,717 - DEBUG - Loaded and stored Omron data for key '00066_seg1' and '00066_seg7'
2025-08-12 16:21:57,717 - DEBUG - Loaded and stored Omron data for key '00067_seg1' and '00067_seg7'
2025-08-12 16:21:57,717 - DEBUG - Loaded and stored Omron data for key '00068_seg1' and '00068_seg7'
2025-08-12 16:21:57,718 - DEBUG - Loaded and stored Omron data for key '00069_seg1' and '00069_seg7'
2025-08-12 16:21:57,718 - DEBUG - Loaded and stored Omron data for key '00070_seg1' and '00070_seg7'
2025-08-12 16:21:57,718 - DEBUG - Loaded and stored Omron data for key '00071_seg1' and '00071_seg7'
2025-08-12 16:21:57,718 - DEBUG - Loaded and stored Omron data for key '00072_seg1' and '00072_seg7'
2025-08-12 16:21:57,718 - DEBUG - Loaded and stored Omron data for key '00073_seg1' and '00073_seg7'
2025-08-12 16:21:57,718 - DEBUG - Loaded and stored Omron data for key '00074_seg1' and '00074_seg7'
2025-08-12 16:21:57,718 - DEBUG - Loaded and stored Omron data for key '00075_seg1' and '00075_seg7'
2025-08-12 16:21:57,718 - DEBUG - Loaded and stored Omron data for key '00076_seg1' and '00076_seg7'
2025-08-12 16:21:57,718 - DEBUG - Loaded and stored Omron data for key '00077_seg1' and '00077_seg7'
2025-08-12 16:21:57,718 - DEBUG - Loaded and stored Omron data for key '00078_seg1' and '00078_seg7'
2025-08-12 16:21:57,719 - DEBUG - Loaded and stored Omron data for key '00079_seg1' and '00079_seg7'
2025-08-12 16:21:57,719 - DEBUG - Loaded and stored Omron data for key '00080_seg1' and '00080_seg7'
2025-08-12 16:21:57,719 - DEBUG - Loaded and stored Omron data for key '00081_seg1' and '00081_seg7'
2025-08-12 16:21:57,719 - DEBUG - Loaded and stored Omron data for key '00082_seg1' and '00082_seg7'
2025-08-12 16:21:57,719 - DEBUG - Loaded and stored Omron data for key '00083_seg1' and '00083_seg7'
2025-08-12 16:21:57,719 - DEBUG - Loaded and stored Omron data for key '00084_seg1' and '00084_seg7'
2025-08-12 16:21:57,719 - DEBUG - Loaded and stored Omron data for key '00085_seg1' and '00085_seg7'
2025-08-12 16:21:57,719 - DEBUG - Loaded and stored Omron data for key '00086_seg1' and '00086_seg7'
2025-08-12 16:21:57,719 - DEBUG - Loaded and stored Omron data for key '00087_seg1' and '00087_seg7'
2025-08-12 16:21:57,719 - DEBUG - Loaded and stored Omron data for key '00088_seg1' and '00088_seg7'
2025-08-12 16:21:57,720 - DEBUG - Loaded and stored Omron data for key '00089_seg1' and '00089_seg7'
2025-08-12 16:21:57,720 - DEBUG - Loaded and stored Omron data for key '00090_seg1' and '00090_seg7'
2025-08-12 16:21:57,720 - DEBUG - Loaded and stored Omron data for key '00091_seg1' and '00091_seg7'
2025-08-12 16:21:57,720 - DEBUG - Loaded and stored Omron data for key '00092_seg1' and '00092_seg7'
2025-08-12 16:21:57,720 - DEBUG - Loaded and stored Omron data for key '00093_seg1' and '00093_seg7'
2025-08-12 16:21:57,720 - DEBUG - Loaded and stored Omron data for key '00094_seg1' and '00094_seg7'
2025-08-12 16:21:57,720 - DEBUG - Loaded and stored Omron data for key '00095_seg1' and '00095_seg7'
2025-08-12 16:21:57,720 - DEBUG - Loaded and stored Omron data for key '00096_seg1' and '00096_seg7'
2025-08-12 16:21:57,720 - DEBUG - Loaded and stored Omron data for key '00097_seg1' and '00097_seg7'
2025-08-12 16:21:57,720 - DEBUG - Loaded and stored Omron data for key '00098_seg1' and '00098_seg7'
2025-08-12 16:21:57,721 - DEBUG - Loaded and stored Omron data for key '00099_seg1' and '00099_seg7'
2025-08-12 16:21:57,721 - DEBUG - Loaded and stored Omron data for key '00100_seg1' and '00100_seg7'
2025-08-12 16:21:57,721 - DEBUG - Loaded and stored Omron data for key '00101_seg1' and '00101_seg7'
2025-08-12 16:21:57,721 - DEBUG - Loaded and stored Omron data for key '00102_seg1' and '00102_seg7'
2025-08-12 16:21:57,721 - DEBUG - Loaded and stored Omron data for key '00103_seg1' and '00103_seg7'
2025-08-12 16:21:57,721 - DEBUG - Loaded and stored Omron data for key '00105_seg1' and '00105_seg7'
2025-08-12 16:21:57,721 - DEBUG - Loaded and stored Omron data for key '00106_seg1' and '00106_seg7'
2025-08-12 16:21:57,721 - DEBUG - Loaded and stored Omron data for key '00107_seg1' and '00107_seg7'
2025-08-12 16:21:57,722 - DEBUG - Loaded and stored Omron data for key '00108_seg1' and '00108_seg7'
2025-08-12 16:21:57,722 - DEBUG - Loaded and stored Omron data for key '00109_seg1' and '00109_seg7'
2025-08-12 16:21:57,722 - DEBUG - Loaded and stored Omron data for key '00110_seg1' and '00110_seg7'
2025-08-12 16:21:57,722 - DEBUG - Loaded and stored Omron data for key '00111_seg1' and '00111_seg7'
2025-08-12 16:21:57,722 - DEBUG - Loaded and stored Omron data for key '00112_seg1' and '00112_seg7'
2025-08-12 16:22:10,039 - DEBUG - Biopac BP values for seg1: SBP=114.7, DBP=47.1 (zeros excluded)
2025-08-12 16:22:10,169 - DEBUG - No shift for 00090, delta too large (-17.7 mmHg)
2025-08-12 16:22:10,173 - DEBUG - Processing 00090 - seg1
2025-08-12 16:22:13,042 - DEBUG - Loading Omron data from: /root/ppg2bp/data/omron.csv
2025-08-12 16:22:13,045 - DEBUG - Loaded and stored Omron data for key '00042_seg1' and '00042_seg7'
2025-08-12 16:22:13,045 - DEBUG - Loaded and stored Omron data for key '00043_seg1' and '00043_seg7'
2025-08-12 16:22:13,045 - DEBUG - Loaded and stored Omron data for key '00044_seg1' and '00044_seg7'
2025-08-12 16:22:13,046 - DEBUG - Loaded and stored Omron data for key '00016_seg1' and '00016_seg7'
2025-08-12 16:22:13,046 - DEBUG - Loaded and stored Omron data for key '00045_seg1' and '00045_seg7'
2025-08-12 16:22:13,046 - DEBUG - Loaded and stored Omron data for key '00047_seg1' and '00047_seg7'
2025-08-12 16:22:13,046 - DEBUG - Loaded and stored Omron data for key '00048_seg1' and '00048_seg7'
2025-08-12 16:22:13,046 - DEBUG - Loaded and stored Omron data for key '00049_seg1' and '00049_seg7'
2025-08-12 16:22:13,046 - DEBUG - Loaded and stored Omron data for key '00050_seg1' and '00050_seg7'
2025-08-12 16:22:13,046 - DEBUG - Loaded and stored Omron data for key '00051_seg1' and '00051_seg7'
2025-08-12 16:22:13,046 - DEBUG - Loaded and stored Omron data for key '00052_seg1' and '00052_seg7'
2025-08-12 16:22:13,046 - DEBUG - Loaded and stored Omron data for key '00003_seg1' and '00003_seg7'
2025-08-12 16:22:13,046 - DEBUG - Loaded and stored Omron data for key '00053_seg1' and '00053_seg7'
2025-08-12 16:22:13,046 - DEBUG - Loaded and stored Omron data for key '00054_seg1' and '00054_seg7'
2025-08-12 16:22:13,047 - DEBUG - Loaded and stored Omron data for key '00055_seg1' and '00055_seg7'
2025-08-12 16:22:13,047 - DEBUG - Loaded and stored Omron data for key '00056_seg1' and '00056_seg7'
2025-08-12 16:22:13,047 - DEBUG - Loaded and stored Omron data for key '00057_seg1' and '00057_seg7'
2025-08-12 16:22:13,047 - DEBUG - Loaded and stored Omron data for key '00058_seg1' and '00058_seg7'
2025-08-12 16:22:13,047 - DEBUG - Loaded and stored Omron data for key '00059_seg1' and '00059_seg7'
2025-08-12 16:22:13,047 - DEBUG - Loaded and stored Omron data for key '00060_seg1' and '00060_seg7'
2025-08-12 16:22:13,047 - DEBUG - Loaded and stored Omron data for key '00061_seg1' and '00061_seg7'
2025-08-12 16:22:13,047 - DEBUG - Loaded and stored Omron data for key '00062_seg1' and '00062_seg7'
2025-08-12 16:22:13,047 - DEBUG - Loaded and stored Omron data for key '00063_seg1' and '00063_seg7'
2025-08-12 16:22:13,047 - DEBUG - Loaded and stored Omron data for key '00064_seg1' and '00064_seg7'
2025-08-12 16:22:13,047 - DEBUG - Loaded and stored Omron data for key '00065_seg1' and '00065_seg7'
2025-08-12 16:22:13,047 - DEBUG - Loaded and stored Omron data for key '00066_seg1' and '00066_seg7'
2025-08-12 16:22:13,048 - DEBUG - Loaded and stored Omron data for key '00067_seg1' and '00067_seg7'
2025-08-12 16:22:13,048 - DEBUG - Loaded and stored Omron data for key '00068_seg1' and '00068_seg7'
2025-08-12 16:22:13,048 - DEBUG - Loaded and stored Omron data for key '00069_seg1' and '00069_seg7'
2025-08-12 16:22:13,048 - DEBUG - Loaded and stored Omron data for key '00070_seg1' and '00070_seg7'
2025-08-12 16:22:13,048 - DEBUG - Loaded and stored Omron data for key '00071_seg1' and '00071_seg7'
2025-08-12 16:22:13,048 - DEBUG - Loaded and stored Omron data for key '00072_seg1' and '00072_seg7'
2025-08-12 16:22:13,048 - DEBUG - Loaded and stored Omron data for key '00073_seg1' and '00073_seg7'
2025-08-12 16:22:13,048 - DEBUG - Loaded and stored Omron data for key '00074_seg1' and '00074_seg7'
2025-08-12 16:22:13,048 - DEBUG - Loaded and stored Omron data for key '00075_seg1' and '00075_seg7'
2025-08-12 16:22:13,048 - DEBUG - Loaded and stored Omron data for key '00076_seg1' and '00076_seg7'
2025-08-12 16:22:13,048 - DEBUG - Loaded and stored Omron data for key '00077_seg1' and '00077_seg7'
2025-08-12 16:22:13,048 - DEBUG - Loaded and stored Omron data for key '00078_seg1' and '00078_seg7'
2025-08-12 16:22:13,049 - DEBUG - Loaded and stored Omron data for key '00079_seg1' and '00079_seg7'
2025-08-12 16:22:13,049 - DEBUG - Loaded and stored Omron data for key '00080_seg1' and '00080_seg7'
2025-08-12 16:22:13,049 - DEBUG - Loaded and stored Omron data for key '00081_seg1' and '00081_seg7'
2025-08-12 16:22:13,049 - DEBUG - Loaded and stored Omron data for key '00082_seg1' and '00082_seg7'
2025-08-12 16:22:13,049 - DEBUG - Loaded and stored Omron data for key '00083_seg1' and '00083_seg7'
2025-08-12 16:22:13,049 - DEBUG - Loaded and stored Omron data for key '00084_seg1' and '00084_seg7'
2025-08-12 16:22:13,049 - DEBUG - Loaded and stored Omron data for key '00085_seg1' and '00085_seg7'
2025-08-12 16:22:13,049 - DEBUG - Loaded and stored Omron data for key '00086_seg1' and '00086_seg7'
2025-08-12 16:22:13,049 - DEBUG - Loaded and stored Omron data for key '00087_seg1' and '00087_seg7'
2025-08-12 16:22:13,049 - DEBUG - Loaded and stored Omron data for key '00088_seg1' and '00088_seg7'
2025-08-12 16:22:13,049 - DEBUG - Loaded and stored Omron data for key '00089_seg1' and '00089_seg7'
2025-08-12 16:22:13,049 - DEBUG - Loaded and stored Omron data for key '00090_seg1' and '00090_seg7'
2025-08-12 16:22:13,050 - DEBUG - Loaded and stored Omron data for key '00091_seg1' and '00091_seg7'
2025-08-12 16:22:13,050 - DEBUG - Loaded and stored Omron data for key '00092_seg1' and '00092_seg7'
2025-08-12 16:22:13,050 - DEBUG - Loaded and stored Omron data for key '00093_seg1' and '00093_seg7'
2025-08-12 16:22:13,050 - DEBUG - Loaded and stored Omron data for key '00094_seg1' and '00094_seg7'
2025-08-12 16:22:13,050 - DEBUG - Loaded and stored Omron data for key '00095_seg1' and '00095_seg7'
2025-08-12 16:22:13,050 - DEBUG - Loaded and stored Omron data for key '00096_seg1' and '00096_seg7'
2025-08-12 16:22:13,050 - DEBUG - Loaded and stored Omron data for key '00097_seg1' and '00097_seg7'
2025-08-12 16:22:13,050 - DEBUG - Loaded and stored Omron data for key '00098_seg1' and '00098_seg7'
2025-08-12 16:22:13,051 - DEBUG - Loaded and stored Omron data for key '00099_seg1' and '00099_seg7'
2025-08-12 16:22:13,051 - DEBUG - Loaded and stored Omron data for key '00100_seg1' and '00100_seg7'
2025-08-12 16:22:13,051 - DEBUG - Loaded and stored Omron data for key '00101_seg1' and '00101_seg7'
2025-08-12 16:22:13,051 - DEBUG - Loaded and stored Omron data for key '00102_seg1' and '00102_seg7'
2025-08-12 16:22:13,051 - DEBUG - Loaded and stored Omron data for key '00103_seg1' and '00103_seg7'
2025-08-12 16:22:13,051 - DEBUG - Loaded and stored Omron data for key '00105_seg1' and '00105_seg7'
2025-08-12 16:22:13,051 - DEBUG - Loaded and stored Omron data for key '00106_seg1' and '00106_seg7'
2025-08-12 16:22:13,051 - DEBUG - Loaded and stored Omron data for key '00107_seg1' and '00107_seg7'
2025-08-12 16:22:13,051 - DEBUG - Loaded and stored Omron data for key '00108_seg1' and '00108_seg7'
2025-08-12 16:22:13,051 - DEBUG - Loaded and stored Omron data for key '00109_seg1' and '00109_seg7'
2025-08-12 16:22:13,052 - DEBUG - Loaded and stored Omron data for key '00110_seg1' and '00110_seg7'
2025-08-12 16:22:13,052 - DEBUG - Loaded and stored Omron data for key '00111_seg1' and '00111_seg7'
2025-08-12 16:22:13,052 - DEBUG - Loaded and stored Omron data for key '00112_seg1' and '00112_seg7'
2025-08-12 16:22:17,346 - DEBUG - Biopac BP values for seg1: SBP=114.7, DBP=47.1 (zeros excluded)
2025-08-12 16:22:17,442 - DEBUG - No shift for 00090, delta too large (-17.7 mmHg)
2025-08-12 16:22:20,349 - DEBUG - Saved calibrated BP data to: ./data/processed/moved/00090/seg1_bp.csv
2025-08-12 16:22:20,946 - DEBUG - Filtering: 66676 points, range before=(94554.0000, 109474.0000), after=(-2317.6358, 2173.8171)
2025-08-12 16:22:21,336 - DEBUG - Filtering: 66675 points, range before=(90272.0000, 106612.0000), after=(-2330.4226, 2768.0562)
2025-08-12 16:22:21,824 - DEBUG - Filtering: 66674 points, range before=(116934.0000, 128218.0000), after=(-1966.2526, 1824.3444)
2025-08-12 16:22:22,235 - DEBUG - Filtering: 66675 points, range before=(23717.0000, 141492.0000), after=(-38623.4021, 37941.2416)
2025-08-12 16:22:22,239 - DEBUG - Available sensors for seg1: ['sensor2', 'sensor3', 'sensor4', 'sensor5'] (4/4)
2025-08-12 16:22:24,434 - DEBUG - Loaded HR data: average 89.7 bpm
2025-08-12 16:22:24,448 - DEBUG - Using provided HR: 89.7 bpm, RR interval: 0.669s
2025-08-12 16:22:24,718 - DEBUG - Found 0 BP valleys in 60003 samples (600.0s), HR: 90 bpm
2025-08-12 16:22:24,719 - DEBUG - Warning: Insufficient BP valleys found, using original slicing method
2025-08-12 16:22:24,733 - DEBUG - Generated 590 valley-based slices from seg1
2025-08-12 16:22:24,733 - DEBUG - Processing 00090 - seg7
2025-08-12 16:22:25,638 - DEBUG - Loading Omron data from: /root/ppg2bp/data/omron.csv
2025-08-12 16:22:25,640 - DEBUG - Loaded and stored Omron data for key '00042_seg1' and '00042_seg7'
2025-08-12 16:22:25,640 - DEBUG - Loaded and stored Omron data for key '00043_seg1' and '00043_seg7'
2025-08-12 16:22:25,640 - DEBUG - Loaded and stored Omron data for key '00044_seg1' and '00044_seg7'
2025-08-12 16:22:25,640 - DEBUG - Loaded and stored Omron data for key '00016_seg1' and '00016_seg7'
2025-08-12 16:22:25,641 - DEBUG - Loaded and stored Omron data for key '00045_seg1' and '00045_seg7'
2025-08-12 16:22:25,641 - DEBUG - Loaded and stored Omron data for key '00047_seg1' and '00047_seg7'
2025-08-12 16:22:25,641 - DEBUG - Loaded and stored Omron data for key '00048_seg1' and '00048_seg7'
2025-08-12 16:22:25,641 - DEBUG - Loaded and stored Omron data for key '00049_seg1' and '00049_seg7'
2025-08-12 16:22:25,641 - DEBUG - Loaded and stored Omron data for key '00050_seg1' and '00050_seg7'
2025-08-12 16:22:25,641 - DEBUG - Loaded and stored Omron data for key '00051_seg1' and '00051_seg7'
2025-08-12 16:22:25,641 - DEBUG - Loaded and stored Omron data for key '00052_seg1' and '00052_seg7'
2025-08-12 16:22:25,641 - DEBUG - Loaded and stored Omron data for key '00003_seg1' and '00003_seg7'
2025-08-12 16:22:25,641 - DEBUG - Loaded and stored Omron data for key '00053_seg1' and '00053_seg7'
2025-08-12 16:22:25,641 - DEBUG - Loaded and stored Omron data for key '00054_seg1' and '00054_seg7'
2025-08-12 16:22:25,641 - DEBUG - Loaded and stored Omron data for key '00055_seg1' and '00055_seg7'
2025-08-12 16:22:25,642 - DEBUG - Loaded and stored Omron data for key '00056_seg1' and '00056_seg7'
2025-08-12 16:22:25,642 - DEBUG - Loaded and stored Omron data for key '00057_seg1' and '00057_seg7'
2025-08-12 16:22:25,642 - DEBUG - Loaded and stored Omron data for key '00058_seg1' and '00058_seg7'
2025-08-12 16:22:25,642 - DEBUG - Loaded and stored Omron data for key '00059_seg1' and '00059_seg7'
2025-08-12 16:22:25,642 - DEBUG - Loaded and stored Omron data for key '00060_seg1' and '00060_seg7'
2025-08-12 16:22:25,642 - DEBUG - Loaded and stored Omron data for key '00061_seg1' and '00061_seg7'
2025-08-12 16:22:25,642 - DEBUG - Loaded and stored Omron data for key '00062_seg1' and '00062_seg7'
2025-08-12 16:22:25,642 - DEBUG - Loaded and stored Omron data for key '00063_seg1' and '00063_seg7'
2025-08-12 16:22:25,642 - DEBUG - Loaded and stored Omron data for key '00064_seg1' and '00064_seg7'
2025-08-12 16:22:25,642 - DEBUG - Loaded and stored Omron data for key '00065_seg1' and '00065_seg7'
2025-08-12 16:22:25,642 - DEBUG - Loaded and stored Omron data for key '00066_seg1' and '00066_seg7'
2025-08-12 16:22:25,642 - DEBUG - Loaded and stored Omron data for key '00067_seg1' and '00067_seg7'
2025-08-12 16:22:25,643 - DEBUG - Loaded and stored Omron data for key '00068_seg1' and '00068_seg7'
2025-08-12 16:22:25,643 - DEBUG - Loaded and stored Omron data for key '00069_seg1' and '00069_seg7'
2025-08-12 16:22:25,643 - DEBUG - Loaded and stored Omron data for key '00070_seg1' and '00070_seg7'
2025-08-12 16:22:25,643 - DEBUG - Loaded and stored Omron data for key '00071_seg1' and '00071_seg7'
2025-08-12 16:22:25,643 - DEBUG - Loaded and stored Omron data for key '00072_seg1' and '00072_seg7'
2025-08-12 16:22:25,643 - DEBUG - Loaded and stored Omron data for key '00073_seg1' and '00073_seg7'
2025-08-12 16:22:25,643 - DEBUG - Loaded and stored Omron data for key '00074_seg1' and '00074_seg7'
2025-08-12 16:22:25,643 - DEBUG - Loaded and stored Omron data for key '00075_seg1' and '00075_seg7'
2025-08-12 16:22:25,643 - DEBUG - Loaded and stored Omron data for key '00076_seg1' and '00076_seg7'
2025-08-12 16:22:25,643 - DEBUG - Loaded and stored Omron data for key '00077_seg1' and '00077_seg7'
2025-08-12 16:22:25,643 - DEBUG - Loaded and stored Omron data for key '00078_seg1' and '00078_seg7'
2025-08-12 16:22:25,644 - DEBUG - Loaded and stored Omron data for key '00079_seg1' and '00079_seg7'
2025-08-12 16:22:25,644 - DEBUG - Loaded and stored Omron data for key '00080_seg1' and '00080_seg7'
2025-08-12 16:22:25,644 - DEBUG - Loaded and stored Omron data for key '00081_seg1' and '00081_seg7'
2025-08-12 16:22:25,644 - DEBUG - Loaded and stored Omron data for key '00082_seg1' and '00082_seg7'
2025-08-12 16:22:25,644 - DEBUG - Loaded and stored Omron data for key '00083_seg1' and '00083_seg7'
2025-08-12 16:22:25,644 - DEBUG - Loaded and stored Omron data for key '00084_seg1' and '00084_seg7'
2025-08-12 16:22:25,644 - DEBUG - Loaded and stored Omron data for key '00085_seg1' and '00085_seg7'
2025-08-12 16:22:25,644 - DEBUG - Loaded and stored Omron data for key '00086_seg1' and '00086_seg7'
2025-08-12 16:22:25,645 - DEBUG - Loaded and stored Omron data for key '00087_seg1' and '00087_seg7'
2025-08-12 16:22:25,645 - DEBUG - Loaded and stored Omron data for key '00088_seg1' and '00088_seg7'
2025-08-12 16:22:25,645 - DEBUG - Loaded and stored Omron data for key '00089_seg1' and '00089_seg7'
2025-08-12 16:22:25,645 - DEBUG - Loaded and stored Omron data for key '00090_seg1' and '00090_seg7'
2025-08-12 16:22:25,645 - DEBUG - Loaded and stored Omron data for key '00091_seg1' and '00091_seg7'
2025-08-12 16:22:25,645 - DEBUG - Loaded and stored Omron data for key '00092_seg1' and '00092_seg7'
2025-08-12 16:22:25,645 - DEBUG - Loaded and stored Omron data for key '00093_seg1' and '00093_seg7'
2025-08-12 16:22:25,645 - DEBUG - Loaded and stored Omron data for key '00094_seg1' and '00094_seg7'
2025-08-12 16:22:25,645 - DEBUG - Loaded and stored Omron data for key '00095_seg1' and '00095_seg7'
2025-08-12 16:22:25,645 - DEBUG - Loaded and stored Omron data for key '00096_seg1' and '00096_seg7'
2025-08-12 16:22:25,645 - DEBUG - Loaded and stored Omron data for key '00097_seg1' and '00097_seg7'
2025-08-12 16:22:25,646 - DEBUG - Loaded and stored Omron data for key '00098_seg1' and '00098_seg7'
2025-08-12 16:22:25,646 - DEBUG - Loaded and stored Omron data for key '00099_seg1' and '00099_seg7'
2025-08-12 16:22:25,646 - DEBUG - Loaded and stored Omron data for key '00100_seg1' and '00100_seg7'
2025-08-12 16:22:25,646 - DEBUG - Loaded and stored Omron data for key '00101_seg1' and '00101_seg7'
2025-08-12 16:22:25,646 - DEBUG - Loaded and stored Omron data for key '00102_seg1' and '00102_seg7'
2025-08-12 16:22:25,646 - DEBUG - Loaded and stored Omron data for key '00103_seg1' and '00103_seg7'
2025-08-12 16:22:25,646 - DEBUG - Loaded and stored Omron data for key '00105_seg1' and '00105_seg7'
2025-08-12 16:22:25,646 - DEBUG - Loaded and stored Omron data for key '00106_seg1' and '00106_seg7'
2025-08-12 16:22:25,646 - DEBUG - Loaded and stored Omron data for key '00107_seg1' and '00107_seg7'
2025-08-12 16:22:25,646 - DEBUG - Loaded and stored Omron data for key '00108_seg1' and '00108_seg7'
2025-08-12 16:22:25,647 - DEBUG - Loaded and stored Omron data for key '00109_seg1' and '00109_seg7'
2025-08-12 16:22:25,647 - DEBUG - Loaded and stored Omron data for key '00110_seg1' and '00110_seg7'
2025-08-12 16:22:25,647 - DEBUG - Loaded and stored Omron data for key '00111_seg1' and '00111_seg7'
2025-08-12 16:22:25,647 - DEBUG - Loaded and stored Omron data for key '00112_seg1' and '00112_seg7'
2025-08-12 16:22:30,339 - DEBUG - Biopac BP values for seg1: SBP=114.7, DBP=47.1 (zeros excluded)
2025-08-12 16:22:30,434 - DEBUG - No shift for 00090, delta too large (-17.7 mmHg)
2025-08-12 16:22:32,016 - DEBUG - Saved calibrated BP data to: ./data/processed/moved/00090/seg7_bp.csv
2025-08-12 16:22:32,188 - DEBUG - Filtering: 19927 points, range before=(102729.0000, 112072.0000), after=(-3419.2603, 3553.2959)
2025-08-12 16:22:32,246 - DEBUG - Filtering: 12089 points, range before=(92841.0000, 112388.0000), after=(-2908.8138, 3755.2110)
2025-08-12 16:22:32,342 - DEBUG - Filtering: 19927 points, range before=(115228.0000, 123381.0000), after=(-1389.9074, 1564.2646)
2025-08-12 16:22:32,526 - DEBUG - Filtering: 19926 points, range before=(67527.0000, 83119.0000), after=(-1857.2969, 2357.9194)
2025-08-12 16:22:32,528 - DEBUG - Available sensors for seg7: ['sensor2', 'sensor3', 'sensor4', 'sensor5'] (4/4)
2025-08-12 16:22:33,138 - DEBUG - Loaded HR data: average 89.8 bpm
2025-08-12 16:22:33,140 - DEBUG - Using provided HR: 89.8 bpm, RR interval: 0.668s
2025-08-12 16:22:33,147 - DEBUG - Found 0 BP valleys in 10878 samples (108.8s), HR: 90 bpm
2025-08-12 16:22:33,147 - DEBUG - Warning: Insufficient BP valleys found, using original slicing method
2025-08-12 16:22:33,148 - DEBUG - Generated 98 valley-based slices from seg7
2025-08-12 16:22:33,149 - DEBUG - Loading Omron data from: /root/ppg2bp/data/omron.csv
2025-08-12 16:22:33,158 - DEBUG - Loaded and stored Omron data for key '00042_seg1' and '00042_seg7'
2025-08-12 16:22:33,159 - DEBUG - Loaded and stored Omron data for key '00043_seg1' and '00043_seg7'
2025-08-12 16:22:33,159 - DEBUG - Loaded and stored Omron data for key '00044_seg1' and '00044_seg7'
2025-08-12 16:22:33,159 - DEBUG - Loaded and stored Omron data for key '00016_seg1' and '00016_seg7'
2025-08-12 16:22:33,161 - DEBUG - Loaded and stored Omron data for key '00045_seg1' and '00045_seg7'
2025-08-12 16:22:33,165 - DEBUG - Loaded and stored Omron data for key '00047_seg1' and '00047_seg7'
2025-08-12 16:22:33,166 - DEBUG - Loaded and stored Omron data for key '00048_seg1' and '00048_seg7'
2025-08-12 16:22:33,168 - DEBUG - Loaded and stored Omron data for key '00049_seg1' and '00049_seg7'
2025-08-12 16:22:33,168 - DEBUG - Loaded and stored Omron data for key '00050_seg1' and '00050_seg7'
2025-08-12 16:22:33,168 - DEBUG - Loaded and stored Omron data for key '00051_seg1' and '00051_seg7'
2025-08-12 16:22:33,168 - DEBUG - Loaded and stored Omron data for key '00052_seg1' and '00052_seg7'
2025-08-12 16:22:33,170 - DEBUG - Loaded and stored Omron data for key '00003_seg1' and '00003_seg7'
2025-08-12 16:22:33,172 - DEBUG - Loaded and stored Omron data for key '00053_seg1' and '00053_seg7'
2025-08-12 16:22:33,174 - DEBUG - Loaded and stored Omron data for key '00054_seg1' and '00054_seg7'
2025-08-12 16:22:33,174 - DEBUG - Loaded and stored Omron data for key '00055_seg1' and '00055_seg7'
2025-08-12 16:22:33,174 - DEBUG - Loaded and stored Omron data for key '00056_seg1' and '00056_seg7'
2025-08-12 16:22:33,174 - DEBUG - Loaded and stored Omron data for key '00057_seg1' and '00057_seg7'
2025-08-12 16:22:33,175 - DEBUG - Loaded and stored Omron data for key '00058_seg1' and '00058_seg7'
2025-08-12 16:22:33,178 - DEBUG - Loaded and stored Omron data for key '00059_seg1' and '00059_seg7'
2025-08-12 16:22:33,180 - DEBUG - Loaded and stored Omron data for key '00060_seg1' and '00060_seg7'
2025-08-12 16:22:33,180 - DEBUG - Loaded and stored Omron data for key '00061_seg1' and '00061_seg7'
2025-08-12 16:22:33,180 - DEBUG - Loaded and stored Omron data for key '00062_seg1' and '00062_seg7'
2025-08-12 16:22:33,180 - DEBUG - Loaded and stored Omron data for key '00063_seg1' and '00063_seg7'
2025-08-12 16:22:33,183 - DEBUG - Loaded and stored Omron data for key '00064_seg1' and '00064_seg7'
2025-08-12 16:22:33,185 - DEBUG - Loaded and stored Omron data for key '00065_seg1' and '00065_seg7'
2025-08-12 16:22:33,185 - DEBUG - Loaded and stored Omron data for key '00066_seg1' and '00066_seg7'
2025-08-12 16:22:33,186 - DEBUG - Loaded and stored Omron data for key '00067_seg1' and '00067_seg7'
2025-08-12 16:22:33,186 - DEBUG - Loaded and stored Omron data for key '00068_seg1' and '00068_seg7'
2025-08-12 16:22:33,187 - DEBUG - Loaded and stored Omron data for key '00069_seg1' and '00069_seg7'
2025-08-12 16:22:33,190 - DEBUG - Loaded and stored Omron data for key '00070_seg1' and '00070_seg7'
2025-08-12 16:22:33,191 - DEBUG - Loaded and stored Omron data for key '00071_seg1' and '00071_seg7'
2025-08-12 16:22:33,191 - DEBUG - Loaded and stored Omron data for key '00072_seg1' and '00072_seg7'
2025-08-12 16:22:33,192 - DEBUG - Loaded and stored Omron data for key '00073_seg1' and '00073_seg7'
2025-08-12 16:22:33,192 - DEBUG - Loaded and stored Omron data for key '00074_seg1' and '00074_seg7'
2025-08-12 16:22:33,195 - DEBUG - Loaded and stored Omron data for key '00075_seg1' and '00075_seg7'
2025-08-12 16:22:33,197 - DEBUG - Loaded and stored Omron data for key '00076_seg1' and '00076_seg7'
2025-08-12 16:22:33,198 - DEBUG - Loaded and stored Omron data for key '00077_seg1' and '00077_seg7'
2025-08-12 16:22:33,198 - DEBUG - Loaded and stored Omron data for key '00078_seg1' and '00078_seg7'
2025-08-12 16:22:33,198 - DEBUG - Loaded and stored Omron data for key '00079_seg1' and '00079_seg7'
2025-08-12 16:22:33,198 - DEBUG - Loaded and stored Omron data for key '00080_seg1' and '00080_seg7'
2025-08-12 16:22:33,202 - DEBUG - Loaded and stored Omron data for key '00081_seg1' and '00081_seg7'
2025-08-12 16:22:33,203 - DEBUG - Loaded and stored Omron data for key '00082_seg1' and '00082_seg7'
2025-08-12 16:22:33,204 - DEBUG - Loaded and stored Omron data for key '00083_seg1' and '00083_seg7'
2025-08-12 16:22:33,204 - DEBUG - Loaded and stored Omron data for key '00084_seg1' and '00084_seg7'
2025-08-12 16:22:33,204 - DEBUG - Loaded and stored Omron data for key '00085_seg1' and '00085_seg7'
2025-08-12 16:22:33,208 - DEBUG - Loaded and stored Omron data for key '00086_seg1' and '00086_seg7'
2025-08-12 16:22:33,209 - DEBUG - Loaded and stored Omron data for key '00087_seg1' and '00087_seg7'
2025-08-12 16:22:33,210 - DEBUG - Loaded and stored Omron data for key '00088_seg1' and '00088_seg7'
2025-08-12 16:22:33,210 - DEBUG - Loaded and stored Omron data for key '00089_seg1' and '00089_seg7'
2025-08-12 16:22:33,210 - DEBUG - Loaded and stored Omron data for key '00090_seg1' and '00090_seg7'
2025-08-12 16:22:33,211 - DEBUG - Loaded and stored Omron data for key '00091_seg1' and '00091_seg7'
2025-08-12 16:22:33,212 - DEBUG - Loaded and stored Omron data for key '00092_seg1' and '00092_seg7'
2025-08-12 16:22:33,212 - DEBUG - Loaded and stored Omron data for key '00093_seg1' and '00093_seg7'
2025-08-12 16:22:33,213 - DEBUG - Loaded and stored Omron data for key '00094_seg1' and '00094_seg7'
2025-08-12 16:22:33,213 - DEBUG - Loaded and stored Omron data for key '00095_seg1' and '00095_seg7'
2025-08-12 16:22:33,213 - DEBUG - Loaded and stored Omron data for key '00096_seg1' and '00096_seg7'
2025-08-12 16:22:33,213 - DEBUG - Loaded and stored Omron data for key '00097_seg1' and '00097_seg7'
2025-08-12 16:22:33,213 - DEBUG - Loaded and stored Omron data for key '00098_seg1' and '00098_seg7'
2025-08-12 16:22:33,213 - DEBUG - Loaded and stored Omron data for key '00099_seg1' and '00099_seg7'
2025-08-12 16:22:33,213 - DEBUG - Loaded and stored Omron data for key '00100_seg1' and '00100_seg7'
2025-08-12 16:22:33,214 - DEBUG - Loaded and stored Omron data for key '00101_seg1' and '00101_seg7'
2025-08-12 16:22:33,214 - DEBUG - Loaded and stored Omron data for key '00102_seg1' and '00102_seg7'
2025-08-12 16:22:33,214 - DEBUG - Loaded and stored Omron data for key '00103_seg1' and '00103_seg7'
2025-08-12 16:22:33,214 - DEBUG - Loaded and stored Omron data for key '00105_seg1' and '00105_seg7'
2025-08-12 16:22:33,214 - DEBUG - Loaded and stored Omron data for key '00106_seg1' and '00106_seg7'
2025-08-12 16:22:33,214 - DEBUG - Loaded and stored Omron data for key '00107_seg1' and '00107_seg7'
2025-08-12 16:22:33,214 - DEBUG - Loaded and stored Omron data for key '00108_seg1' and '00108_seg7'
2025-08-12 16:22:33,215 - DEBUG - Loaded and stored Omron data for key '00109_seg1' and '00109_seg7'
2025-08-12 16:22:33,215 - DEBUG - Loaded and stored Omron data for key '00110_seg1' and '00110_seg7'
2025-08-12 16:22:33,215 - DEBUG - Loaded and stored Omron data for key '00111_seg1' and '00111_seg7'
2025-08-12 16:22:33,215 - DEBUG - Loaded and stored Omron data for key '00112_seg1' and '00112_seg7'
2025-08-12 16:22:37,840 - DEBUG - Biopac BP values for seg1: SBP=101.9, DBP=47.8 (zeros excluded)
2025-08-12 16:22:37,946 - DEBUG - No shift for 00091, delta too large (-12.2 mmHg)
2025-08-12 16:22:37,946 - DEBUG - Processing 00091 - seg1
2025-08-12 16:22:40,928 - DEBUG - Loading Omron data from: /root/ppg2bp/data/omron.csv
2025-08-12 16:22:40,931 - DEBUG - Loaded and stored Omron data for key '00042_seg1' and '00042_seg7'
2025-08-12 16:22:40,931 - DEBUG - Loaded and stored Omron data for key '00043_seg1' and '00043_seg7'
2025-08-12 16:22:40,931 - DEBUG - Loaded and stored Omron data for key '00044_seg1' and '00044_seg7'
2025-08-12 16:22:40,931 - DEBUG - Loaded and stored Omron data for key '00016_seg1' and '00016_seg7'
2025-08-12 16:22:40,931 - DEBUG - Loaded and stored Omron data for key '00045_seg1' and '00045_seg7'
2025-08-12 16:22:40,932 - DEBUG - Loaded and stored Omron data for key '00047_seg1' and '00047_seg7'
2025-08-12 16:22:40,932 - DEBUG - Loaded and stored Omron data for key '00048_seg1' and '00048_seg7'
2025-08-12 16:22:40,932 - DEBUG - Loaded and stored Omron data for key '00049_seg1' and '00049_seg7'
2025-08-12 16:22:40,932 - DEBUG - Loaded and stored Omron data for key '00050_seg1' and '00050_seg7'
2025-08-12 16:22:40,932 - DEBUG - Loaded and stored Omron data for key '00051_seg1' and '00051_seg7'
2025-08-12 16:22:40,932 - DEBUG - Loaded and stored Omron data for key '00052_seg1' and '00052_seg7'
2025-08-12 16:22:40,932 - DEBUG - Loaded and stored Omron data for key '00003_seg1' and '00003_seg7'
2025-08-12 16:22:40,932 - DEBUG - Loaded and stored Omron data for key '00053_seg1' and '00053_seg7'
2025-08-12 16:22:40,932 - DEBUG - Loaded and stored Omron data for key '00054_seg1' and '00054_seg7'
2025-08-12 16:22:40,932 - DEBUG - Loaded and stored Omron data for key '00055_seg1' and '00055_seg7'
2025-08-12 16:22:40,932 - DEBUG - Loaded and stored Omron data for key '00056_seg1' and '00056_seg7'
2025-08-12 16:22:40,932 - DEBUG - Loaded and stored Omron data for key '00057_seg1' and '00057_seg7'
2025-08-12 16:22:40,933 - DEBUG - Loaded and stored Omron data for key '00058_seg1' and '00058_seg7'
2025-08-12 16:22:40,933 - DEBUG - Loaded and stored Omron data for key '00059_seg1' and '00059_seg7'
2025-08-12 16:22:40,933 - DEBUG - Loaded and stored Omron data for key '00060_seg1' and '00060_seg7'
2025-08-12 16:22:40,933 - DEBUG - Loaded and stored Omron data for key '00061_seg1' and '00061_seg7'
2025-08-12 16:22:40,933 - DEBUG - Loaded and stored Omron data for key '00062_seg1' and '00062_seg7'
2025-08-12 16:22:40,933 - DEBUG - Loaded and stored Omron data for key '00063_seg1' and '00063_seg7'
2025-08-12 16:22:40,933 - DEBUG - Loaded and stored Omron data for key '00064_seg1' and '00064_seg7'
2025-08-12 16:22:40,933 - DEBUG - Loaded and stored Omron data for key '00065_seg1' and '00065_seg7'
2025-08-12 16:22:40,933 - DEBUG - Loaded and stored Omron data for key '00066_seg1' and '00066_seg7'
2025-08-12 16:22:40,933 - DEBUG - Loaded and stored Omron data for key '00067_seg1' and '00067_seg7'
2025-08-12 16:22:40,933 - DEBUG - Loaded and stored Omron data for key '00068_seg1' and '00068_seg7'
2025-08-12 16:22:40,934 - DEBUG - Loaded and stored Omron data for key '00069_seg1' and '00069_seg7'
2025-08-12 16:22:40,934 - DEBUG - Loaded and stored Omron data for key '00070_seg1' and '00070_seg7'
2025-08-12 16:22:40,934 - DEBUG - Loaded and stored Omron data for key '00071_seg1' and '00071_seg7'
2025-08-12 16:22:40,934 - DEBUG - Loaded and stored Omron data for key '00072_seg1' and '00072_seg7'
2025-08-12 16:22:40,934 - DEBUG - Loaded and stored Omron data for key '00073_seg1' and '00073_seg7'
2025-08-12 16:22:40,934 - DEBUG - Loaded and stored Omron data for key '00074_seg1' and '00074_seg7'
2025-08-12 16:22:40,934 - DEBUG - Loaded and stored Omron data for key '00075_seg1' and '00075_seg7'
2025-08-12 16:22:40,934 - DEBUG - Loaded and stored Omron data for key '00076_seg1' and '00076_seg7'
2025-08-12 16:22:40,934 - DEBUG - Loaded and stored Omron data for key '00077_seg1' and '00077_seg7'
2025-08-12 16:22:40,934 - DEBUG - Loaded and stored Omron data for key '00078_seg1' and '00078_seg7'
2025-08-12 16:22:40,934 - DEBUG - Loaded and stored Omron data for key '00079_seg1' and '00079_seg7'
2025-08-12 16:22:40,934 - DEBUG - Loaded and stored Omron data for key '00080_seg1' and '00080_seg7'
2025-08-12 16:22:40,935 - DEBUG - Loaded and stored Omron data for key '00081_seg1' and '00081_seg7'
2025-08-12 16:22:40,935 - DEBUG - Loaded and stored Omron data for key '00082_seg1' and '00082_seg7'
2025-08-12 16:22:40,935 - DEBUG - Loaded and stored Omron data for key '00083_seg1' and '00083_seg7'
2025-08-12 16:22:40,935 - DEBUG - Loaded and stored Omron data for key '00084_seg1' and '00084_seg7'
2025-08-12 16:22:40,935 - DEBUG - Loaded and stored Omron data for key '00085_seg1' and '00085_seg7'
2025-08-12 16:22:40,935 - DEBUG - Loaded and stored Omron data for key '00086_seg1' and '00086_seg7'
2025-08-12 16:22:40,935 - DEBUG - Loaded and stored Omron data for key '00087_seg1' and '00087_seg7'
2025-08-12 16:22:40,935 - DEBUG - Loaded and stored Omron data for key '00088_seg1' and '00088_seg7'
2025-08-12 16:22:40,935 - DEBUG - Loaded and stored Omron data for key '00089_seg1' and '00089_seg7'
2025-08-12 16:22:40,935 - DEBUG - Loaded and stored Omron data for key '00090_seg1' and '00090_seg7'
2025-08-12 16:22:40,935 - DEBUG - Loaded and stored Omron data for key '00091_seg1' and '00091_seg7'
2025-08-12 16:22:40,935 - DEBUG - Loaded and stored Omron data for key '00092_seg1' and '00092_seg7'
2025-08-12 16:22:40,936 - DEBUG - Loaded and stored Omron data for key '00093_seg1' and '00093_seg7'
2025-08-12 16:22:40,936 - DEBUG - Loaded and stored Omron data for key '00094_seg1' and '00094_seg7'
2025-08-12 16:22:40,936 - DEBUG - Loaded and stored Omron data for key '00095_seg1' and '00095_seg7'
2025-08-12 16:22:40,936 - DEBUG - Loaded and stored Omron data for key '00096_seg1' and '00096_seg7'
2025-08-12 16:22:40,936 - DEBUG - Loaded and stored Omron data for key '00097_seg1' and '00097_seg7'
2025-08-12 16:22:40,936 - DEBUG - Loaded and stored Omron data for key '00098_seg1' and '00098_seg7'
2025-08-12 16:22:40,936 - DEBUG - Loaded and stored Omron data for key '00099_seg1' and '00099_seg7'
2025-08-12 16:22:40,936 - DEBUG - Loaded and stored Omron data for key '00100_seg1' and '00100_seg7'
2025-08-12 16:22:40,936 - DEBUG - Loaded and stored Omron data for key '00101_seg1' and '00101_seg7'
2025-08-12 16:22:40,936 - DEBUG - Loaded and stored Omron data for key '00102_seg1' and '00102_seg7'
2025-08-12 16:22:40,936 - DEBUG - Loaded and stored Omron data for key '00103_seg1' and '00103_seg7'
2025-08-12 16:22:40,937 - DEBUG - Loaded and stored Omron data for key '00105_seg1' and '00105_seg7'
2025-08-12 16:22:40,937 - DEBUG - Loaded and stored Omron data for key '00106_seg1' and '00106_seg7'
2025-08-12 16:22:40,937 - DEBUG - Loaded and stored Omron data for key '00107_seg1' and '00107_seg7'
2025-08-12 16:22:40,937 - DEBUG - Loaded and stored Omron data for key '00108_seg1' and '00108_seg7'
2025-08-12 16:22:40,937 - DEBUG - Loaded and stored Omron data for key '00109_seg1' and '00109_seg7'
2025-08-12 16:22:40,937 - DEBUG - Loaded and stored Omron data for key '00110_seg1' and '00110_seg7'
2025-08-12 16:22:40,937 - DEBUG - Loaded and stored Omron data for key '00111_seg1' and '00111_seg7'
2025-08-12 16:22:40,937 - DEBUG - Loaded and stored Omron data for key '00112_seg1' and '00112_seg7'
2025-08-12 16:22:45,258 - DEBUG - Biopac BP values for seg1: SBP=101.9, DBP=47.8 (zeros excluded)
2025-08-12 16:22:45,409 - DEBUG - No shift for 00091, delta too large (-12.2 mmHg)
2025-08-12 16:22:48,127 - DEBUG - Saved calibrated BP data to: ./data/processed/moved/00091/seg1_bp.csv
2025-08-12 16:22:48,548 - DEBUG - Filtering: 66675 points, range before=(96489.0000, 98841.0000), after=(-141.1857, 162.0692)
2025-08-12 16:22:49,039 - DEBUG - Filtering: 66676 points, range before=(114754.0000, 116863.0000), after=(-181.7079, 176.0778)
2025-08-12 16:22:49,446 - DEBUG - Filtering: 66675 points, range before=(104982.0000, 109204.0000), after=(-183.6151, 291.9473)
2025-08-12 16:22:49,842 - DEBUG - Filtering: 66674 points, range before=(123599.0000, 128398.0000), after=(-215.3679, 239.1527)
2025-08-12 16:22:49,845 - DEBUG - Available sensors for seg1: ['sensor2', 'sensor3', 'sensor4', 'sensor5'] (4/4)
2025-08-12 16:22:51,928 - DEBUG - Loaded HR data: average 74.0 bpm
2025-08-12 16:22:51,949 - DEBUG - Using provided HR: 74.0 bpm, RR interval: 0.811s
2025-08-12 16:22:52,149 - DEBUG - Found 682 BP valleys in 60004 samples (600.0s), HR: 74 bpm
2025-08-12 16:22:52,174 - DEBUG - Created 670 valley-based slices from 682 valleys
2025-08-12 16:22:52,177 - DEBUG - Generated 670 valley-based slices from seg1
2025-08-12 16:22:52,178 - DEBUG - Processing 00091 - seg7
2025-08-12 16:22:53,127 - DEBUG - Loading Omron data from: /root/ppg2bp/data/omron.csv
2025-08-12 16:22:53,131 - DEBUG - Loaded and stored Omron data for key '00042_seg1' and '00042_seg7'
2025-08-12 16:22:53,131 - DEBUG - Loaded and stored Omron data for key '00043_seg1' and '00043_seg7'
2025-08-12 16:22:53,131 - DEBUG - Loaded and stored Omron data for key '00044_seg1' and '00044_seg7'
2025-08-12 16:22:53,131 - DEBUG - Loaded and stored Omron data for key '00016_seg1' and '00016_seg7'
2025-08-12 16:22:53,132 - DEBUG - Loaded and stored Omron data for key '00045_seg1' and '00045_seg7'
2025-08-12 16:22:53,132 - DEBUG - Loaded and stored Omron data for key '00047_seg1' and '00047_seg7'
2025-08-12 16:22:53,132 - DEBUG - Loaded and stored Omron data for key '00048_seg1' and '00048_seg7'
2025-08-12 16:22:53,132 - DEBUG - Loaded and stored Omron data for key '00049_seg1' and '00049_seg7'
2025-08-12 16:22:53,132 - DEBUG - Loaded and stored Omron data for key '00050_seg1' and '00050_seg7'
2025-08-12 16:22:53,132 - DEBUG - Loaded and stored Omron data for key '00051_seg1' and '00051_seg7'
2025-08-12 16:22:53,132 - DEBUG - Loaded and stored Omron data for key '00052_seg1' and '00052_seg7'
2025-08-12 16:22:53,132 - DEBUG - Loaded and stored Omron data for key '00003_seg1' and '00003_seg7'
2025-08-12 16:22:53,132 - DEBUG - Loaded and stored Omron data for key '00053_seg1' and '00053_seg7'
2025-08-12 16:22:53,132 - DEBUG - Loaded and stored Omron data for key '00054_seg1' and '00054_seg7'
2025-08-12 16:22:53,132 - DEBUG - Loaded and stored Omron data for key '00055_seg1' and '00055_seg7'
2025-08-12 16:22:53,133 - DEBUG - Loaded and stored Omron data for key '00056_seg1' and '00056_seg7'
2025-08-12 16:22:53,133 - DEBUG - Loaded and stored Omron data for key '00057_seg1' and '00057_seg7'
2025-08-12 16:22:53,133 - DEBUG - Loaded and stored Omron data for key '00058_seg1' and '00058_seg7'
2025-08-12 16:22:53,133 - DEBUG - Loaded and stored Omron data for key '00059_seg1' and '00059_seg7'
2025-08-12 16:22:53,133 - DEBUG - Loaded and stored Omron data for key '00060_seg1' and '00060_seg7'
2025-08-12 16:22:53,133 - DEBUG - Loaded and stored Omron data for key '00061_seg1' and '00061_seg7'
2025-08-12 16:22:53,133 - DEBUG - Loaded and stored Omron data for key '00062_seg1' and '00062_seg7'
2025-08-12 16:22:53,133 - DEBUG - Loaded and stored Omron data for key '00063_seg1' and '00063_seg7'
2025-08-12 16:22:53,133 - DEBUG - Loaded and stored Omron data for key '00064_seg1' and '00064_seg7'
2025-08-12 16:22:53,133 - DEBUG - Loaded and stored Omron data for key '00065_seg1' and '00065_seg7'
2025-08-12 16:22:53,133 - DEBUG - Loaded and stored Omron data for key '00066_seg1' and '00066_seg7'
2025-08-12 16:22:53,134 - DEBUG - Loaded and stored Omron data for key '00067_seg1' and '00067_seg7'
2025-08-12 16:22:53,134 - DEBUG - Loaded and stored Omron data for key '00068_seg1' and '00068_seg7'
2025-08-12 16:22:53,134 - DEBUG - Loaded and stored Omron data for key '00069_seg1' and '00069_seg7'
2025-08-12 16:22:53,134 - DEBUG - Loaded and stored Omron data for key '00070_seg1' and '00070_seg7'
2025-08-12 16:22:53,134 - DEBUG - Loaded and stored Omron data for key '00071_seg1' and '00071_seg7'
2025-08-12 16:22:53,134 - DEBUG - Loaded and stored Omron data for key '00072_seg1' and '00072_seg7'
2025-08-12 16:22:53,134 - DEBUG - Loaded and stored Omron data for key '00073_seg1' and '00073_seg7'
2025-08-12 16:22:53,134 - DEBUG - Loaded and stored Omron data for key '00074_seg1' and '00074_seg7'
2025-08-12 16:22:53,134 - DEBUG - Loaded and stored Omron data for key '00075_seg1' and '00075_seg7'
2025-08-12 16:22:53,134 - DEBUG - Loaded and stored Omron data for key '00076_seg1' and '00076_seg7'
2025-08-12 16:22:53,134 - DEBUG - Loaded and stored Omron data for key '00077_seg1' and '00077_seg7'
2025-08-12 16:22:53,135 - DEBUG - Loaded and stored Omron data for key '00078_seg1' and '00078_seg7'
2025-08-12 16:22:53,135 - DEBUG - Loaded and stored Omron data for key '00079_seg1' and '00079_seg7'
2025-08-12 16:22:53,135 - DEBUG - Loaded and stored Omron data for key '00080_seg1' and '00080_seg7'
2025-08-12 16:22:53,135 - DEBUG - Loaded and stored Omron data for key '00081_seg1' and '00081_seg7'
2025-08-12 16:22:53,135 - DEBUG - Loaded and stored Omron data for key '00082_seg1' and '00082_seg7'
2025-08-12 16:22:53,135 - DEBUG - Loaded and stored Omron data for key '00083_seg1' and '00083_seg7'
2025-08-12 16:22:53,135 - DEBUG - Loaded and stored Omron data for key '00084_seg1' and '00084_seg7'
2025-08-12 16:22:53,135 - DEBUG - Loaded and stored Omron data for key '00085_seg1' and '00085_seg7'
2025-08-12 16:22:53,135 - DEBUG - Loaded and stored Omron data for key '00086_seg1' and '00086_seg7'
2025-08-12 16:22:53,135 - DEBUG - Loaded and stored Omron data for key '00087_seg1' and '00087_seg7'
2025-08-12 16:22:53,135 - DEBUG - Loaded and stored Omron data for key '00088_seg1' and '00088_seg7'
2025-08-12 16:22:53,135 - DEBUG - Loaded and stored Omron data for key '00089_seg1' and '00089_seg7'
2025-08-12 16:22:53,136 - DEBUG - Loaded and stored Omron data for key '00090_seg1' and '00090_seg7'
2025-08-12 16:22:53,136 - DEBUG - Loaded and stored Omron data for key '00091_seg1' and '00091_seg7'
2025-08-12 16:22:53,136 - DEBUG - Loaded and stored Omron data for key '00092_seg1' and '00092_seg7'
2025-08-12 16:22:53,136 - DEBUG - Loaded and stored Omron data for key '00093_seg1' and '00093_seg7'
2025-08-12 16:22:53,136 - DEBUG - Loaded and stored Omron data for key '00094_seg1' and '00094_seg7'
2025-08-12 16:22:53,136 - DEBUG - Loaded and stored Omron data for key '00095_seg1' and '00095_seg7'
2025-08-12 16:22:53,136 - DEBUG - Loaded and stored Omron data for key '00096_seg1' and '00096_seg7'
2025-08-12 16:22:53,136 - DEBUG - Loaded and stored Omron data for key '00097_seg1' and '00097_seg7'
2025-08-12 16:22:53,136 - DEBUG - Loaded and stored Omron data for key '00098_seg1' and '00098_seg7'
2025-08-12 16:22:53,136 - DEBUG - Loaded and stored Omron data for key '00099_seg1' and '00099_seg7'
2025-08-12 16:22:53,136 - DEBUG - Loaded and stored Omron data for key '00100_seg1' and '00100_seg7'
2025-08-12 16:22:53,136 - DEBUG - Loaded and stored Omron data for key '00101_seg1' and '00101_seg7'
2025-08-12 16:22:53,137 - DEBUG - Loaded and stored Omron data for key '00102_seg1' and '00102_seg7'
2025-08-12 16:22:53,137 - DEBUG - Loaded and stored Omron data for key '00103_seg1' and '00103_seg7'
2025-08-12 16:22:53,137 - DEBUG - Loaded and stored Omron data for key '00105_seg1' and '00105_seg7'
2025-08-12 16:22:53,137 - DEBUG - Loaded and stored Omron data for key '00106_seg1' and '00106_seg7'
2025-08-12 16:22:53,137 - DEBUG - Loaded and stored Omron data for key '00107_seg1' and '00107_seg7'
2025-08-12 16:22:53,137 - DEBUG - Loaded and stored Omron data for key '00108_seg1' and '00108_seg7'
2025-08-12 16:22:53,137 - DEBUG - Loaded and stored Omron data for key '00109_seg1' and '00109_seg7'
2025-08-12 16:22:53,137 - DEBUG - Loaded and stored Omron data for key '00110_seg1' and '00110_seg7'
2025-08-12 16:22:53,137 - DEBUG - Loaded and stored Omron data for key '00111_seg1' and '00111_seg7'
2025-08-12 16:22:53,137 - DEBUG - Loaded and stored Omron data for key '00112_seg1' and '00112_seg7'
2025-08-12 16:22:57,944 - DEBUG - Biopac BP values for seg1: SBP=101.9, DBP=47.8 (zeros excluded)
2025-08-12 16:22:58,040 - DEBUG - No shift for 00091, delta too large (-12.2 mmHg)
2025-08-12 16:22:59,389 - DEBUG - Saved calibrated BP data to: ./data/processed/moved/00091/seg7_bp.csv
2025-08-12 16:22:59,544 - DEBUG - Filtering: 34200 points, range before=(100166.0000, 102357.0000), after=(-294.0617, 408.2829)
2025-08-12 16:22:59,752 - DEBUG - Filtering: 34201 points, range before=(114857.0000, 118238.0000), after=(-557.9126, 550.9788)
2025-08-12 16:23:00,231 - DEBUG - Filtering: 34201 points, range before=(104885.0000, 110790.0000), after=(-1931.9484, 1232.9039)
2025-08-12 16:23:00,729 - DEBUG - Filtering: 34200 points, range before=(111361.0000, 120784.0000), after=(-633.0930, 776.2699)
2025-08-12 16:23:00,732 - DEBUG - Available sensors for seg7: ['sensor2', 'sensor3', 'sensor4', 'sensor5'] (4/4)
2025-08-12 16:23:01,323 - DEBUG - Loaded HR data: average 65.5 bpm
2025-08-12 16:23:01,328 - DEBUG - Using provided HR: 65.5 bpm, RR interval: 0.916s
2025-08-12 16:23:01,350 - DEBUG - Found 0 BP valleys in 30778 samples (307.8s), HR: 65 bpm
2025-08-12 16:23:01,350 - DEBUG - Warning: Insufficient BP valleys found, using original slicing method
2025-08-12 16:23:01,386 - DEBUG - Generated 297 valley-based slices from seg7
2025-08-12 16:23:01,394 - DEBUG - Loading Omron data from: /root/ppg2bp/data/omron.csv
2025-08-12 16:23:01,420 - DEBUG - Loaded and stored Omron data for key '00042_seg1' and '00042_seg7'
2025-08-12 16:23:01,421 - DEBUG - Loaded and stored Omron data for key '00043_seg1' and '00043_seg7'
2025-08-12 16:23:01,421 - DEBUG - Loaded and stored Omron data for key '00044_seg1' and '00044_seg7'
2025-08-12 16:23:01,421 - DEBUG - Loaded and stored Omron data for key '00016_seg1' and '00016_seg7'
2025-08-12 16:23:01,421 - DEBUG - Loaded and stored Omron data for key '00045_seg1' and '00045_seg7'
2025-08-12 16:23:01,421 - DEBUG - Loaded and stored Omron data for key '00047_seg1' and '00047_seg7'
2025-08-12 16:23:01,421 - DEBUG - Loaded and stored Omron data for key '00048_seg1' and '00048_seg7'
2025-08-12 16:23:01,421 - DEBUG - Loaded and stored Omron data for key '00049_seg1' and '00049_seg7'
2025-08-12 16:23:01,421 - DEBUG - Loaded and stored Omron data for key '00050_seg1' and '00050_seg7'
2025-08-12 16:23:01,421 - DEBUG - Loaded and stored Omron data for key '00051_seg1' and '00051_seg7'
2025-08-12 16:23:01,422 - DEBUG - Loaded and stored Omron data for key '00052_seg1' and '00052_seg7'
2025-08-12 16:23:01,422 - DEBUG - Loaded and stored Omron data for key '00003_seg1' and '00003_seg7'
2025-08-12 16:23:01,422 - DEBUG - Loaded and stored Omron data for key '00053_seg1' and '00053_seg7'
2025-08-12 16:23:01,422 - DEBUG - Loaded and stored Omron data for key '00054_seg1' and '00054_seg7'
2025-08-12 16:23:01,422 - DEBUG - Loaded and stored Omron data for key '00055_seg1' and '00055_seg7'
2025-08-12 16:23:01,422 - DEBUG - Loaded and stored Omron data for key '00056_seg1' and '00056_seg7'
2025-08-12 16:23:01,422 - DEBUG - Loaded and stored Omron data for key '00057_seg1' and '00057_seg7'
2025-08-12 16:23:01,422 - DEBUG - Loaded and stored Omron data for key '00058_seg1' and '00058_seg7'
2025-08-12 16:23:01,422 - DEBUG - Loaded and stored Omron data for key '00059_seg1' and '00059_seg7'
2025-08-12 16:23:01,422 - DEBUG - Loaded and stored Omron data for key '00060_seg1' and '00060_seg7'
2025-08-12 16:23:01,422 - DEBUG - Loaded and stored Omron data for key '00061_seg1' and '00061_seg7'
2025-08-12 16:23:01,423 - DEBUG - Loaded and stored Omron data for key '00062_seg1' and '00062_seg7'
2025-08-12 16:23:01,423 - DEBUG - Loaded and stored Omron data for key '00063_seg1' and '00063_seg7'
2025-08-12 16:23:01,423 - DEBUG - Loaded and stored Omron data for key '00064_seg1' and '00064_seg7'
2025-08-12 16:23:01,423 - DEBUG - Loaded and stored Omron data for key '00065_seg1' and '00065_seg7'
2025-08-12 16:23:01,423 - DEBUG - Loaded and stored Omron data for key '00066_seg1' and '00066_seg7'
2025-08-12 16:23:01,423 - DEBUG - Loaded and stored Omron data for key '00067_seg1' and '00067_seg7'
2025-08-12 16:23:01,423 - DEBUG - Loaded and stored Omron data for key '00068_seg1' and '00068_seg7'
2025-08-12 16:23:01,423 - DEBUG - Loaded and stored Omron data for key '00069_seg1' and '00069_seg7'
2025-08-12 16:23:01,423 - DEBUG - Loaded and stored Omron data for key '00070_seg1' and '00070_seg7'
2025-08-12 16:23:01,423 - DEBUG - Loaded and stored Omron data for key '00071_seg1' and '00071_seg7'
2025-08-12 16:23:01,423 - DEBUG - Loaded and stored Omron data for key '00072_seg1' and '00072_seg7'
2025-08-12 16:23:01,424 - DEBUG - Loaded and stored Omron data for key '00073_seg1' and '00073_seg7'
2025-08-12 16:23:01,424 - DEBUG - Loaded and stored Omron data for key '00074_seg1' and '00074_seg7'
2025-08-12 16:23:01,424 - DEBUG - Loaded and stored Omron data for key '00075_seg1' and '00075_seg7'
2025-08-12 16:23:01,424 - DEBUG - Loaded and stored Omron data for key '00076_seg1' and '00076_seg7'
2025-08-12 16:23:01,424 - DEBUG - Loaded and stored Omron data for key '00077_seg1' and '00077_seg7'
2025-08-12 16:23:01,424 - DEBUG - Loaded and stored Omron data for key '00078_seg1' and '00078_seg7'
2025-08-12 16:23:01,424 - DEBUG - Loaded and stored Omron data for key '00079_seg1' and '00079_seg7'
2025-08-12 16:23:01,424 - DEBUG - Loaded and stored Omron data for key '00080_seg1' and '00080_seg7'
2025-08-12 16:23:01,424 - DEBUG - Loaded and stored Omron data for key '00081_seg1' and '00081_seg7'
2025-08-12 16:23:01,424 - DEBUG - Loaded and stored Omron data for key '00082_seg1' and '00082_seg7'
2025-08-12 16:23:01,424 - DEBUG - Loaded and stored Omron data for key '00083_seg1' and '00083_seg7'
2025-08-12 16:23:01,424 - DEBUG - Loaded and stored Omron data for key '00084_seg1' and '00084_seg7'
2025-08-12 16:23:01,425 - DEBUG - Loaded and stored Omron data for key '00085_seg1' and '00085_seg7'
2025-08-12 16:23:01,425 - DEBUG - Loaded and stored Omron data for key '00086_seg1' and '00086_seg7'
2025-08-12 16:23:01,425 - DEBUG - Loaded and stored Omron data for key '00087_seg1' and '00087_seg7'
2025-08-12 16:23:01,425 - DEBUG - Loaded and stored Omron data for key '00088_seg1' and '00088_seg7'
2025-08-12 16:23:01,425 - DEBUG - Loaded and stored Omron data for key '00089_seg1' and '00089_seg7'
2025-08-12 16:23:01,425 - DEBUG - Loaded and stored Omron data for key '00090_seg1' and '00090_seg7'
2025-08-12 16:23:01,425 - DEBUG - Loaded and stored Omron data for key '00091_seg1' and '00091_seg7'
2025-08-12 16:23:01,425 - DEBUG - Loaded and stored Omron data for key '00092_seg1' and '00092_seg7'
2025-08-12 16:23:01,425 - DEBUG - Loaded and stored Omron data for key '00093_seg1' and '00093_seg7'
2025-08-12 16:23:01,425 - DEBUG - Loaded and stored Omron data for key '00094_seg1' and '00094_seg7'
2025-08-12 16:23:01,425 - DEBUG - Loaded and stored Omron data for key '00095_seg1' and '00095_seg7'
2025-08-12 16:23:01,426 - DEBUG - Loaded and stored Omron data for key '00096_seg1' and '00096_seg7'
2025-08-12 16:23:01,426 - DEBUG - Loaded and stored Omron data for key '00097_seg1' and '00097_seg7'
2025-08-12 16:23:01,426 - DEBUG - Loaded and stored Omron data for key '00098_seg1' and '00098_seg7'
2025-08-12 16:23:01,426 - DEBUG - Loaded and stored Omron data for key '00099_seg1' and '00099_seg7'
2025-08-12 16:23:01,426 - DEBUG - Loaded and stored Omron data for key '00100_seg1' and '00100_seg7'
2025-08-12 16:23:01,426 - DEBUG - Loaded and stored Omron data for key '00101_seg1' and '00101_seg7'
2025-08-12 16:23:01,426 - DEBUG - Loaded and stored Omron data for key '00102_seg1' and '00102_seg7'
2025-08-12 16:23:01,426 - DEBUG - Loaded and stored Omron data for key '00103_seg1' and '00103_seg7'
2025-08-12 16:23:01,426 - DEBUG - Loaded and stored Omron data for key '00105_seg1' and '00105_seg7'
2025-08-12 16:23:01,426 - DEBUG - Loaded and stored Omron data for key '00106_seg1' and '00106_seg7'
2025-08-12 16:23:01,426 - DEBUG - Loaded and stored Omron data for key '00107_seg1' and '00107_seg7'
2025-08-12 16:23:01,427 - DEBUG - Loaded and stored Omron data for key '00108_seg1' and '00108_seg7'
2025-08-12 16:23:01,427 - DEBUG - Loaded and stored Omron data for key '00109_seg1' and '00109_seg7'
2025-08-12 16:23:01,427 - DEBUG - Loaded and stored Omron data for key '00110_seg1' and '00110_seg7'
2025-08-12 16:23:01,427 - DEBUG - Loaded and stored Omron data for key '00111_seg1' and '00111_seg7'
2025-08-12 16:23:01,427 - DEBUG - Loaded and stored Omron data for key '00112_seg1' and '00112_seg7'
2025-08-12 16:23:05,540 - DEBUG - Biopac BP values for seg1: SBP=121.7, DBP=73.2 (zeros excluded)
2025-08-12 16:23:05,637 - DEBUG - No shift for 00092, delta too large (-21.5 mmHg)
2025-08-12 16:23:05,637 - DEBUG - Processing 00092 - seg1
2025-08-12 16:23:08,049 - DEBUG - Loading Omron data from: /root/ppg2bp/data/omron.csv
2025-08-12 16:23:08,056 - DEBUG - Loaded and stored Omron data for key '00042_seg1' and '00042_seg7'
2025-08-12 16:23:08,057 - DEBUG - Loaded and stored Omron data for key '00043_seg1' and '00043_seg7'
2025-08-12 16:23:08,057 - DEBUG - Loaded and stored Omron data for key '00044_seg1' and '00044_seg7'
2025-08-12 16:23:08,057 - DEBUG - Loaded and stored Omron data for key '00016_seg1' and '00016_seg7'
2025-08-12 16:23:08,057 - DEBUG - Loaded and stored Omron data for key '00045_seg1' and '00045_seg7'
2025-08-12 16:23:08,057 - DEBUG - Loaded and stored Omron data for key '00047_seg1' and '00047_seg7'
2025-08-12 16:23:08,057 - DEBUG - Loaded and stored Omron data for key '00048_seg1' and '00048_seg7'
2025-08-12 16:23:08,057 - DEBUG - Loaded and stored Omron data for key '00049_seg1' and '00049_seg7'
2025-08-12 16:23:08,058 - DEBUG - Loaded and stored Omron data for key '00050_seg1' and '00050_seg7'
2025-08-12 16:23:08,058 - DEBUG - Loaded and stored Omron data for key '00051_seg1' and '00051_seg7'
2025-08-12 16:23:08,058 - DEBUG - Loaded and stored Omron data for key '00052_seg1' and '00052_seg7'
2025-08-12 16:23:08,058 - DEBUG - Loaded and stored Omron data for key '00003_seg1' and '00003_seg7'
2025-08-12 16:23:08,058 - DEBUG - Loaded and stored Omron data for key '00053_seg1' and '00053_seg7'
2025-08-12 16:23:08,058 - DEBUG - Loaded and stored Omron data for key '00054_seg1' and '00054_seg7'
2025-08-12 16:23:08,058 - DEBUG - Loaded and stored Omron data for key '00055_seg1' and '00055_seg7'
2025-08-12 16:23:08,058 - DEBUG - Loaded and stored Omron data for key '00056_seg1' and '00056_seg7'
2025-08-12 16:23:08,059 - DEBUG - Loaded and stored Omron data for key '00057_seg1' and '00057_seg7'
2025-08-12 16:23:08,059 - DEBUG - Loaded and stored Omron data for key '00058_seg1' and '00058_seg7'
2025-08-12 16:23:08,059 - DEBUG - Loaded and stored Omron data for key '00059_seg1' and '00059_seg7'
2025-08-12 16:23:08,059 - DEBUG - Loaded and stored Omron data for key '00060_seg1' and '00060_seg7'
2025-08-12 16:23:08,059 - DEBUG - Loaded and stored Omron data for key '00061_seg1' and '00061_seg7'
2025-08-12 16:23:08,059 - DEBUG - Loaded and stored Omron data for key '00062_seg1' and '00062_seg7'
2025-08-12 16:23:08,059 - DEBUG - Loaded and stored Omron data for key '00063_seg1' and '00063_seg7'
2025-08-12 16:23:08,059 - DEBUG - Loaded and stored Omron data for key '00064_seg1' and '00064_seg7'
2025-08-12 16:23:08,059 - DEBUG - Loaded and stored Omron data for key '00065_seg1' and '00065_seg7'
2025-08-12 16:23:08,060 - DEBUG - Loaded and stored Omron data for key '00066_seg1' and '00066_seg7'
2025-08-12 16:23:08,060 - DEBUG - Loaded and stored Omron data for key '00067_seg1' and '00067_seg7'
2025-08-12 16:23:08,060 - DEBUG - Loaded and stored Omron data for key '00068_seg1' and '00068_seg7'
2025-08-12 16:23:08,060 - DEBUG - Loaded and stored Omron data for key '00069_seg1' and '00069_seg7'
2025-08-12 16:23:08,060 - DEBUG - Loaded and stored Omron data for key '00070_seg1' and '00070_seg7'
2025-08-12 16:23:08,060 - DEBUG - Loaded and stored Omron data for key '00071_seg1' and '00071_seg7'
2025-08-12 16:23:08,060 - DEBUG - Loaded and stored Omron data for key '00072_seg1' and '00072_seg7'
2025-08-12 16:23:08,060 - DEBUG - Loaded and stored Omron data for key '00073_seg1' and '00073_seg7'
2025-08-12 16:23:08,061 - DEBUG - Loaded and stored Omron data for key '00074_seg1' and '00074_seg7'
2025-08-12 16:23:08,061 - DEBUG - Loaded and stored Omron data for key '00075_seg1' and '00075_seg7'
2025-08-12 16:23:08,061 - DEBUG - Loaded and stored Omron data for key '00076_seg1' and '00076_seg7'
2025-08-12 16:23:08,061 - DEBUG - Loaded and stored Omron data for key '00077_seg1' and '00077_seg7'
2025-08-12 16:23:08,061 - DEBUG - Loaded and stored Omron data for key '00078_seg1' and '00078_seg7'
2025-08-12 16:23:08,061 - DEBUG - Loaded and stored Omron data for key '00079_seg1' and '00079_seg7'
2025-08-12 16:23:08,061 - DEBUG - Loaded and stored Omron data for key '00080_seg1' and '00080_seg7'
2025-08-12 16:23:08,061 - DEBUG - Loaded and stored Omron data for key '00081_seg1' and '00081_seg7'
2025-08-12 16:23:08,062 - DEBUG - Loaded and stored Omron data for key '00082_seg1' and '00082_seg7'
2025-08-12 16:23:08,062 - DEBUG - Loaded and stored Omron data for key '00083_seg1' and '00083_seg7'
2025-08-12 16:23:08,062 - DEBUG - Loaded and stored Omron data for key '00084_seg1' and '00084_seg7'
2025-08-12 16:23:08,062 - DEBUG - Loaded and stored Omron data for key '00085_seg1' and '00085_seg7'
2025-08-12 16:23:08,062 - DEBUG - Loaded and stored Omron data for key '00086_seg1' and '00086_seg7'
2025-08-12 16:23:08,062 - DEBUG - Loaded and stored Omron data for key '00087_seg1' and '00087_seg7'
2025-08-12 16:23:08,062 - DEBUG - Loaded and stored Omron data for key '00088_seg1' and '00088_seg7'
2025-08-12 16:23:08,062 - DEBUG - Loaded and stored Omron data for key '00089_seg1' and '00089_seg7'
2025-08-12 16:23:08,063 - DEBUG - Loaded and stored Omron data for key '00090_seg1' and '00090_seg7'
2025-08-12 16:23:08,063 - DEBUG - Loaded and stored Omron data for key '00091_seg1' and '00091_seg7'
2025-08-12 16:23:08,063 - DEBUG - Loaded and stored Omron data for key '00092_seg1' and '00092_seg7'
2025-08-12 16:23:08,063 - DEBUG - Loaded and stored Omron data for key '00093_seg1' and '00093_seg7'
2025-08-12 16:23:08,063 - DEBUG - Loaded and stored Omron data for key '00094_seg1' and '00094_seg7'
2025-08-12 16:23:08,063 - DEBUG - Loaded and stored Omron data for key '00095_seg1' and '00095_seg7'
2025-08-12 16:23:08,063 - DEBUG - Loaded and stored Omron data for key '00096_seg1' and '00096_seg7'
2025-08-12 16:23:08,063 - DEBUG - Loaded and stored Omron data for key '00097_seg1' and '00097_seg7'
2025-08-12 16:23:08,063 - DEBUG - Loaded and stored Omron data for key '00098_seg1' and '00098_seg7'
2025-08-12 16:23:08,064 - DEBUG - Loaded and stored Omron data for key '00099_seg1' and '00099_seg7'
2025-08-12 16:23:08,064 - DEBUG - Loaded and stored Omron data for key '00100_seg1' and '00100_seg7'
2025-08-12 16:23:08,065 - DEBUG - Loaded and stored Omron data for key '00101_seg1' and '00101_seg7'
2025-08-12 16:23:08,067 - DEBUG - Loaded and stored Omron data for key '00102_seg1' and '00102_seg7'
2025-08-12 16:23:08,070 - DEBUG - Loaded and stored Omron data for key '00103_seg1' and '00103_seg7'
2025-08-12 16:23:08,075 - DEBUG - Loaded and stored Omron data for key '00105_seg1' and '00105_seg7'
2025-08-12 16:23:08,075 - DEBUG - Loaded and stored Omron data for key '00106_seg1' and '00106_seg7'
2025-08-12 16:23:08,075 - DEBUG - Loaded and stored Omron data for key '00107_seg1' and '00107_seg7'
2025-08-12 16:23:08,075 - DEBUG - Loaded and stored Omron data for key '00108_seg1' and '00108_seg7'
2025-08-12 16:23:08,076 - DEBUG - Loaded and stored Omron data for key '00109_seg1' and '00109_seg7'
2025-08-12 16:23:08,076 - DEBUG - Loaded and stored Omron data for key '00110_seg1' and '00110_seg7'
2025-08-12 16:23:08,076 - DEBUG - Loaded and stored Omron data for key '00111_seg1' and '00111_seg7'
2025-08-12 16:23:08,076 - DEBUG - Loaded and stored Omron data for key '00112_seg1' and '00112_seg7'
2025-08-12 16:23:11,850 - DEBUG - Biopac BP values for seg1: SBP=121.7, DBP=73.2 (zeros excluded)
2025-08-12 16:23:11,950 - DEBUG - No shift for 00092, delta too large (-21.5 mmHg)
2025-08-12 16:23:15,048 - DEBUG - Saved calibrated BP data to: ./data/processed/moved/00092/seg1_bp.csv
2025-08-12 16:23:15,726 - DEBUG - Filtering: 66694 points, range before=(103334.0000, 105084.0000), after=(-576.7224, 310.2607)
2025-08-12 16:23:16,243 - DEBUG - Filtering: 66695 points, range before=(100184.0000, 115215.0000), after=(-4510.8923, 6025.1713)
2025-08-12 16:23:16,842 - DEBUG - Filtering: 66694 points, range before=(108150.0000, 112982.0000), after=(-255.7785, 308.4507)
2025-08-12 16:23:17,371 - DEBUG - Filtering: 66694 points, range before=(92028.0000, 97065.0000), after=(-551.0438, 814.6894)
2025-08-12 16:23:17,400 - DEBUG - Available sensors for seg1: ['sensor2', 'sensor3', 'sensor4', 'sensor5'] (4/4)
2025-08-12 16:23:19,442 - DEBUG - Loaded HR data: average 87.8 bpm
2025-08-12 16:23:19,527 - DEBUG - Using provided HR: 87.8 bpm, RR interval: 0.683s
2025-08-12 16:23:19,822 - DEBUG - Found 0 BP valleys in 60021 samples (600.2s), HR: 88 bpm
2025-08-12 16:23:19,823 - DEBUG - Warning: Insufficient BP valleys found, using original slicing method
2025-08-12 16:23:19,831 - DEBUG - Generated 590 valley-based slices from seg1
2025-08-12 16:23:19,831 - DEBUG - Processing 00092 - seg7
2025-08-12 16:23:20,848 - DEBUG - Loading Omron data from: /root/ppg2bp/data/omron.csv
2025-08-12 16:23:20,852 - DEBUG - Loaded and stored Omron data for key '00042_seg1' and '00042_seg7'
2025-08-12 16:23:20,852 - DEBUG - Loaded and stored Omron data for key '00043_seg1' and '00043_seg7'
2025-08-12 16:23:20,853 - DEBUG - Loaded and stored Omron data for key '00044_seg1' and '00044_seg7'
2025-08-12 16:23:20,853 - DEBUG - Loaded and stored Omron data for key '00016_seg1' and '00016_seg7'
2025-08-12 16:23:20,853 - DEBUG - Loaded and stored Omron data for key '00045_seg1' and '00045_seg7'
2025-08-12 16:23:20,853 - DEBUG - Loaded and stored Omron data for key '00047_seg1' and '00047_seg7'
2025-08-12 16:23:20,853 - DEBUG - Loaded and stored Omron data for key '00048_seg1' and '00048_seg7'
2025-08-12 16:23:20,853 - DEBUG - Loaded and stored Omron data for key '00049_seg1' and '00049_seg7'
2025-08-12 16:23:20,854 - DEBUG - Loaded and stored Omron data for key '00050_seg1' and '00050_seg7'
2025-08-12 16:23:20,854 - DEBUG - Loaded and stored Omron data for key '00051_seg1' and '00051_seg7'
2025-08-12 16:23:20,854 - DEBUG - Loaded and stored Omron data for key '00052_seg1' and '00052_seg7'
2025-08-12 16:23:20,854 - DEBUG - Loaded and stored Omron data for key '00003_seg1' and '00003_seg7'
2025-08-12 16:23:20,854 - DEBUG - Loaded and stored Omron data for key '00053_seg1' and '00053_seg7'
2025-08-12 16:23:20,854 - DEBUG - Loaded and stored Omron data for key '00054_seg1' and '00054_seg7'
2025-08-12 16:23:20,854 - DEBUG - Loaded and stored Omron data for key '00055_seg1' and '00055_seg7'
2025-08-12 16:23:20,854 - DEBUG - Loaded and stored Omron data for key '00056_seg1' and '00056_seg7'
2025-08-12 16:23:20,855 - DEBUG - Loaded and stored Omron data for key '00057_seg1' and '00057_seg7'
2025-08-12 16:23:20,855 - DEBUG - Loaded and stored Omron data for key '00058_seg1' and '00058_seg7'
2025-08-12 16:23:20,855 - DEBUG - Loaded and stored Omron data for key '00059_seg1' and '00059_seg7'
2025-08-12 16:23:20,855 - DEBUG - Loaded and stored Omron data for key '00060_seg1' and '00060_seg7'
2025-08-12 16:23:20,855 - DEBUG - Loaded and stored Omron data for key '00061_seg1' and '00061_seg7'
2025-08-12 16:23:20,855 - DEBUG - Loaded and stored Omron data for key '00062_seg1' and '00062_seg7'
2025-08-12 16:23:20,855 - DEBUG - Loaded and stored Omron data for key '00063_seg1' and '00063_seg7'
2025-08-12 16:23:20,856 - DEBUG - Loaded and stored Omron data for key '00064_seg1' and '00064_seg7'
2025-08-12 16:23:20,856 - DEBUG - Loaded and stored Omron data for key '00065_seg1' and '00065_seg7'
2025-08-12 16:23:20,856 - DEBUG - Loaded and stored Omron data for key '00066_seg1' and '00066_seg7'
2025-08-12 16:23:20,856 - DEBUG - Loaded and stored Omron data for key '00067_seg1' and '00067_seg7'
2025-08-12 16:23:20,856 - DEBUG - Loaded and stored Omron data for key '00068_seg1' and '00068_seg7'
2025-08-12 16:23:20,856 - DEBUG - Loaded and stored Omron data for key '00069_seg1' and '00069_seg7'
2025-08-12 16:23:20,857 - DEBUG - Loaded and stored Omron data for key '00070_seg1' and '00070_seg7'
2025-08-12 16:23:20,857 - DEBUG - Loaded and stored Omron data for key '00071_seg1' and '00071_seg7'
2025-08-12 16:23:20,857 - DEBUG - Loaded and stored Omron data for key '00072_seg1' and '00072_seg7'
2025-08-12 16:23:20,857 - DEBUG - Loaded and stored Omron data for key '00073_seg1' and '00073_seg7'
2025-08-12 16:23:20,857 - DEBUG - Loaded and stored Omron data for key '00074_seg1' and '00074_seg7'
2025-08-12 16:23:20,857 - DEBUG - Loaded and stored Omron data for key '00075_seg1' and '00075_seg7'
2025-08-12 16:23:20,857 - DEBUG - Loaded and stored Omron data for key '00076_seg1' and '00076_seg7'
2025-08-12 16:23:20,857 - DEBUG - Loaded and stored Omron data for key '00077_seg1' and '00077_seg7'
2025-08-12 16:23:20,857 - DEBUG - Loaded and stored Omron data for key '00078_seg1' and '00078_seg7'
2025-08-12 16:23:20,858 - DEBUG - Loaded and stored Omron data for key '00079_seg1' and '00079_seg7'
2025-08-12 16:23:20,858 - DEBUG - Loaded and stored Omron data for key '00080_seg1' and '00080_seg7'
2025-08-12 16:23:20,858 - DEBUG - Loaded and stored Omron data for key '00081_seg1' and '00081_seg7'
2025-08-12 16:23:20,858 - DEBUG - Loaded and stored Omron data for key '00082_seg1' and '00082_seg7'
2025-08-12 16:23:20,858 - DEBUG - Loaded and stored Omron data for key '00083_seg1' and '00083_seg7'
2025-08-12 16:23:20,858 - DEBUG - Loaded and stored Omron data for key '00084_seg1' and '00084_seg7'
2025-08-12 16:23:20,858 - DEBUG - Loaded and stored Omron data for key '00085_seg1' and '00085_seg7'
2025-08-12 16:23:20,858 - DEBUG - Loaded and stored Omron data for key '00086_seg1' and '00086_seg7'
2025-08-12 16:23:20,859 - DEBUG - Loaded and stored Omron data for key '00087_seg1' and '00087_seg7'
2025-08-12 16:23:20,859 - DEBUG - Loaded and stored Omron data for key '00088_seg1' and '00088_seg7'
2025-08-12 16:23:20,859 - DEBUG - Loaded and stored Omron data for key '00089_seg1' and '00089_seg7'
2025-08-12 16:23:20,859 - DEBUG - Loaded and stored Omron data for key '00090_seg1' and '00090_seg7'
2025-08-12 16:23:20,859 - DEBUG - Loaded and stored Omron data for key '00091_seg1' and '00091_seg7'
2025-08-12 16:23:20,859 - DEBUG - Loaded and stored Omron data for key '00092_seg1' and '00092_seg7'
2025-08-12 16:23:20,859 - DEBUG - Loaded and stored Omron data for key '00093_seg1' and '00093_seg7'
2025-08-12 16:23:20,859 - DEBUG - Loaded and stored Omron data for key '00094_seg1' and '00094_seg7'
2025-08-12 16:23:20,859 - DEBUG - Loaded and stored Omron data for key '00095_seg1' and '00095_seg7'
2025-08-12 16:23:20,860 - DEBUG - Loaded and stored Omron data for key '00096_seg1' and '00096_seg7'
2025-08-12 16:23:20,860 - DEBUG - Loaded and stored Omron data for key '00097_seg1' and '00097_seg7'
2025-08-12 16:23:20,860 - DEBUG - Loaded and stored Omron data for key '00098_seg1' and '00098_seg7'
2025-08-12 16:23:20,860 - DEBUG - Loaded and stored Omron data for key '00099_seg1' and '00099_seg7'
2025-08-12 16:23:20,860 - DEBUG - Loaded and stored Omron data for key '00100_seg1' and '00100_seg7'
2025-08-12 16:23:20,860 - DEBUG - Loaded and stored Omron data for key '00101_seg1' and '00101_seg7'
2025-08-12 16:23:20,860 - DEBUG - Loaded and stored Omron data for key '00102_seg1' and '00102_seg7'
2025-08-12 16:23:20,860 - DEBUG - Loaded and stored Omron data for key '00103_seg1' and '00103_seg7'
2025-08-12 16:23:20,860 - DEBUG - Loaded and stored Omron data for key '00105_seg1' and '00105_seg7'
2025-08-12 16:23:20,861 - DEBUG - Loaded and stored Omron data for key '00106_seg1' and '00106_seg7'
2025-08-12 16:23:20,861 - DEBUG - Loaded and stored Omron data for key '00107_seg1' and '00107_seg7'
2025-08-12 16:23:20,861 - DEBUG - Loaded and stored Omron data for key '00108_seg1' and '00108_seg7'
2025-08-12 16:23:20,861 - DEBUG - Loaded and stored Omron data for key '00109_seg1' and '00109_seg7'
2025-08-12 16:23:20,861 - DEBUG - Loaded and stored Omron data for key '00110_seg1' and '00110_seg7'
2025-08-12 16:23:20,861 - DEBUG - Loaded and stored Omron data for key '00111_seg1' and '00111_seg7'
2025-08-12 16:23:20,861 - DEBUG - Loaded and stored Omron data for key '00112_seg1' and '00112_seg7'
2025-08-12 16:23:24,648 - DEBUG - Biopac BP values for seg1: SBP=121.7, DBP=73.2 (zeros excluded)
2025-08-12 16:23:24,744 - DEBUG - No shift for 00092, delta too large (-21.5 mmHg)
2025-08-12 16:23:26,057 - DEBUG - Saved calibrated BP data to: ./data/processed/moved/00092/seg7_bp.csv
2025-08-12 16:23:26,323 - DEBUG - Filtering: 33334 points, range before=(98619.0000, 100436.0000), after=(-142.7255, 108.9921)
2025-08-12 16:23:26,743 - DEBUG - Filtering: 33333 points, range before=(101186.0000, 110597.0000), after=(-766.9433, 896.7911)
2025-08-12 16:23:27,219 - DEBUG - Filtering: 33334 points, range before=(110312.0000, 113718.0000), after=(-116.0945, 124.8353)
2025-08-12 16:23:27,429 - DEBUG - Filtering: 33335 points, range before=(95545.0000, 98322.0000), after=(-340.2057, 401.5097)
2025-08-12 16:23:27,432 - DEBUG - Available sensors for seg7: ['sensor2', 'sensor3', 'sensor4', 'sensor5'] (4/4)
2025-08-12 16:23:28,035 - DEBUG - Loaded HR data: average 89.9 bpm
2025-08-12 16:23:28,038 - DEBUG - Using provided HR: 89.9 bpm, RR interval: 0.667s
2025-08-12 16:23:28,124 - DEBUG - Found 0 BP valleys in 29997 samples (300.0s), HR: 90 bpm
2025-08-12 16:23:28,125 - DEBUG - Warning: Insufficient BP valleys found, using original slicing method
2025-08-12 16:23:28,129 - DEBUG - Generated 289 valley-based slices from seg7
2025-08-12 16:23:28,130 - DEBUG - Loading Omron data from: /root/ppg2bp/data/omron.csv
2025-08-12 16:23:28,133 - DEBUG - Loaded and stored Omron data for key '00042_seg1' and '00042_seg7'
2025-08-12 16:23:28,133 - DEBUG - Loaded and stored Omron data for key '00043_seg1' and '00043_seg7'
2025-08-12 16:23:28,133 - DEBUG - Loaded and stored Omron data for key '00044_seg1' and '00044_seg7'
2025-08-12 16:23:28,133 - DEBUG - Loaded and stored Omron data for key '00016_seg1' and '00016_seg7'
2025-08-12 16:23:28,134 - DEBUG - Loaded and stored Omron data for key '00045_seg1' and '00045_seg7'
2025-08-12 16:23:28,134 - DEBUG - Loaded and stored Omron data for key '00047_seg1' and '00047_seg7'
2025-08-12 16:23:28,134 - DEBUG - Loaded and stored Omron data for key '00048_seg1' and '00048_seg7'
2025-08-12 16:23:28,134 - DEBUG - Loaded and stored Omron data for key '00049_seg1' and '00049_seg7'
2025-08-12 16:23:28,134 - DEBUG - Loaded and stored Omron data for key '00050_seg1' and '00050_seg7'
2025-08-12 16:23:28,134 - DEBUG - Loaded and stored Omron data for key '00051_seg1' and '00051_seg7'
2025-08-12 16:23:28,134 - DEBUG - Loaded and stored Omron data for key '00052_seg1' and '00052_seg7'
2025-08-12 16:23:28,134 - DEBUG - Loaded and stored Omron data for key '00003_seg1' and '00003_seg7'
2025-08-12 16:23:28,134 - DEBUG - Loaded and stored Omron data for key '00053_seg1' and '00053_seg7'
2025-08-12 16:23:28,134 - DEBUG - Loaded and stored Omron data for key '00054_seg1' and '00054_seg7'
2025-08-12 16:23:28,134 - DEBUG - Loaded and stored Omron data for key '00055_seg1' and '00055_seg7'
2025-08-12 16:23:28,135 - DEBUG - Loaded and stored Omron data for key '00056_seg1' and '00056_seg7'
2025-08-12 16:23:28,135 - DEBUG - Loaded and stored Omron data for key '00057_seg1' and '00057_seg7'
2025-08-12 16:23:28,135 - DEBUG - Loaded and stored Omron data for key '00058_seg1' and '00058_seg7'
2025-08-12 16:23:28,135 - DEBUG - Loaded and stored Omron data for key '00059_seg1' and '00059_seg7'
2025-08-12 16:23:28,135 - DEBUG - Loaded and stored Omron data for key '00060_seg1' and '00060_seg7'
2025-08-12 16:23:28,135 - DEBUG - Loaded and stored Omron data for key '00061_seg1' and '00061_seg7'
2025-08-12 16:23:28,135 - DEBUG - Loaded and stored Omron data for key '00062_seg1' and '00062_seg7'
2025-08-12 16:23:28,135 - DEBUG - Loaded and stored Omron data for key '00063_seg1' and '00063_seg7'
2025-08-12 16:23:28,135 - DEBUG - Loaded and stored Omron data for key '00064_seg1' and '00064_seg7'
2025-08-12 16:23:28,135 - DEBUG - Loaded and stored Omron data for key '00065_seg1' and '00065_seg7'
2025-08-12 16:23:28,136 - DEBUG - Loaded and stored Omron data for key '00066_seg1' and '00066_seg7'
2025-08-12 16:23:28,136 - DEBUG - Loaded and stored Omron data for key '00067_seg1' and '00067_seg7'
2025-08-12 16:23:28,136 - DEBUG - Loaded and stored Omron data for key '00068_seg1' and '00068_seg7'
2025-08-12 16:23:28,136 - DEBUG - Loaded and stored Omron data for key '00069_seg1' and '00069_seg7'
2025-08-12 16:23:28,136 - DEBUG - Loaded and stored Omron data for key '00070_seg1' and '00070_seg7'
2025-08-12 16:23:28,136 - DEBUG - Loaded and stored Omron data for key '00071_seg1' and '00071_seg7'
2025-08-12 16:23:28,136 - DEBUG - Loaded and stored Omron data for key '00072_seg1' and '00072_seg7'
2025-08-12 16:23:28,136 - DEBUG - Loaded and stored Omron data for key '00073_seg1' and '00073_seg7'
2025-08-12 16:23:28,136 - DEBUG - Loaded and stored Omron data for key '00074_seg1' and '00074_seg7'
2025-08-12 16:23:28,136 - DEBUG - Loaded and stored Omron data for key '00075_seg1' and '00075_seg7'
2025-08-12 16:23:28,136 - DEBUG - Loaded and stored Omron data for key '00076_seg1' and '00076_seg7'
2025-08-12 16:23:28,136 - DEBUG - Loaded and stored Omron data for key '00077_seg1' and '00077_seg7'
2025-08-12 16:23:28,137 - DEBUG - Loaded and stored Omron data for key '00078_seg1' and '00078_seg7'
2025-08-12 16:23:28,137 - DEBUG - Loaded and stored Omron data for key '00079_seg1' and '00079_seg7'
2025-08-12 16:23:28,137 - DEBUG - Loaded and stored Omron data for key '00080_seg1' and '00080_seg7'
2025-08-12 16:23:28,137 - DEBUG - Loaded and stored Omron data for key '00081_seg1' and '00081_seg7'
2025-08-12 16:23:28,137 - DEBUG - Loaded and stored Omron data for key '00082_seg1' and '00082_seg7'
2025-08-12 16:23:28,137 - DEBUG - Loaded and stored Omron data for key '00083_seg1' and '00083_seg7'
2025-08-12 16:23:28,137 - DEBUG - Loaded and stored Omron data for key '00084_seg1' and '00084_seg7'
2025-08-12 16:23:28,137 - DEBUG - Loaded and stored Omron data for key '00085_seg1' and '00085_seg7'
2025-08-12 16:23:28,137 - DEBUG - Loaded and stored Omron data for key '00086_seg1' and '00086_seg7'
2025-08-12 16:23:28,137 - DEBUG - Loaded and stored Omron data for key '00087_seg1' and '00087_seg7'
2025-08-12 16:23:28,137 - DEBUG - Loaded and stored Omron data for key '00088_seg1' and '00088_seg7'
2025-08-12 16:23:28,137 - DEBUG - Loaded and stored Omron data for key '00089_seg1' and '00089_seg7'
2025-08-12 16:23:28,138 - DEBUG - Loaded and stored Omron data for key '00090_seg1' and '00090_seg7'
2025-08-12 16:23:28,138 - DEBUG - Loaded and stored Omron data for key '00091_seg1' and '00091_seg7'
2025-08-12 16:23:28,138 - DEBUG - Loaded and stored Omron data for key '00092_seg1' and '00092_seg7'
2025-08-12 16:23:28,138 - DEBUG - Loaded and stored Omron data for key '00093_seg1' and '00093_seg7'
2025-08-12 16:23:28,138 - DEBUG - Loaded and stored Omron data for key '00094_seg1' and '00094_seg7'
2025-08-12 16:23:28,138 - DEBUG - Loaded and stored Omron data for key '00095_seg1' and '00095_seg7'
2025-08-12 16:23:28,138 - DEBUG - Loaded and stored Omron data for key '00096_seg1' and '00096_seg7'
2025-08-12 16:23:28,138 - DEBUG - Loaded and stored Omron data for key '00097_seg1' and '00097_seg7'
2025-08-12 16:23:28,138 - DEBUG - Loaded and stored Omron data for key '00098_seg1' and '00098_seg7'
2025-08-12 16:23:28,138 - DEBUG - Loaded and stored Omron data for key '00099_seg1' and '00099_seg7'
2025-08-12 16:23:28,138 - DEBUG - Loaded and stored Omron data for key '00100_seg1' and '00100_seg7'
2025-08-12 16:23:28,138 - DEBUG - Loaded and stored Omron data for key '00101_seg1' and '00101_seg7'
2025-08-12 16:23:28,139 - DEBUG - Loaded and stored Omron data for key '00102_seg1' and '00102_seg7'
2025-08-12 16:23:28,139 - DEBUG - Loaded and stored Omron data for key '00103_seg1' and '00103_seg7'
2025-08-12 16:23:28,139 - DEBUG - Loaded and stored Omron data for key '00105_seg1' and '00105_seg7'
2025-08-12 16:23:28,139 - DEBUG - Loaded and stored Omron data for key '00106_seg1' and '00106_seg7'
2025-08-12 16:23:28,139 - DEBUG - Loaded and stored Omron data for key '00107_seg1' and '00107_seg7'
2025-08-12 16:23:28,139 - DEBUG - Loaded and stored Omron data for key '00108_seg1' and '00108_seg7'
2025-08-12 16:23:28,139 - DEBUG - Loaded and stored Omron data for key '00109_seg1' and '00109_seg7'
2025-08-12 16:23:28,139 - DEBUG - Loaded and stored Omron data for key '00110_seg1' and '00110_seg7'
2025-08-12 16:23:28,139 - DEBUG - Loaded and stored Omron data for key '00111_seg1' and '00111_seg7'
2025-08-12 16:23:28,139 - DEBUG - Loaded and stored Omron data for key '00112_seg1' and '00112_seg7'
2025-08-12 16:23:32,730 - DEBUG - Biopac BP values for seg1: SBP=103.1, DBP=51.9 (zeros excluded)
2025-08-12 16:23:32,832 - DEBUG - No shift for 00093, delta too large (-11.2 mmHg)
2025-08-12 16:23:32,833 - DEBUG - Processing 00093 - seg1
2025-08-12 16:23:35,734 - DEBUG - Loading Omron data from: /root/ppg2bp/data/omron.csv
2025-08-12 16:23:35,737 - DEBUG - Loaded and stored Omron data for key '00042_seg1' and '00042_seg7'
2025-08-12 16:23:35,737 - DEBUG - Loaded and stored Omron data for key '00043_seg1' and '00043_seg7'
2025-08-12 16:23:35,737 - DEBUG - Loaded and stored Omron data for key '00044_seg1' and '00044_seg7'
2025-08-12 16:23:35,737 - DEBUG - Loaded and stored Omron data for key '00016_seg1' and '00016_seg7'
2025-08-12 16:23:35,737 - DEBUG - Loaded and stored Omron data for key '00045_seg1' and '00045_seg7'
2025-08-12 16:23:35,738 - DEBUG - Loaded and stored Omron data for key '00047_seg1' and '00047_seg7'
2025-08-12 16:23:35,738 - DEBUG - Loaded and stored Omron data for key '00048_seg1' and '00048_seg7'
2025-08-12 16:23:35,738 - DEBUG - Loaded and stored Omron data for key '00049_seg1' and '00049_seg7'
2025-08-12 16:23:35,738 - DEBUG - Loaded and stored Omron data for key '00050_seg1' and '00050_seg7'
2025-08-12 16:23:35,738 - DEBUG - Loaded and stored Omron data for key '00051_seg1' and '00051_seg7'
2025-08-12 16:23:35,738 - DEBUG - Loaded and stored Omron data for key '00052_seg1' and '00052_seg7'
2025-08-12 16:23:35,738 - DEBUG - Loaded and stored Omron data for key '00003_seg1' and '00003_seg7'
2025-08-12 16:23:35,738 - DEBUG - Loaded and stored Omron data for key '00053_seg1' and '00053_seg7'
2025-08-12 16:23:35,738 - DEBUG - Loaded and stored Omron data for key '00054_seg1' and '00054_seg7'
2025-08-12 16:23:35,738 - DEBUG - Loaded and stored Omron data for key '00055_seg1' and '00055_seg7'
2025-08-12 16:23:35,738 - DEBUG - Loaded and stored Omron data for key '00056_seg1' and '00056_seg7'
2025-08-12 16:23:35,739 - DEBUG - Loaded and stored Omron data for key '00057_seg1' and '00057_seg7'
2025-08-12 16:23:35,739 - DEBUG - Loaded and stored Omron data for key '00058_seg1' and '00058_seg7'
2025-08-12 16:23:35,739 - DEBUG - Loaded and stored Omron data for key '00059_seg1' and '00059_seg7'
2025-08-12 16:23:35,739 - DEBUG - Loaded and stored Omron data for key '00060_seg1' and '00060_seg7'
2025-08-12 16:23:35,739 - DEBUG - Loaded and stored Omron data for key '00061_seg1' and '00061_seg7'
2025-08-12 16:23:35,739 - DEBUG - Loaded and stored Omron data for key '00062_seg1' and '00062_seg7'
2025-08-12 16:23:35,739 - DEBUG - Loaded and stored Omron data for key '00063_seg1' and '00063_seg7'
2025-08-12 16:23:35,739 - DEBUG - Loaded and stored Omron data for key '00064_seg1' and '00064_seg7'
2025-08-12 16:23:35,739 - DEBUG - Loaded and stored Omron data for key '00065_seg1' and '00065_seg7'
2025-08-12 16:23:35,739 - DEBUG - Loaded and stored Omron data for key '00066_seg1' and '00066_seg7'
2025-08-12 16:23:35,739 - DEBUG - Loaded and stored Omron data for key '00067_seg1' and '00067_seg7'
2025-08-12 16:23:35,740 - DEBUG - Loaded and stored Omron data for key '00068_seg1' and '00068_seg7'
2025-08-12 16:23:35,740 - DEBUG - Loaded and stored Omron data for key '00069_seg1' and '00069_seg7'
2025-08-12 16:23:35,740 - DEBUG - Loaded and stored Omron data for key '00070_seg1' and '00070_seg7'
2025-08-12 16:23:35,740 - DEBUG - Loaded and stored Omron data for key '00071_seg1' and '00071_seg7'
2025-08-12 16:23:35,740 - DEBUG - Loaded and stored Omron data for key '00072_seg1' and '00072_seg7'
2025-08-12 16:23:35,740 - DEBUG - Loaded and stored Omron data for key '00073_seg1' and '00073_seg7'
2025-08-12 16:23:35,740 - DEBUG - Loaded and stored Omron data for key '00074_seg1' and '00074_seg7'
2025-08-12 16:23:35,740 - DEBUG - Loaded and stored Omron data for key '00075_seg1' and '00075_seg7'
2025-08-12 16:23:35,740 - DEBUG - Loaded and stored Omron data for key '00076_seg1' and '00076_seg7'
2025-08-12 16:23:35,740 - DEBUG - Loaded and stored Omron data for key '00077_seg1' and '00077_seg7'
2025-08-12 16:23:35,740 - DEBUG - Loaded and stored Omron data for key '00078_seg1' and '00078_seg7'
2025-08-12 16:23:35,740 - DEBUG - Loaded and stored Omron data for key '00079_seg1' and '00079_seg7'
2025-08-12 16:23:35,741 - DEBUG - Loaded and stored Omron data for key '00080_seg1' and '00080_seg7'
2025-08-12 16:23:35,741 - DEBUG - Loaded and stored Omron data for key '00081_seg1' and '00081_seg7'
2025-08-12 16:23:35,741 - DEBUG - Loaded and stored Omron data for key '00082_seg1' and '00082_seg7'
2025-08-12 16:23:35,741 - DEBUG - Loaded and stored Omron data for key '00083_seg1' and '00083_seg7'
2025-08-12 16:23:35,741 - DEBUG - Loaded and stored Omron data for key '00084_seg1' and '00084_seg7'
2025-08-12 16:23:35,741 - DEBUG - Loaded and stored Omron data for key '00085_seg1' and '00085_seg7'
2025-08-12 16:23:35,741 - DEBUG - Loaded and stored Omron data for key '00086_seg1' and '00086_seg7'
2025-08-12 16:23:35,741 - DEBUG - Loaded and stored Omron data for key '00087_seg1' and '00087_seg7'
2025-08-12 16:23:35,741 - DEBUG - Loaded and stored Omron data for key '00088_seg1' and '00088_seg7'
2025-08-12 16:23:35,741 - DEBUG - Loaded and stored Omron data for key '00089_seg1' and '00089_seg7'
2025-08-12 16:23:35,741 - DEBUG - Loaded and stored Omron data for key '00090_seg1' and '00090_seg7'
2025-08-12 16:23:35,742 - DEBUG - Loaded and stored Omron data for key '00091_seg1' and '00091_seg7'
2025-08-12 16:23:35,742 - DEBUG - Loaded and stored Omron data for key '00092_seg1' and '00092_seg7'
2025-08-12 16:23:35,742 - DEBUG - Loaded and stored Omron data for key '00093_seg1' and '00093_seg7'
2025-08-12 16:23:35,742 - DEBUG - Loaded and stored Omron data for key '00094_seg1' and '00094_seg7'
2025-08-12 16:23:35,742 - DEBUG - Loaded and stored Omron data for key '00095_seg1' and '00095_seg7'
2025-08-12 16:23:35,742 - DEBUG - Loaded and stored Omron data for key '00096_seg1' and '00096_seg7'
2025-08-12 16:23:35,742 - DEBUG - Loaded and stored Omron data for key '00097_seg1' and '00097_seg7'
2025-08-12 16:23:35,742 - DEBUG - Loaded and stored Omron data for key '00098_seg1' and '00098_seg7'
2025-08-12 16:23:35,742 - DEBUG - Loaded and stored Omron data for key '00099_seg1' and '00099_seg7'
2025-08-12 16:23:35,742 - DEBUG - Loaded and stored Omron data for key '00100_seg1' and '00100_seg7'
2025-08-12 16:23:35,742 - DEBUG - Loaded and stored Omron data for key '00101_seg1' and '00101_seg7'
2025-08-12 16:23:35,742 - DEBUG - Loaded and stored Omron data for key '00102_seg1' and '00102_seg7'
2025-08-12 16:23:35,743 - DEBUG - Loaded and stored Omron data for key '00103_seg1' and '00103_seg7'
2025-08-12 16:23:35,743 - DEBUG - Loaded and stored Omron data for key '00105_seg1' and '00105_seg7'
2025-08-12 16:23:35,743 - DEBUG - Loaded and stored Omron data for key '00106_seg1' and '00106_seg7'
2025-08-12 16:23:35,743 - DEBUG - Loaded and stored Omron data for key '00107_seg1' and '00107_seg7'
2025-08-12 16:23:35,743 - DEBUG - Loaded and stored Omron data for key '00108_seg1' and '00108_seg7'
2025-08-12 16:23:35,743 - DEBUG - Loaded and stored Omron data for key '00109_seg1' and '00109_seg7'
2025-08-12 16:23:35,743 - DEBUG - Loaded and stored Omron data for key '00110_seg1' and '00110_seg7'
2025-08-12 16:23:35,743 - DEBUG - Loaded and stored Omron data for key '00111_seg1' and '00111_seg7'
2025-08-12 16:23:35,743 - DEBUG - Loaded and stored Omron data for key '00112_seg1' and '00112_seg7'
2025-08-12 16:23:40,419 - DEBUG - Biopac BP values for seg1: SBP=103.1, DBP=51.9 (zeros excluded)
2025-08-12 16:23:40,445 - DEBUG - No shift for 00093, delta too large (-11.2 mmHg)
2025-08-12 16:23:43,224 - DEBUG - Saved calibrated BP data to: ./data/processed/moved/00093/seg1_bp.csv
2025-08-12 16:23:43,705 - DEBUG - Filtering: 66670 points, range before=(112268.0000, 114676.0000), after=(-160.8200, 185.5211)
2025-08-12 16:23:44,251 - DEBUG - Filtering: 66669 points, range before=(98438.0000, 116340.0000), after=(-1598.8296, 1677.7368)
2025-08-12 16:23:44,923 - DEBUG - Filtering: 66670 points, range before=(128616.0000, 133974.0000), after=(-852.4333, 1112.5201)
2025-08-12 16:23:45,948 - DEBUG - Filtering: 66671 points, range before=(98392.0000, 103583.0000), after=(-822.8776, 889.9667)
2025-08-12 16:23:45,959 - DEBUG - Available sensors for seg1: ['sensor2', 'sensor3', 'sensor4', 'sensor5'] (4/4)
2025-08-12 16:23:48,042 - DEBUG - Loaded HR data: average 62.2 bpm
2025-08-12 16:23:48,073 - DEBUG - Using provided HR: 62.2 bpm, RR interval: 0.965s
2025-08-12 16:23:48,328 - DEBUG - Found 0 BP valleys in 59999 samples (600.0s), HR: 62 bpm
2025-08-12 16:23:48,329 - DEBUG - Warning: Insufficient BP valleys found, using original slicing method
2025-08-12 16:23:48,336 - DEBUG - Generated 589 valley-based slices from seg1
2025-08-12 16:23:48,336 - DEBUG - Processing 00093 - seg7
2025-08-12 16:23:49,324 - DEBUG - Loading Omron data from: /root/ppg2bp/data/omron.csv
2025-08-12 16:23:49,327 - DEBUG - Loaded and stored Omron data for key '00042_seg1' and '00042_seg7'
2025-08-12 16:23:49,328 - DEBUG - Loaded and stored Omron data for key '00043_seg1' and '00043_seg7'
2025-08-12 16:23:49,328 - DEBUG - Loaded and stored Omron data for key '00044_seg1' and '00044_seg7'
2025-08-12 16:23:49,328 - DEBUG - Loaded and stored Omron data for key '00016_seg1' and '00016_seg7'
2025-08-12 16:23:49,328 - DEBUG - Loaded and stored Omron data for key '00045_seg1' and '00045_seg7'
2025-08-12 16:23:49,328 - DEBUG - Loaded and stored Omron data for key '00047_seg1' and '00047_seg7'
2025-08-12 16:23:49,328 - DEBUG - Loaded and stored Omron data for key '00048_seg1' and '00048_seg7'
2025-08-12 16:23:49,328 - DEBUG - Loaded and stored Omron data for key '00049_seg1' and '00049_seg7'
2025-08-12 16:23:49,328 - DEBUG - Loaded and stored Omron data for key '00050_seg1' and '00050_seg7'
2025-08-12 16:23:49,328 - DEBUG - Loaded and stored Omron data for key '00051_seg1' and '00051_seg7'
2025-08-12 16:23:49,329 - DEBUG - Loaded and stored Omron data for key '00052_seg1' and '00052_seg7'
2025-08-12 16:23:49,329 - DEBUG - Loaded and stored Omron data for key '00003_seg1' and '00003_seg7'
2025-08-12 16:23:49,329 - DEBUG - Loaded and stored Omron data for key '00053_seg1' and '00053_seg7'
2025-08-12 16:23:49,329 - DEBUG - Loaded and stored Omron data for key '00054_seg1' and '00054_seg7'
2025-08-12 16:23:49,329 - DEBUG - Loaded and stored Omron data for key '00055_seg1' and '00055_seg7'
2025-08-12 16:23:49,329 - DEBUG - Loaded and stored Omron data for key '00056_seg1' and '00056_seg7'
2025-08-12 16:23:49,329 - DEBUG - Loaded and stored Omron data for key '00057_seg1' and '00057_seg7'
2025-08-12 16:23:49,329 - DEBUG - Loaded and stored Omron data for key '00058_seg1' and '00058_seg7'
2025-08-12 16:23:49,329 - DEBUG - Loaded and stored Omron data for key '00059_seg1' and '00059_seg7'
2025-08-12 16:23:49,329 - DEBUG - Loaded and stored Omron data for key '00060_seg1' and '00060_seg7'
2025-08-12 16:23:49,329 - DEBUG - Loaded and stored Omron data for key '00061_seg1' and '00061_seg7'
2025-08-12 16:23:49,330 - DEBUG - Loaded and stored Omron data for key '00062_seg1' and '00062_seg7'
2025-08-12 16:23:49,330 - DEBUG - Loaded and stored Omron data for key '00063_seg1' and '00063_seg7'
2025-08-12 16:23:49,330 - DEBUG - Loaded and stored Omron data for key '00064_seg1' and '00064_seg7'
2025-08-12 16:23:49,330 - DEBUG - Loaded and stored Omron data for key '00065_seg1' and '00065_seg7'
2025-08-12 16:23:49,330 - DEBUG - Loaded and stored Omron data for key '00066_seg1' and '00066_seg7'
2025-08-12 16:23:49,330 - DEBUG - Loaded and stored Omron data for key '00067_seg1' and '00067_seg7'
2025-08-12 16:23:49,330 - DEBUG - Loaded and stored Omron data for key '00068_seg1' and '00068_seg7'
2025-08-12 16:23:49,330 - DEBUG - Loaded and stored Omron data for key '00069_seg1' and '00069_seg7'
2025-08-12 16:23:49,330 - DEBUG - Loaded and stored Omron data for key '00070_seg1' and '00070_seg7'
2025-08-12 16:23:49,330 - DEBUG - Loaded and stored Omron data for key '00071_seg1' and '00071_seg7'
2025-08-12 16:23:49,330 - DEBUG - Loaded and stored Omron data for key '00072_seg1' and '00072_seg7'
2025-08-12 16:23:49,330 - DEBUG - Loaded and stored Omron data for key '00073_seg1' and '00073_seg7'
2025-08-12 16:23:49,331 - DEBUG - Loaded and stored Omron data for key '00074_seg1' and '00074_seg7'
2025-08-12 16:23:49,331 - DEBUG - Loaded and stored Omron data for key '00075_seg1' and '00075_seg7'
2025-08-12 16:23:49,331 - DEBUG - Loaded and stored Omron data for key '00076_seg1' and '00076_seg7'
2025-08-12 16:23:49,331 - DEBUG - Loaded and stored Omron data for key '00077_seg1' and '00077_seg7'
2025-08-12 16:23:49,331 - DEBUG - Loaded and stored Omron data for key '00078_seg1' and '00078_seg7'
2025-08-12 16:23:49,331 - DEBUG - Loaded and stored Omron data for key '00079_seg1' and '00079_seg7'
2025-08-12 16:23:49,331 - DEBUG - Loaded and stored Omron data for key '00080_seg1' and '00080_seg7'
2025-08-12 16:23:49,331 - DEBUG - Loaded and stored Omron data for key '00081_seg1' and '00081_seg7'
2025-08-12 16:23:49,331 - DEBUG - Loaded and stored Omron data for key '00082_seg1' and '00082_seg7'
2025-08-12 16:23:49,331 - DEBUG - Loaded and stored Omron data for key '00083_seg1' and '00083_seg7'
2025-08-12 16:23:49,331 - DEBUG - Loaded and stored Omron data for key '00084_seg1' and '00084_seg7'
2025-08-12 16:23:49,331 - DEBUG - Loaded and stored Omron data for key '00085_seg1' and '00085_seg7'
2025-08-12 16:23:49,332 - DEBUG - Loaded and stored Omron data for key '00086_seg1' and '00086_seg7'
2025-08-12 16:23:49,332 - DEBUG - Loaded and stored Omron data for key '00087_seg1' and '00087_seg7'
2025-08-12 16:23:49,332 - DEBUG - Loaded and stored Omron data for key '00088_seg1' and '00088_seg7'
2025-08-12 16:23:49,332 - DEBUG - Loaded and stored Omron data for key '00089_seg1' and '00089_seg7'
2025-08-12 16:23:49,332 - DEBUG - Loaded and stored Omron data for key '00090_seg1' and '00090_seg7'
2025-08-12 16:23:49,332 - DEBUG - Loaded and stored Omron data for key '00091_seg1' and '00091_seg7'
2025-08-12 16:23:49,332 - DEBUG - Loaded and stored Omron data for key '00092_seg1' and '00092_seg7'
2025-08-12 16:23:49,332 - DEBUG - Loaded and stored Omron data for key '00093_seg1' and '00093_seg7'
2025-08-12 16:23:49,332 - DEBUG - Loaded and stored Omron data for key '00094_seg1' and '00094_seg7'
2025-08-12 16:23:49,332 - DEBUG - Loaded and stored Omron data for key '00095_seg1' and '00095_seg7'
2025-08-12 16:23:49,332 - DEBUG - Loaded and stored Omron data for key '00096_seg1' and '00096_seg7'
2025-08-12 16:23:49,332 - DEBUG - Loaded and stored Omron data for key '00097_seg1' and '00097_seg7'
2025-08-12 16:23:49,333 - DEBUG - Loaded and stored Omron data for key '00098_seg1' and '00098_seg7'
2025-08-12 16:23:49,333 - DEBUG - Loaded and stored Omron data for key '00099_seg1' and '00099_seg7'
2025-08-12 16:23:49,333 - DEBUG - Loaded and stored Omron data for key '00100_seg1' and '00100_seg7'
2025-08-12 16:23:49,333 - DEBUG - Loaded and stored Omron data for key '00101_seg1' and '00101_seg7'
2025-08-12 16:23:49,333 - DEBUG - Loaded and stored Omron data for key '00102_seg1' and '00102_seg7'
2025-08-12 16:23:49,333 - DEBUG - Loaded and stored Omron data for key '00103_seg1' and '00103_seg7'
2025-08-12 16:23:49,333 - DEBUG - Loaded and stored Omron data for key '00105_seg1' and '00105_seg7'
2025-08-12 16:23:49,333 - DEBUG - Loaded and stored Omron data for key '00106_seg1' and '00106_seg7'
2025-08-12 16:23:49,333 - DEBUG - Loaded and stored Omron data for key '00107_seg1' and '00107_seg7'
2025-08-12 16:23:49,333 - DEBUG - Loaded and stored Omron data for key '00108_seg1' and '00108_seg7'
2025-08-12 16:23:49,333 - DEBUG - Loaded and stored Omron data for key '00109_seg1' and '00109_seg7'
2025-08-12 16:23:49,334 - DEBUG - Loaded and stored Omron data for key '00110_seg1' and '00110_seg7'
2025-08-12 16:23:49,334 - DEBUG - Loaded and stored Omron data for key '00111_seg1' and '00111_seg7'
2025-08-12 16:23:49,334 - DEBUG - Loaded and stored Omron data for key '00112_seg1' and '00112_seg7'
2025-08-12 16:23:53,549 - DEBUG - Biopac BP values for seg1: SBP=103.1, DBP=51.9 (zeros excluded)
2025-08-12 16:23:53,655 - DEBUG - No shift for 00093, delta too large (-11.2 mmHg)
2025-08-12 16:23:54,920 - DEBUG - Saved calibrated BP data to: ./data/processed/moved/00093/seg7_bp.csv
2025-08-12 16:23:55,359 - DEBUG - Filtering: 33353 points, range before=(109462.0000, 113320.0000), after=(-169.8339, 177.4777)
2025-08-12 16:23:55,555 - DEBUG - Filtering: 33353 points, range before=(96852.0000, 102388.0000), after=(-865.9141, 979.0348)
2025-08-12 16:23:55,934 - DEBUG - Filtering: 33353 points, range before=(129492.0000, 131814.0000), after=(-84.6509, 104.0389)
2025-08-12 16:23:56,056 - DEBUG - Filtering: 33354 points, range before=(97728.0000, 104676.0000), after=(-509.4278, 714.8671)
2025-08-12 16:23:56,080 - DEBUG - Available sensors for seg7: ['sensor2', 'sensor3', 'sensor4', 'sensor5'] (4/4)
2025-08-12 16:23:56,725 - DEBUG - Loaded HR data: average 65.1 bpm
2025-08-12 16:23:56,730 - DEBUG - Using provided HR: 65.1 bpm, RR interval: 0.922s
2025-08-12 16:23:56,786 - DEBUG - Found 0 BP valleys in 30016 samples (300.2s), HR: 65 bpm
2025-08-12 16:23:56,788 - DEBUG - Warning: Insufficient BP valleys found, using original slicing method
2025-08-12 16:23:56,820 - DEBUG - Generated 290 valley-based slices from seg7
2025-08-12 16:23:56,821 - DEBUG - Loading Omron data from: /root/ppg2bp/data/omron.csv
2025-08-12 16:23:56,824 - DEBUG - Loaded and stored Omron data for key '00042_seg1' and '00042_seg7'
2025-08-12 16:23:56,824 - DEBUG - Loaded and stored Omron data for key '00043_seg1' and '00043_seg7'
2025-08-12 16:23:56,824 - DEBUG - Loaded and stored Omron data for key '00044_seg1' and '00044_seg7'
2025-08-12 16:23:56,825 - DEBUG - Loaded and stored Omron data for key '00016_seg1' and '00016_seg7'
2025-08-12 16:23:56,825 - DEBUG - Loaded and stored Omron data for key '00045_seg1' and '00045_seg7'
2025-08-12 16:23:56,825 - DEBUG - Loaded and stored Omron data for key '00047_seg1' and '00047_seg7'
2025-08-12 16:23:56,825 - DEBUG - Loaded and stored Omron data for key '00048_seg1' and '00048_seg7'
2025-08-12 16:23:56,825 - DEBUG - Loaded and stored Omron data for key '00049_seg1' and '00049_seg7'
2025-08-12 16:23:56,825 - DEBUG - Loaded and stored Omron data for key '00050_seg1' and '00050_seg7'
2025-08-12 16:23:56,825 - DEBUG - Loaded and stored Omron data for key '00051_seg1' and '00051_seg7'
2025-08-12 16:23:56,825 - DEBUG - Loaded and stored Omron data for key '00052_seg1' and '00052_seg7'
2025-08-12 16:23:56,825 - DEBUG - Loaded and stored Omron data for key '00003_seg1' and '00003_seg7'
2025-08-12 16:23:56,825 - DEBUG - Loaded and stored Omron data for key '00053_seg1' and '00053_seg7'
2025-08-12 16:23:56,825 - DEBUG - Loaded and stored Omron data for key '00054_seg1' and '00054_seg7'
2025-08-12 16:23:56,826 - DEBUG - Loaded and stored Omron data for key '00055_seg1' and '00055_seg7'
2025-08-12 16:23:56,826 - DEBUG - Loaded and stored Omron data for key '00056_seg1' and '00056_seg7'
2025-08-12 16:23:56,826 - DEBUG - Loaded and stored Omron data for key '00057_seg1' and '00057_seg7'
2025-08-12 16:23:56,826 - DEBUG - Loaded and stored Omron data for key '00058_seg1' and '00058_seg7'
2025-08-12 16:23:56,826 - DEBUG - Loaded and stored Omron data for key '00059_seg1' and '00059_seg7'
2025-08-12 16:23:56,826 - DEBUG - Loaded and stored Omron data for key '00060_seg1' and '00060_seg7'
2025-08-12 16:23:56,826 - DEBUG - Loaded and stored Omron data for key '00061_seg1' and '00061_seg7'
2025-08-12 16:23:56,826 - DEBUG - Loaded and stored Omron data for key '00062_seg1' and '00062_seg7'
2025-08-12 16:23:56,826 - DEBUG - Loaded and stored Omron data for key '00063_seg1' and '00063_seg7'
2025-08-12 16:23:56,826 - DEBUG - Loaded and stored Omron data for key '00064_seg1' and '00064_seg7'
2025-08-12 16:23:56,826 - DEBUG - Loaded and stored Omron data for key '00065_seg1' and '00065_seg7'
2025-08-12 16:23:56,827 - DEBUG - Loaded and stored Omron data for key '00066_seg1' and '00066_seg7'
2025-08-12 16:23:56,827 - DEBUG - Loaded and stored Omron data for key '00067_seg1' and '00067_seg7'
2025-08-12 16:23:56,827 - DEBUG - Loaded and stored Omron data for key '00068_seg1' and '00068_seg7'
2025-08-12 16:23:56,827 - DEBUG - Loaded and stored Omron data for key '00069_seg1' and '00069_seg7'
2025-08-12 16:23:56,827 - DEBUG - Loaded and stored Omron data for key '00070_seg1' and '00070_seg7'
2025-08-12 16:23:56,827 - DEBUG - Loaded and stored Omron data for key '00071_seg1' and '00071_seg7'
2025-08-12 16:23:56,827 - DEBUG - Loaded and stored Omron data for key '00072_seg1' and '00072_seg7'
2025-08-12 16:23:56,827 - DEBUG - Loaded and stored Omron data for key '00073_seg1' and '00073_seg7'
2025-08-12 16:23:56,827 - DEBUG - Loaded and stored Omron data for key '00074_seg1' and '00074_seg7'
2025-08-12 16:23:56,827 - DEBUG - Loaded and stored Omron data for key '00075_seg1' and '00075_seg7'
2025-08-12 16:23:56,827 - DEBUG - Loaded and stored Omron data for key '00076_seg1' and '00076_seg7'
2025-08-12 16:23:56,827 - DEBUG - Loaded and stored Omron data for key '00077_seg1' and '00077_seg7'
2025-08-12 16:23:56,828 - DEBUG - Loaded and stored Omron data for key '00078_seg1' and '00078_seg7'
2025-08-12 16:23:56,828 - DEBUG - Loaded and stored Omron data for key '00079_seg1' and '00079_seg7'
2025-08-12 16:23:56,828 - DEBUG - Loaded and stored Omron data for key '00080_seg1' and '00080_seg7'
2025-08-12 16:23:56,828 - DEBUG - Loaded and stored Omron data for key '00081_seg1' and '00081_seg7'
2025-08-12 16:23:56,828 - DEBUG - Loaded and stored Omron data for key '00082_seg1' and '00082_seg7'
2025-08-12 16:23:56,828 - DEBUG - Loaded and stored Omron data for key '00083_seg1' and '00083_seg7'
2025-08-12 16:23:56,828 - DEBUG - Loaded and stored Omron data for key '00084_seg1' and '00084_seg7'
2025-08-12 16:23:56,828 - DEBUG - Loaded and stored Omron data for key '00085_seg1' and '00085_seg7'
2025-08-12 16:23:56,828 - DEBUG - Loaded and stored Omron data for key '00086_seg1' and '00086_seg7'
2025-08-12 16:23:56,828 - DEBUG - Loaded and stored Omron data for key '00087_seg1' and '00087_seg7'
2025-08-12 16:23:56,828 - DEBUG - Loaded and stored Omron data for key '00088_seg1' and '00088_seg7'
2025-08-12 16:23:56,829 - DEBUG - Loaded and stored Omron data for key '00089_seg1' and '00089_seg7'
2025-08-12 16:23:56,829 - DEBUG - Loaded and stored Omron data for key '00090_seg1' and '00090_seg7'
2025-08-12 16:23:56,829 - DEBUG - Loaded and stored Omron data for key '00091_seg1' and '00091_seg7'
2025-08-12 16:23:56,829 - DEBUG - Loaded and stored Omron data for key '00092_seg1' and '00092_seg7'
2025-08-12 16:23:56,829 - DEBUG - Loaded and stored Omron data for key '00093_seg1' and '00093_seg7'
2025-08-12 16:23:56,829 - DEBUG - Loaded and stored Omron data for key '00094_seg1' and '00094_seg7'
2025-08-12 16:23:56,829 - DEBUG - Loaded and stored Omron data for key '00095_seg1' and '00095_seg7'
2025-08-12 16:23:56,829 - DEBUG - Loaded and stored Omron data for key '00096_seg1' and '00096_seg7'
2025-08-12 16:23:56,829 - DEBUG - Loaded and stored Omron data for key '00097_seg1' and '00097_seg7'
2025-08-12 16:23:56,829 - DEBUG - Loaded and stored Omron data for key '00098_seg1' and '00098_seg7'
2025-08-12 16:23:56,829 - DEBUG - Loaded and stored Omron data for key '00099_seg1' and '00099_seg7'
2025-08-12 16:23:56,829 - DEBUG - Loaded and stored Omron data for key '00100_seg1' and '00100_seg7'
2025-08-12 16:23:56,830 - DEBUG - Loaded and stored Omron data for key '00101_seg1' and '00101_seg7'
2025-08-12 16:23:56,830 - DEBUG - Loaded and stored Omron data for key '00102_seg1' and '00102_seg7'
2025-08-12 16:23:56,830 - DEBUG - Loaded and stored Omron data for key '00103_seg1' and '00103_seg7'
2025-08-12 16:23:56,830 - DEBUG - Loaded and stored Omron data for key '00105_seg1' and '00105_seg7'
2025-08-12 16:23:56,830 - DEBUG - Loaded and stored Omron data for key '00106_seg1' and '00106_seg7'
2025-08-12 16:23:56,830 - DEBUG - Loaded and stored Omron data for key '00107_seg1' and '00107_seg7'
2025-08-12 16:23:56,830 - DEBUG - Loaded and stored Omron data for key '00108_seg1' and '00108_seg7'
2025-08-12 16:23:56,830 - DEBUG - Loaded and stored Omron data for key '00109_seg1' and '00109_seg7'
2025-08-12 16:23:56,830 - DEBUG - Loaded and stored Omron data for key '00110_seg1' and '00110_seg7'
2025-08-12 16:23:56,830 - DEBUG - Loaded and stored Omron data for key '00111_seg1' and '00111_seg7'
2025-08-12 16:23:56,830 - DEBUG - Loaded and stored Omron data for key '00112_seg1' and '00112_seg7'
2025-08-12 16:24:01,746 - DEBUG - Biopac BP values for seg1: SBP=100.9, DBP=68.5 (zeros excluded)
2025-08-12 16:24:01,921 - DEBUG - Calculated shift amount for 00094: +8.3 mmHg
2025-08-12 16:24:01,922 - DEBUG - Processing 00094 - seg1
2025-08-12 16:24:07,355 - DEBUG - Saved calibrated BP data to: ./data/processed/moved/00094/seg1_bp.csv
2025-08-12 16:24:08,445 - DEBUG - Filtering: 66669 points, range before=(95587.0000, 101184.0000), after=(-1143.3744, 1532.5663)
2025-08-12 16:24:08,854 - DEBUG - Filtering: 66669 points, range before=(105024.0000, 122851.0000), after=(-1475.5385, 1524.0057)
2025-08-12 16:24:09,419 - DEBUG - Filtering: 66669 points, range before=(104217.0000, 107466.0000), after=(-355.3859, 450.7015)
2025-08-12 16:24:09,941 - DEBUG - Filtering: 66670 points, range before=(119417.0000, 128834.0000), after=(-563.4306, 570.4011)
2025-08-12 16:24:09,945 - DEBUG - Available sensors for seg1: ['sensor2', 'sensor3', 'sensor4', 'sensor5'] (4/4)
2025-08-12 16:24:12,144 - DEBUG - Loaded HR data: average 82.3 bpm
2025-08-12 16:24:12,237 - DEBUG - Using provided HR: 82.3 bpm, RR interval: 0.729s
2025-08-12 16:24:12,437 - DEBUG - Found 821 BP valleys in 59999 samples (600.0s), HR: 82 bpm
2025-08-12 16:24:12,447 - DEBUG - Created 807 valley-based slices from 821 valleys
2025-08-12 16:24:12,447 - DEBUG - Generated 807 valley-based slices from seg1
2025-08-12 16:24:12,447 - DEBUG - Processing 00094 - seg7
2025-08-12 16:24:14,745 - DEBUG - Saved calibrated BP data to: ./data/processed/moved/00094/seg7_bp.csv
2025-08-12 16:24:14,936 - DEBUG - Filtering: 33336 points, range before=(98504.0000, 104330.0000), after=(-200.6663, 246.5845)
2025-08-12 16:24:15,248 - DEBUG - Filtering: 33336 points, range before=(97358.0000, 105939.0000), after=(-619.7685, 578.8385)
2025-08-12 16:24:15,633 - DEBUG - Filtering: 33336 points, range before=(104161.0000, 107894.0000), after=(-150.6635, 153.9879)
2025-08-12 16:24:15,836 - DEBUG - Filtering: 33338 points, range before=(107319.0000, 111122.0000), after=(-311.6187, 503.8717)
2025-08-12 16:24:15,838 - DEBUG - Available sensors for seg7: ['sensor2', 'sensor3', 'sensor4', 'sensor5'] (4/4)
2025-08-12 16:24:16,448 - DEBUG - Loaded HR data: average 83.7 bpm
2025-08-12 16:24:16,450 - DEBUG - Using provided HR: 83.7 bpm, RR interval: 0.716s
2025-08-12 16:24:16,540 - DEBUG - Found 0 BP valleys in 29999 samples (300.0s), HR: 84 bpm
2025-08-12 16:24:16,541 - DEBUG - Warning: Insufficient BP valleys found, using original slicing method
2025-08-12 16:24:16,544 - DEBUG - Generated 289 valley-based slices from seg7
2025-08-12 16:24:16,544 - DEBUG - Loading Omron data from: /root/ppg2bp/data/omron.csv
2025-08-12 16:24:16,546 - DEBUG - Loaded and stored Omron data for key '00042_seg1' and '00042_seg7'
2025-08-12 16:24:16,546 - DEBUG - Loaded and stored Omron data for key '00043_seg1' and '00043_seg7'
2025-08-12 16:24:16,546 - DEBUG - Loaded and stored Omron data for key '00044_seg1' and '00044_seg7'
2025-08-12 16:24:16,546 - DEBUG - Loaded and stored Omron data for key '00016_seg1' and '00016_seg7'
2025-08-12 16:24:16,546 - DEBUG - Loaded and stored Omron data for key '00045_seg1' and '00045_seg7'
2025-08-12 16:24:16,546 - DEBUG - Loaded and stored Omron data for key '00047_seg1' and '00047_seg7'
2025-08-12 16:24:16,547 - DEBUG - Loaded and stored Omron data for key '00048_seg1' and '00048_seg7'
2025-08-12 16:24:16,547 - DEBUG - Loaded and stored Omron data for key '00049_seg1' and '00049_seg7'
2025-08-12 16:24:16,547 - DEBUG - Loaded and stored Omron data for key '00050_seg1' and '00050_seg7'
2025-08-12 16:24:16,547 - DEBUG - Loaded and stored Omron data for key '00051_seg1' and '00051_seg7'
2025-08-12 16:24:16,547 - DEBUG - Loaded and stored Omron data for key '00052_seg1' and '00052_seg7'
2025-08-12 16:24:16,547 - DEBUG - Loaded and stored Omron data for key '00003_seg1' and '00003_seg7'
2025-08-12 16:24:16,547 - DEBUG - Loaded and stored Omron data for key '00053_seg1' and '00053_seg7'
2025-08-12 16:24:16,547 - DEBUG - Loaded and stored Omron data for key '00054_seg1' and '00054_seg7'
2025-08-12 16:24:16,547 - DEBUG - Loaded and stored Omron data for key '00055_seg1' and '00055_seg7'
2025-08-12 16:24:16,547 - DEBUG - Loaded and stored Omron data for key '00056_seg1' and '00056_seg7'
2025-08-12 16:24:16,547 - DEBUG - Loaded and stored Omron data for key '00057_seg1' and '00057_seg7'
2025-08-12 16:24:16,547 - DEBUG - Loaded and stored Omron data for key '00058_seg1' and '00058_seg7'
2025-08-12 16:24:16,548 - DEBUG - Loaded and stored Omron data for key '00059_seg1' and '00059_seg7'
2025-08-12 16:24:16,548 - DEBUG - Loaded and stored Omron data for key '00060_seg1' and '00060_seg7'
2025-08-12 16:24:16,548 - DEBUG - Loaded and stored Omron data for key '00061_seg1' and '00061_seg7'
2025-08-12 16:24:16,548 - DEBUG - Loaded and stored Omron data for key '00062_seg1' and '00062_seg7'
2025-08-12 16:24:16,548 - DEBUG - Loaded and stored Omron data for key '00063_seg1' and '00063_seg7'
2025-08-12 16:24:16,548 - DEBUG - Loaded and stored Omron data for key '00064_seg1' and '00064_seg7'
2025-08-12 16:24:16,548 - DEBUG - Loaded and stored Omron data for key '00065_seg1' and '00065_seg7'
2025-08-12 16:24:16,548 - DEBUG - Loaded and stored Omron data for key '00066_seg1' and '00066_seg7'
2025-08-12 16:24:16,548 - DEBUG - Loaded and stored Omron data for key '00067_seg1' and '00067_seg7'
2025-08-12 16:24:16,548 - DEBUG - Loaded and stored Omron data for key '00068_seg1' and '00068_seg7'
2025-08-12 16:24:16,548 - DEBUG - Loaded and stored Omron data for key '00069_seg1' and '00069_seg7'
2025-08-12 16:24:16,549 - DEBUG - Loaded and stored Omron data for key '00070_seg1' and '00070_seg7'
2025-08-12 16:24:16,549 - DEBUG - Loaded and stored Omron data for key '00071_seg1' and '00071_seg7'
2025-08-12 16:24:16,549 - DEBUG - Loaded and stored Omron data for key '00072_seg1' and '00072_seg7'
2025-08-12 16:24:16,549 - DEBUG - Loaded and stored Omron data for key '00073_seg1' and '00073_seg7'
2025-08-12 16:24:16,549 - DEBUG - Loaded and stored Omron data for key '00074_seg1' and '00074_seg7'
2025-08-12 16:24:16,549 - DEBUG - Loaded and stored Omron data for key '00075_seg1' and '00075_seg7'
2025-08-12 16:24:16,549 - DEBUG - Loaded and stored Omron data for key '00076_seg1' and '00076_seg7'
2025-08-12 16:24:16,549 - DEBUG - Loaded and stored Omron data for key '00077_seg1' and '00077_seg7'
2025-08-12 16:24:16,549 - DEBUG - Loaded and stored Omron data for key '00078_seg1' and '00078_seg7'
2025-08-12 16:24:16,549 - DEBUG - Loaded and stored Omron data for key '00079_seg1' and '00079_seg7'
2025-08-12 16:24:16,549 - DEBUG - Loaded and stored Omron data for key '00080_seg1' and '00080_seg7'
2025-08-12 16:24:16,549 - DEBUG - Loaded and stored Omron data for key '00081_seg1' and '00081_seg7'
2025-08-12 16:24:16,550 - DEBUG - Loaded and stored Omron data for key '00082_seg1' and '00082_seg7'
2025-08-12 16:24:16,550 - DEBUG - Loaded and stored Omron data for key '00083_seg1' and '00083_seg7'
2025-08-12 16:24:16,550 - DEBUG - Loaded and stored Omron data for key '00084_seg1' and '00084_seg7'
2025-08-12 16:24:16,550 - DEBUG - Loaded and stored Omron data for key '00085_seg1' and '00085_seg7'
2025-08-12 16:24:16,550 - DEBUG - Loaded and stored Omron data for key '00086_seg1' and '00086_seg7'
2025-08-12 16:24:16,550 - DEBUG - Loaded and stored Omron data for key '00087_seg1' and '00087_seg7'
2025-08-12 16:24:16,551 - DEBUG - Loaded and stored Omron data for key '00088_seg1' and '00088_seg7'
2025-08-12 16:24:16,551 - DEBUG - Loaded and stored Omron data for key '00089_seg1' and '00089_seg7'
2025-08-12 16:24:16,551 - DEBUG - Loaded and stored Omron data for key '00090_seg1' and '00090_seg7'
2025-08-12 16:24:16,551 - DEBUG - Loaded and stored Omron data for key '00091_seg1' and '00091_seg7'
2025-08-12 16:24:16,551 - DEBUG - Loaded and stored Omron data for key '00092_seg1' and '00092_seg7'
2025-08-12 16:24:16,551 - DEBUG - Loaded and stored Omron data for key '00093_seg1' and '00093_seg7'
2025-08-12 16:24:16,551 - DEBUG - Loaded and stored Omron data for key '00094_seg1' and '00094_seg7'
2025-08-12 16:24:16,551 - DEBUG - Loaded and stored Omron data for key '00095_seg1' and '00095_seg7'
2025-08-12 16:24:16,552 - DEBUG - Loaded and stored Omron data for key '00096_seg1' and '00096_seg7'
2025-08-12 16:24:16,552 - DEBUG - Loaded and stored Omron data for key '00097_seg1' and '00097_seg7'
2025-08-12 16:24:16,552 - DEBUG - Loaded and stored Omron data for key '00098_seg1' and '00098_seg7'
2025-08-12 16:24:16,552 - DEBUG - Loaded and stored Omron data for key '00099_seg1' and '00099_seg7'
2025-08-12 16:24:16,552 - DEBUG - Loaded and stored Omron data for key '00100_seg1' and '00100_seg7'
2025-08-12 16:24:16,552 - DEBUG - Loaded and stored Omron data for key '00101_seg1' and '00101_seg7'
2025-08-12 16:24:16,552 - DEBUG - Loaded and stored Omron data for key '00102_seg1' and '00102_seg7'
2025-08-12 16:24:16,552 - DEBUG - Loaded and stored Omron data for key '00103_seg1' and '00103_seg7'
2025-08-12 16:24:16,552 - DEBUG - Loaded and stored Omron data for key '00105_seg1' and '00105_seg7'
2025-08-12 16:24:16,553 - DEBUG - Loaded and stored Omron data for key '00106_seg1' and '00106_seg7'
2025-08-12 16:24:16,553 - DEBUG - Loaded and stored Omron data for key '00107_seg1' and '00107_seg7'
2025-08-12 16:24:16,553 - DEBUG - Loaded and stored Omron data for key '00108_seg1' and '00108_seg7'
2025-08-12 16:24:16,553 - DEBUG - Loaded and stored Omron data for key '00109_seg1' and '00109_seg7'
2025-08-12 16:24:16,553 - DEBUG - Loaded and stored Omron data for key '00110_seg1' and '00110_seg7'
2025-08-12 16:24:16,553 - DEBUG - Loaded and stored Omron data for key '00111_seg1' and '00111_seg7'
2025-08-12 16:24:16,553 - DEBUG - Loaded and stored Omron data for key '00112_seg1' and '00112_seg7'
2025-08-12 16:24:20,848 - DEBUG - Biopac BP values for seg1: SBP=103.4, DBP=70.8 (zeros excluded)
2025-08-12 16:24:21,024 - DEBUG - No shift for 00095, delta too large (16.5 mmHg)
2025-08-12 16:24:21,024 - DEBUG - Processing 00095 - seg1
2025-08-12 16:24:23,630 - DEBUG - Loading Omron data from: /root/ppg2bp/data/omron.csv
2025-08-12 16:24:23,633 - DEBUG - Loaded and stored Omron data for key '00042_seg1' and '00042_seg7'
2025-08-12 16:24:23,633 - DEBUG - Loaded and stored Omron data for key '00043_seg1' and '00043_seg7'
2025-08-12 16:24:23,633 - DEBUG - Loaded and stored Omron data for key '00044_seg1' and '00044_seg7'
2025-08-12 16:24:23,633 - DEBUG - Loaded and stored Omron data for key '00016_seg1' and '00016_seg7'
2025-08-12 16:24:23,634 - DEBUG - Loaded and stored Omron data for key '00045_seg1' and '00045_seg7'
2025-08-12 16:24:23,634 - DEBUG - Loaded and stored Omron data for key '00047_seg1' and '00047_seg7'
2025-08-12 16:24:23,634 - DEBUG - Loaded and stored Omron data for key '00048_seg1' and '00048_seg7'
2025-08-12 16:24:23,634 - DEBUG - Loaded and stored Omron data for key '00049_seg1' and '00049_seg7'
2025-08-12 16:24:23,634 - DEBUG - Loaded and stored Omron data for key '00050_seg1' and '00050_seg7'
2025-08-12 16:24:23,634 - DEBUG - Loaded and stored Omron data for key '00051_seg1' and '00051_seg7'
2025-08-12 16:24:23,634 - DEBUG - Loaded and stored Omron data for key '00052_seg1' and '00052_seg7'
2025-08-12 16:24:23,634 - DEBUG - Loaded and stored Omron data for key '00003_seg1' and '00003_seg7'
2025-08-12 16:24:23,634 - DEBUG - Loaded and stored Omron data for key '00053_seg1' and '00053_seg7'
2025-08-12 16:24:23,634 - DEBUG - Loaded and stored Omron data for key '00054_seg1' and '00054_seg7'
2025-08-12 16:24:23,634 - DEBUG - Loaded and stored Omron data for key '00055_seg1' and '00055_seg7'
2025-08-12 16:24:23,635 - DEBUG - Loaded and stored Omron data for key '00056_seg1' and '00056_seg7'
2025-08-12 16:24:23,635 - DEBUG - Loaded and stored Omron data for key '00057_seg1' and '00057_seg7'
2025-08-12 16:24:23,635 - DEBUG - Loaded and stored Omron data for key '00058_seg1' and '00058_seg7'
2025-08-12 16:24:23,635 - DEBUG - Loaded and stored Omron data for key '00059_seg1' and '00059_seg7'
2025-08-12 16:24:23,635 - DEBUG - Loaded and stored Omron data for key '00060_seg1' and '00060_seg7'
2025-08-12 16:24:23,635 - DEBUG - Loaded and stored Omron data for key '00061_seg1' and '00061_seg7'
2025-08-12 16:24:23,635 - DEBUG - Loaded and stored Omron data for key '00062_seg1' and '00062_seg7'
2025-08-12 16:24:23,635 - DEBUG - Loaded and stored Omron data for key '00063_seg1' and '00063_seg7'
2025-08-12 16:24:23,635 - DEBUG - Loaded and stored Omron data for key '00064_seg1' and '00064_seg7'
2025-08-12 16:24:23,635 - DEBUG - Loaded and stored Omron data for key '00065_seg1' and '00065_seg7'
2025-08-12 16:24:23,635 - DEBUG - Loaded and stored Omron data for key '00066_seg1' and '00066_seg7'
2025-08-12 16:24:23,636 - DEBUG - Loaded and stored Omron data for key '00067_seg1' and '00067_seg7'
2025-08-12 16:24:23,636 - DEBUG - Loaded and stored Omron data for key '00068_seg1' and '00068_seg7'
2025-08-12 16:24:23,636 - DEBUG - Loaded and stored Omron data for key '00069_seg1' and '00069_seg7'
2025-08-12 16:24:23,636 - DEBUG - Loaded and stored Omron data for key '00070_seg1' and '00070_seg7'
2025-08-12 16:24:23,636 - DEBUG - Loaded and stored Omron data for key '00071_seg1' and '00071_seg7'
2025-08-12 16:24:23,636 - DEBUG - Loaded and stored Omron data for key '00072_seg1' and '00072_seg7'
2025-08-12 16:24:23,636 - DEBUG - Loaded and stored Omron data for key '00073_seg1' and '00073_seg7'
2025-08-12 16:24:23,636 - DEBUG - Loaded and stored Omron data for key '00074_seg1' and '00074_seg7'
2025-08-12 16:24:23,636 - DEBUG - Loaded and stored Omron data for key '00075_seg1' and '00075_seg7'
2025-08-12 16:24:23,636 - DEBUG - Loaded and stored Omron data for key '00076_seg1' and '00076_seg7'
2025-08-12 16:24:23,636 - DEBUG - Loaded and stored Omron data for key '00077_seg1' and '00077_seg7'
2025-08-12 16:24:23,636 - DEBUG - Loaded and stored Omron data for key '00078_seg1' and '00078_seg7'
2025-08-12 16:24:23,637 - DEBUG - Loaded and stored Omron data for key '00079_seg1' and '00079_seg7'
2025-08-12 16:24:23,637 - DEBUG - Loaded and stored Omron data for key '00080_seg1' and '00080_seg7'
2025-08-12 16:24:23,637 - DEBUG - Loaded and stored Omron data for key '00081_seg1' and '00081_seg7'
2025-08-12 16:24:23,637 - DEBUG - Loaded and stored Omron data for key '00082_seg1' and '00082_seg7'
2025-08-12 16:24:23,637 - DEBUG - Loaded and stored Omron data for key '00083_seg1' and '00083_seg7'
2025-08-12 16:24:23,637 - DEBUG - Loaded and stored Omron data for key '00084_seg1' and '00084_seg7'
2025-08-12 16:24:23,637 - DEBUG - Loaded and stored Omron data for key '00085_seg1' and '00085_seg7'
2025-08-12 16:24:23,637 - DEBUG - Loaded and stored Omron data for key '00086_seg1' and '00086_seg7'
2025-08-12 16:24:23,637 - DEBUG - Loaded and stored Omron data for key '00087_seg1' and '00087_seg7'
2025-08-12 16:24:23,637 - DEBUG - Loaded and stored Omron data for key '00088_seg1' and '00088_seg7'
2025-08-12 16:24:23,637 - DEBUG - Loaded and stored Omron data for key '00089_seg1' and '00089_seg7'
2025-08-12 16:24:23,637 - DEBUG - Loaded and stored Omron data for key '00090_seg1' and '00090_seg7'
2025-08-12 16:24:23,638 - DEBUG - Loaded and stored Omron data for key '00091_seg1' and '00091_seg7'
2025-08-12 16:24:23,638 - DEBUG - Loaded and stored Omron data for key '00092_seg1' and '00092_seg7'
2025-08-12 16:24:23,638 - DEBUG - Loaded and stored Omron data for key '00093_seg1' and '00093_seg7'
2025-08-12 16:24:23,638 - DEBUG - Loaded and stored Omron data for key '00094_seg1' and '00094_seg7'
2025-08-12 16:24:23,638 - DEBUG - Loaded and stored Omron data for key '00095_seg1' and '00095_seg7'
2025-08-12 16:24:23,638 - DEBUG - Loaded and stored Omron data for key '00096_seg1' and '00096_seg7'
2025-08-12 16:24:23,638 - DEBUG - Loaded and stored Omron data for key '00097_seg1' and '00097_seg7'
2025-08-12 16:24:23,638 - DEBUG - Loaded and stored Omron data for key '00098_seg1' and '00098_seg7'
2025-08-12 16:24:23,638 - DEBUG - Loaded and stored Omron data for key '00099_seg1' and '00099_seg7'
2025-08-12 16:24:23,638 - DEBUG - Loaded and stored Omron data for key '00100_seg1' and '00100_seg7'
2025-08-12 16:24:23,638 - DEBUG - Loaded and stored Omron data for key '00101_seg1' and '00101_seg7'
2025-08-12 16:24:23,639 - DEBUG - Loaded and stored Omron data for key '00102_seg1' and '00102_seg7'
2025-08-12 16:24:23,639 - DEBUG - Loaded and stored Omron data for key '00103_seg1' and '00103_seg7'
2025-08-12 16:24:23,639 - DEBUG - Loaded and stored Omron data for key '00105_seg1' and '00105_seg7'
2025-08-12 16:24:23,639 - DEBUG - Loaded and stored Omron data for key '00106_seg1' and '00106_seg7'
2025-08-12 16:24:23,639 - DEBUG - Loaded and stored Omron data for key '00107_seg1' and '00107_seg7'
2025-08-12 16:24:23,639 - DEBUG - Loaded and stored Omron data for key '00108_seg1' and '00108_seg7'
2025-08-12 16:24:23,639 - DEBUG - Loaded and stored Omron data for key '00109_seg1' and '00109_seg7'
2025-08-12 16:24:23,639 - DEBUG - Loaded and stored Omron data for key '00110_seg1' and '00110_seg7'
2025-08-12 16:24:23,639 - DEBUG - Loaded and stored Omron data for key '00111_seg1' and '00111_seg7'
2025-08-12 16:24:23,639 - DEBUG - Loaded and stored Omron data for key '00112_seg1' and '00112_seg7'
2025-08-12 16:24:27,945 - DEBUG - Biopac BP values for seg1: SBP=103.4, DBP=70.8 (zeros excluded)
2025-08-12 16:24:28,044 - DEBUG - No shift for 00095, delta too large (16.5 mmHg)
2025-08-12 16:24:30,949 - DEBUG - Saved calibrated BP data to: ./data/processed/moved/00095/seg1_bp.csv
2025-08-12 16:24:31,542 - DEBUG - Filtering: 66669 points, range before=(103222.0000, 104821.0000), after=(-96.9624, 105.8844)
2025-08-12 16:24:32,379 - DEBUG - Filtering: 66671 points, range before=(93879.0000, 107919.0000), after=(-1419.8514, 1747.4798)
2025-08-12 16:24:32,423 - DEBUG - Warning: ./data/raw/00095/seg1_sensor4.csv not found. Skipping this sensor.
2025-08-12 16:24:33,249 - DEBUG - Filtering: 66670 points, range before=(68617.0000, 73599.0000), after=(-184.5587, 227.0598)
2025-08-12 16:24:33,266 - DEBUG - Available sensors for seg1: ['sensor2', 'sensor3', 'sensor5'] (3/4)
2025-08-12 16:24:35,347 - DEBUG - Loaded HR data: average 75.3 bpm
2025-08-12 16:24:35,438 - DEBUG - Using provided HR: 75.3 bpm, RR interval: 0.797s
2025-08-12 16:24:35,736 - DEBUG - Found 750 BP valleys in 59999 samples (600.0s), HR: 75 bpm
2025-08-12 16:24:35,746 - DEBUG - Created 738 valley-based slices from 750 valleys
2025-08-12 16:24:35,746 - DEBUG - Generated 738 valley-based slices from seg1
2025-08-12 16:24:35,746 - DEBUG - Processing 00095 - seg7
2025-08-12 16:24:36,981 - DEBUG - Loading Omron data from: /root/ppg2bp/data/omron.csv
2025-08-12 16:24:36,990 - DEBUG - Loaded and stored Omron data for key '00042_seg1' and '00042_seg7'
2025-08-12 16:24:36,990 - DEBUG - Loaded and stored Omron data for key '00043_seg1' and '00043_seg7'
2025-08-12 16:24:36,990 - DEBUG - Loaded and stored Omron data for key '00044_seg1' and '00044_seg7'
2025-08-12 16:24:36,991 - DEBUG - Loaded and stored Omron data for key '00016_seg1' and '00016_seg7'
2025-08-12 16:24:36,991 - DEBUG - Loaded and stored Omron data for key '00045_seg1' and '00045_seg7'
2025-08-12 16:24:36,991 - DEBUG - Loaded and stored Omron data for key '00047_seg1' and '00047_seg7'
2025-08-12 16:24:36,991 - DEBUG - Loaded and stored Omron data for key '00048_seg1' and '00048_seg7'
2025-08-12 16:24:36,992 - DEBUG - Loaded and stored Omron data for key '00049_seg1' and '00049_seg7'
2025-08-12 16:24:36,992 - DEBUG - Loaded and stored Omron data for key '00050_seg1' and '00050_seg7'
2025-08-12 16:24:36,992 - DEBUG - Loaded and stored Omron data for key '00051_seg1' and '00051_seg7'
2025-08-12 16:24:36,992 - DEBUG - Loaded and stored Omron data for key '00052_seg1' and '00052_seg7'
2025-08-12 16:24:36,992 - DEBUG - Loaded and stored Omron data for key '00003_seg1' and '00003_seg7'
2025-08-12 16:24:36,993 - DEBUG - Loaded and stored Omron data for key '00053_seg1' and '00053_seg7'
2025-08-12 16:24:36,993 - DEBUG - Loaded and stored Omron data for key '00054_seg1' and '00054_seg7'
2025-08-12 16:24:36,993 - DEBUG - Loaded and stored Omron data for key '00055_seg1' and '00055_seg7'
2025-08-12 16:24:36,993 - DEBUG - Loaded and stored Omron data for key '00056_seg1' and '00056_seg7'
2025-08-12 16:24:36,993 - DEBUG - Loaded and stored Omron data for key '00057_seg1' and '00057_seg7'
2025-08-12 16:24:36,994 - DEBUG - Loaded and stored Omron data for key '00058_seg1' and '00058_seg7'
2025-08-12 16:24:36,994 - DEBUG - Loaded and stored Omron data for key '00059_seg1' and '00059_seg7'
2025-08-12 16:24:36,994 - DEBUG - Loaded and stored Omron data for key '00060_seg1' and '00060_seg7'
2025-08-12 16:24:36,994 - DEBUG - Loaded and stored Omron data for key '00061_seg1' and '00061_seg7'
2025-08-12 16:24:36,995 - DEBUG - Loaded and stored Omron data for key '00062_seg1' and '00062_seg7'
2025-08-12 16:24:36,995 - DEBUG - Loaded and stored Omron data for key '00063_seg1' and '00063_seg7'
2025-08-12 16:24:36,995 - DEBUG - Loaded and stored Omron data for key '00064_seg1' and '00064_seg7'
2025-08-12 16:24:36,995 - DEBUG - Loaded and stored Omron data for key '00065_seg1' and '00065_seg7'
2025-08-12 16:24:36,995 - DEBUG - Loaded and stored Omron data for key '00066_seg1' and '00066_seg7'
2025-08-12 16:24:36,995 - DEBUG - Loaded and stored Omron data for key '00067_seg1' and '00067_seg7'
2025-08-12 16:24:36,995 - DEBUG - Loaded and stored Omron data for key '00068_seg1' and '00068_seg7'
2025-08-12 16:24:36,995 - DEBUG - Loaded and stored Omron data for key '00069_seg1' and '00069_seg7'
2025-08-12 16:24:36,997 - DEBUG - Loaded and stored Omron data for key '00070_seg1' and '00070_seg7'
2025-08-12 16:24:36,997 - DEBUG - Loaded and stored Omron data for key '00071_seg1' and '00071_seg7'
2025-08-12 16:24:36,997 - DEBUG - Loaded and stored Omron data for key '00072_seg1' and '00072_seg7'
2025-08-12 16:24:36,997 - DEBUG - Loaded and stored Omron data for key '00073_seg1' and '00073_seg7'
2025-08-12 16:24:36,998 - DEBUG - Loaded and stored Omron data for key '00074_seg1' and '00074_seg7'
2025-08-12 16:24:36,998 - DEBUG - Loaded and stored Omron data for key '00075_seg1' and '00075_seg7'
2025-08-12 16:24:36,998 - DEBUG - Loaded and stored Omron data for key '00076_seg1' and '00076_seg7'
2025-08-12 16:24:36,998 - DEBUG - Loaded and stored Omron data for key '00077_seg1' and '00077_seg7'
2025-08-12 16:24:36,998 - DEBUG - Loaded and stored Omron data for key '00078_seg1' and '00078_seg7'
2025-08-12 16:24:36,999 - DEBUG - Loaded and stored Omron data for key '00079_seg1' and '00079_seg7'
2025-08-12 16:24:36,999 - DEBUG - Loaded and stored Omron data for key '00080_seg1' and '00080_seg7'
2025-08-12 16:24:36,999 - DEBUG - Loaded and stored Omron data for key '00081_seg1' and '00081_seg7'
2025-08-12 16:24:36,999 - DEBUG - Loaded and stored Omron data for key '00082_seg1' and '00082_seg7'
2025-08-12 16:24:37,000 - DEBUG - Loaded and stored Omron data for key '00083_seg1' and '00083_seg7'
2025-08-12 16:24:37,000 - DEBUG - Loaded and stored Omron data for key '00084_seg1' and '00084_seg7'
2025-08-12 16:24:37,000 - DEBUG - Loaded and stored Omron data for key '00085_seg1' and '00085_seg7'
2025-08-12 16:24:37,000 - DEBUG - Loaded and stored Omron data for key '00086_seg1' and '00086_seg7'
2025-08-12 16:24:37,001 - DEBUG - Loaded and stored Omron data for key '00087_seg1' and '00087_seg7'
2025-08-12 16:24:37,003 - DEBUG - Loaded and stored Omron data for key '00088_seg1' and '00088_seg7'
2025-08-12 16:24:37,004 - DEBUG - Loaded and stored Omron data for key '00089_seg1' and '00089_seg7'
2025-08-12 16:24:37,005 - DEBUG - Loaded and stored Omron data for key '00090_seg1' and '00090_seg7'
2025-08-12 16:24:37,006 - DEBUG - Loaded and stored Omron data for key '00091_seg1' and '00091_seg7'
2025-08-12 16:24:37,007 - DEBUG - Loaded and stored Omron data for key '00092_seg1' and '00092_seg7'
2025-08-12 16:24:37,008 - DEBUG - Loaded and stored Omron data for key '00093_seg1' and '00093_seg7'
2025-08-12 16:24:37,009 - DEBUG - Loaded and stored Omron data for key '00094_seg1' and '00094_seg7'
2025-08-12 16:24:37,010 - DEBUG - Loaded and stored Omron data for key '00095_seg1' and '00095_seg7'
2025-08-12 16:24:37,010 - DEBUG - Loaded and stored Omron data for key '00096_seg1' and '00096_seg7'
2025-08-12 16:24:37,011 - DEBUG - Loaded and stored Omron data for key '00097_seg1' and '00097_seg7'
2025-08-12 16:24:37,011 - DEBUG - Loaded and stored Omron data for key '00098_seg1' and '00098_seg7'
2025-08-12 16:24:37,012 - DEBUG - Loaded and stored Omron data for key '00099_seg1' and '00099_seg7'
2025-08-12 16:24:37,013 - DEBUG - Loaded and stored Omron data for key '00100_seg1' and '00100_seg7'
2025-08-12 16:24:37,013 - DEBUG - Loaded and stored Omron data for key '00101_seg1' and '00101_seg7'
2025-08-12 16:24:37,014 - DEBUG - Loaded and stored Omron data for key '00102_seg1' and '00102_seg7'
2025-08-12 16:24:37,014 - DEBUG - Loaded and stored Omron data for key '00103_seg1' and '00103_seg7'
2025-08-12 16:24:37,016 - DEBUG - Loaded and stored Omron data for key '00105_seg1' and '00105_seg7'
2025-08-12 16:24:37,016 - DEBUG - Loaded and stored Omron data for key '00106_seg1' and '00106_seg7'
2025-08-12 16:24:37,017 - DEBUG - Loaded and stored Omron data for key '00107_seg1' and '00107_seg7'
2025-08-12 16:24:37,018 - DEBUG - Loaded and stored Omron data for key '00108_seg1' and '00108_seg7'
2025-08-12 16:24:37,018 - DEBUG - Loaded and stored Omron data for key '00109_seg1' and '00109_seg7'
2025-08-12 16:24:37,019 - DEBUG - Loaded and stored Omron data for key '00110_seg1' and '00110_seg7'
2025-08-12 16:24:37,019 - DEBUG - Loaded and stored Omron data for key '00111_seg1' and '00111_seg7'
2025-08-12 16:24:37,020 - DEBUG - Loaded and stored Omron data for key '00112_seg1' and '00112_seg7'
2025-08-12 16:24:42,846 - DEBUG - Biopac BP values for seg1: SBP=103.4, DBP=70.8 (zeros excluded)
2025-08-12 16:24:43,062 - DEBUG - No shift for 00095, delta too large (16.5 mmHg)
2025-08-12 16:24:44,107 - DEBUG - Saved calibrated BP data to: ./data/processed/moved/00095/seg7_bp.csv
2025-08-12 16:24:44,795 - DEBUG - Filtering: 33341 points, range before=(104973.0000, 106265.0000), after=(-89.8018, 124.0421)
2025-08-12 16:24:45,351 - DEBUG - Filtering: 33340 points, range before=(92446.0000, 107161.0000), after=(-2290.0831, 2366.4468)
2025-08-12 16:24:45,367 - DEBUG - Warning: ./data/raw/00095/seg7_sensor4.csv not found. Skipping this sensor.
2025-08-12 16:24:45,946 - DEBUG - Filtering: 33339 points, range before=(67256.0000, 69749.0000), after=(-289.9241, 251.7647)
2025-08-12 16:24:45,959 - DEBUG - Available sensors for seg7: ['sensor2', 'sensor3', 'sensor5'] (3/4)
2025-08-12 16:24:47,104 - DEBUG - Loaded HR data: average 76.8 bpm
2025-08-12 16:24:47,118 - DEBUG - Using provided HR: 76.8 bpm, RR interval: 0.782s
2025-08-12 16:24:47,205 - DEBUG - Found 0 BP valleys in 30003 samples (300.0s), HR: 77 bpm
2025-08-12 16:24:47,206 - DEBUG - Warning: Insufficient BP valleys found, using original slicing method
2025-08-12 16:24:47,213 - DEBUG - Generated 290 valley-based slices from seg7
2025-08-12 16:24:47,214 - DEBUG - Loading Omron data from: /root/ppg2bp/data/omron.csv
2025-08-12 16:24:47,220 - DEBUG - Loaded and stored Omron data for key '00042_seg1' and '00042_seg7'
2025-08-12 16:24:47,220 - DEBUG - Loaded and stored Omron data for key '00043_seg1' and '00043_seg7'
2025-08-12 16:24:47,220 - DEBUG - Loaded and stored Omron data for key '00044_seg1' and '00044_seg7'
2025-08-12 16:24:47,221 - DEBUG - Loaded and stored Omron data for key '00016_seg1' and '00016_seg7'
2025-08-12 16:24:47,221 - DEBUG - Loaded and stored Omron data for key '00045_seg1' and '00045_seg7'
2025-08-12 16:24:47,221 - DEBUG - Loaded and stored Omron data for key '00047_seg1' and '00047_seg7'
2025-08-12 16:24:47,221 - DEBUG - Loaded and stored Omron data for key '00048_seg1' and '00048_seg7'
2025-08-12 16:24:47,221 - DEBUG - Loaded and stored Omron data for key '00049_seg1' and '00049_seg7'
2025-08-12 16:24:47,221 - DEBUG - Loaded and stored Omron data for key '00050_seg1' and '00050_seg7'
2025-08-12 16:24:47,221 - DEBUG - Loaded and stored Omron data for key '00051_seg1' and '00051_seg7'
2025-08-12 16:24:47,221 - DEBUG - Loaded and stored Omron data for key '00052_seg1' and '00052_seg7'
2025-08-12 16:24:47,222 - DEBUG - Loaded and stored Omron data for key '00003_seg1' and '00003_seg7'
2025-08-12 16:24:47,222 - DEBUG - Loaded and stored Omron data for key '00053_seg1' and '00053_seg7'
2025-08-12 16:24:47,222 - DEBUG - Loaded and stored Omron data for key '00054_seg1' and '00054_seg7'
2025-08-12 16:24:47,222 - DEBUG - Loaded and stored Omron data for key '00055_seg1' and '00055_seg7'
2025-08-12 16:24:47,222 - DEBUG - Loaded and stored Omron data for key '00056_seg1' and '00056_seg7'
2025-08-12 16:24:47,222 - DEBUG - Loaded and stored Omron data for key '00057_seg1' and '00057_seg7'
2025-08-12 16:24:47,222 - DEBUG - Loaded and stored Omron data for key '00058_seg1' and '00058_seg7'
2025-08-12 16:24:47,222 - DEBUG - Loaded and stored Omron data for key '00059_seg1' and '00059_seg7'
2025-08-12 16:24:47,223 - DEBUG - Loaded and stored Omron data for key '00060_seg1' and '00060_seg7'
2025-08-12 16:24:47,223 - DEBUG - Loaded and stored Omron data for key '00061_seg1' and '00061_seg7'
2025-08-12 16:24:47,223 - DEBUG - Loaded and stored Omron data for key '00062_seg1' and '00062_seg7'
2025-08-12 16:24:47,223 - DEBUG - Loaded and stored Omron data for key '00063_seg1' and '00063_seg7'
2025-08-12 16:24:47,223 - DEBUG - Loaded and stored Omron data for key '00064_seg1' and '00064_seg7'
2025-08-12 16:24:47,223 - DEBUG - Loaded and stored Omron data for key '00065_seg1' and '00065_seg7'
2025-08-12 16:24:47,223 - DEBUG - Loaded and stored Omron data for key '00066_seg1' and '00066_seg7'
2025-08-12 16:24:47,223 - DEBUG - Loaded and stored Omron data for key '00067_seg1' and '00067_seg7'
2025-08-12 16:24:47,223 - DEBUG - Loaded and stored Omron data for key '00068_seg1' and '00068_seg7'
2025-08-12 16:24:47,223 - DEBUG - Loaded and stored Omron data for key '00069_seg1' and '00069_seg7'
2025-08-12 16:24:47,223 - DEBUG - Loaded and stored Omron data for key '00070_seg1' and '00070_seg7'
2025-08-12 16:24:47,224 - DEBUG - Loaded and stored Omron data for key '00071_seg1' and '00071_seg7'
2025-08-12 16:24:47,224 - DEBUG - Loaded and stored Omron data for key '00072_seg1' and '00072_seg7'
2025-08-12 16:24:47,224 - DEBUG - Loaded and stored Omron data for key '00073_seg1' and '00073_seg7'
2025-08-12 16:24:47,224 - DEBUG - Loaded and stored Omron data for key '00074_seg1' and '00074_seg7'
2025-08-12 16:24:47,224 - DEBUG - Loaded and stored Omron data for key '00075_seg1' and '00075_seg7'
2025-08-12 16:24:47,224 - DEBUG - Loaded and stored Omron data for key '00076_seg1' and '00076_seg7'
2025-08-12 16:24:47,224 - DEBUG - Loaded and stored Omron data for key '00077_seg1' and '00077_seg7'
2025-08-12 16:24:47,224 - DEBUG - Loaded and stored Omron data for key '00078_seg1' and '00078_seg7'
2025-08-12 16:24:47,224 - DEBUG - Loaded and stored Omron data for key '00079_seg1' and '00079_seg7'
2025-08-12 16:24:47,224 - DEBUG - Loaded and stored Omron data for key '00080_seg1' and '00080_seg7'
2025-08-12 16:24:47,225 - DEBUG - Loaded and stored Omron data for key '00081_seg1' and '00081_seg7'
2025-08-12 16:24:47,225 - DEBUG - Loaded and stored Omron data for key '00082_seg1' and '00082_seg7'
2025-08-12 16:24:47,225 - DEBUG - Loaded and stored Omron data for key '00083_seg1' and '00083_seg7'
2025-08-12 16:24:47,225 - DEBUG - Loaded and stored Omron data for key '00084_seg1' and '00084_seg7'
2025-08-12 16:24:47,225 - DEBUG - Loaded and stored Omron data for key '00085_seg1' and '00085_seg7'
2025-08-12 16:24:47,225 - DEBUG - Loaded and stored Omron data for key '00086_seg1' and '00086_seg7'
2025-08-12 16:24:47,225 - DEBUG - Loaded and stored Omron data for key '00087_seg1' and '00087_seg7'
2025-08-12 16:24:47,225 - DEBUG - Loaded and stored Omron data for key '00088_seg1' and '00088_seg7'
2025-08-12 16:24:47,226 - DEBUG - Loaded and stored Omron data for key '00089_seg1' and '00089_seg7'
2025-08-12 16:24:47,226 - DEBUG - Loaded and stored Omron data for key '00090_seg1' and '00090_seg7'
2025-08-12 16:24:47,226 - DEBUG - Loaded and stored Omron data for key '00091_seg1' and '00091_seg7'
2025-08-12 16:24:47,226 - DEBUG - Loaded and stored Omron data for key '00092_seg1' and '00092_seg7'
2025-08-12 16:24:47,226 - DEBUG - Loaded and stored Omron data for key '00093_seg1' and '00093_seg7'
2025-08-12 16:24:47,226 - DEBUG - Loaded and stored Omron data for key '00094_seg1' and '00094_seg7'
2025-08-12 16:24:47,226 - DEBUG - Loaded and stored Omron data for key '00095_seg1' and '00095_seg7'
2025-08-12 16:24:47,226 - DEBUG - Loaded and stored Omron data for key '00096_seg1' and '00096_seg7'
2025-08-12 16:24:47,226 - DEBUG - Loaded and stored Omron data for key '00097_seg1' and '00097_seg7'
2025-08-12 16:24:47,226 - DEBUG - Loaded and stored Omron data for key '00098_seg1' and '00098_seg7'
2025-08-12 16:24:47,226 - DEBUG - Loaded and stored Omron data for key '00099_seg1' and '00099_seg7'
2025-08-12 16:24:47,227 - DEBUG - Loaded and stored Omron data for key '00100_seg1' and '00100_seg7'
2025-08-12 16:24:47,227 - DEBUG - Loaded and stored Omron data for key '00101_seg1' and '00101_seg7'
2025-08-12 16:24:47,227 - DEBUG - Loaded and stored Omron data for key '00102_seg1' and '00102_seg7'
2025-08-12 16:24:47,227 - DEBUG - Loaded and stored Omron data for key '00103_seg1' and '00103_seg7'
2025-08-12 16:24:47,227 - DEBUG - Loaded and stored Omron data for key '00105_seg1' and '00105_seg7'
2025-08-12 16:24:47,227 - DEBUG - Loaded and stored Omron data for key '00106_seg1' and '00106_seg7'
2025-08-12 16:24:47,227 - DEBUG - Loaded and stored Omron data for key '00107_seg1' and '00107_seg7'
2025-08-12 16:24:47,227 - DEBUG - Loaded and stored Omron data for key '00108_seg1' and '00108_seg7'
2025-08-12 16:24:47,227 - DEBUG - Loaded and stored Omron data for key '00109_seg1' and '00109_seg7'
2025-08-12 16:24:47,228 - DEBUG - Loaded and stored Omron data for key '00110_seg1' and '00110_seg7'
2025-08-12 16:24:47,228 - DEBUG - Loaded and stored Omron data for key '00111_seg1' and '00111_seg7'
2025-08-12 16:24:47,228 - DEBUG - Loaded and stored Omron data for key '00112_seg1' and '00112_seg7'
2025-08-12 16:24:54,289 - DEBUG - Biopac BP values for seg1: SBP=94.0, DBP=60.5 (zeros excluded)
2025-08-12 16:24:54,468 - DEBUG - Calculated shift amount for 00096: +11.2 mmHg
2025-08-12 16:24:54,473 - DEBUG - Processing 00096 - seg1
2025-08-12 16:24:59,714 - DEBUG - Saved calibrated BP data to: ./data/processed/moved/00096/seg1_bp.csv
2025-08-12 16:25:01,359 - DEBUG - Filtering: 66679 points, range before=(107022.0000, 111180.0000), after=(-1357.7838, 1206.9302)
2025-08-12 16:25:02,457 - DEBUG - Filtering: 66681 points, range before=(99576.0000, 127113.0000), after=(-4143.7418, 2867.5388)
2025-08-12 16:25:02,480 - DEBUG - Warning: ./data/raw/00096/seg1_sensor4.csv not found. Skipping this sensor.
2025-08-12 16:25:03,537 - DEBUG - Filtering: 66679 points, range before=(97211.0000, 105792.0000), after=(-258.3605, 278.8740)
2025-08-12 16:25:03,547 - DEBUG - Available sensors for seg1: ['sensor2', 'sensor3', 'sensor5'] (3/4)
2025-08-12 16:25:06,649 - DEBUG - Loaded HR data: average 83.8 bpm
2025-08-12 16:25:06,767 - DEBUG - Using provided HR: 83.8 bpm, RR interval: 0.716s
2025-08-12 16:25:06,973 - DEBUG - Found 0 BP valleys in 60008 samples (600.1s), HR: 84 bpm
2025-08-12 16:25:06,974 - DEBUG - Warning: Insufficient BP valleys found, using original slicing method
2025-08-12 16:25:06,989 - DEBUG - Generated 590 valley-based slices from seg1
2025-08-12 16:25:06,989 - DEBUG - Processing 00096 - seg7
2025-08-12 16:25:10,410 - DEBUG - Saved calibrated BP data to: ./data/processed/moved/00096/seg7_bp.csv
2025-08-12 16:25:10,540 - DEBUG - Warning: No valid data in ./data/raw/00096/seg7_sensor2.csv
2025-08-12 16:25:11,004 - DEBUG - Filtering: 33335 points, range before=(109712.0000, 120563.0000), after=(-1689.4471, 2109.7288)
2025-08-12 16:25:11,013 - DEBUG - Warning: ./data/raw/00096/seg7_sensor4.csv not found. Skipping this sensor.
2025-08-12 16:25:11,509 - DEBUG - Filtering: 33334 points, range before=(103853.0000, 108102.0000), after=(-1785.4122, 659.5581)
2025-08-12 16:25:11,521 - DEBUG - Available sensors for seg7: ['sensor3', 'sensor5'] (2/4)
2025-08-12 16:25:12,399 - DEBUG - Loaded HR data: average 75.9 bpm
2025-08-12 16:25:12,417 - DEBUG - Using provided HR: 75.9 bpm, RR interval: 0.790s
2025-08-12 16:25:12,478 - DEBUG - Found 0 BP valleys in 29999 samples (300.0s), HR: 76 bpm
2025-08-12 16:25:12,478 - DEBUG - Warning: Insufficient BP valleys found, using original slicing method
2025-08-12 16:25:12,485 - DEBUG - Generated 289 valley-based slices from seg7
2025-08-12 16:25:12,487 - DEBUG - Loading Omron data from: /root/ppg2bp/data/omron.csv
2025-08-12 16:25:12,493 - DEBUG - Loaded and stored Omron data for key '00042_seg1' and '00042_seg7'
2025-08-12 16:25:12,493 - DEBUG - Loaded and stored Omron data for key '00043_seg1' and '00043_seg7'
2025-08-12 16:25:12,494 - DEBUG - Loaded and stored Omron data for key '00044_seg1' and '00044_seg7'
2025-08-12 16:25:12,494 - DEBUG - Loaded and stored Omron data for key '00016_seg1' and '00016_seg7'
2025-08-12 16:25:12,494 - DEBUG - Loaded and stored Omron data for key '00045_seg1' and '00045_seg7'
2025-08-12 16:25:12,494 - DEBUG - Loaded and stored Omron data for key '00047_seg1' and '00047_seg7'
2025-08-12 16:25:12,495 - DEBUG - Loaded and stored Omron data for key '00048_seg1' and '00048_seg7'
2025-08-12 16:25:12,495 - DEBUG - Loaded and stored Omron data for key '00049_seg1' and '00049_seg7'
2025-08-12 16:25:12,495 - DEBUG - Loaded and stored Omron data for key '00050_seg1' and '00050_seg7'
2025-08-12 16:25:12,495 - DEBUG - Loaded and stored Omron data for key '00051_seg1' and '00051_seg7'
2025-08-12 16:25:12,495 - DEBUG - Loaded and stored Omron data for key '00052_seg1' and '00052_seg7'
2025-08-12 16:25:12,495 - DEBUG - Loaded and stored Omron data for key '00003_seg1' and '00003_seg7'
2025-08-12 16:25:12,496 - DEBUG - Loaded and stored Omron data for key '00053_seg1' and '00053_seg7'
2025-08-12 16:25:12,496 - DEBUG - Loaded and stored Omron data for key '00054_seg1' and '00054_seg7'
2025-08-12 16:25:12,496 - DEBUG - Loaded and stored Omron data for key '00055_seg1' and '00055_seg7'
2025-08-12 16:25:12,496 - DEBUG - Loaded and stored Omron data for key '00056_seg1' and '00056_seg7'
2025-08-12 16:25:12,496 - DEBUG - Loaded and stored Omron data for key '00057_seg1' and '00057_seg7'
2025-08-12 16:25:12,496 - DEBUG - Loaded and stored Omron data for key '00058_seg1' and '00058_seg7'
2025-08-12 16:25:12,496 - DEBUG - Loaded and stored Omron data for key '00059_seg1' and '00059_seg7'
2025-08-12 16:25:12,497 - DEBUG - Loaded and stored Omron data for key '00060_seg1' and '00060_seg7'
2025-08-12 16:25:12,497 - DEBUG - Loaded and stored Omron data for key '00061_seg1' and '00061_seg7'
2025-08-12 16:25:12,497 - DEBUG - Loaded and stored Omron data for key '00062_seg1' and '00062_seg7'
2025-08-12 16:25:12,497 - DEBUG - Loaded and stored Omron data for key '00063_seg1' and '00063_seg7'
2025-08-12 16:25:12,497 - DEBUG - Loaded and stored Omron data for key '00064_seg1' and '00064_seg7'
2025-08-12 16:25:12,497 - DEBUG - Loaded and stored Omron data for key '00065_seg1' and '00065_seg7'
2025-08-12 16:25:12,497 - DEBUG - Loaded and stored Omron data for key '00066_seg1' and '00066_seg7'
2025-08-12 16:25:12,497 - DEBUG - Loaded and stored Omron data for key '00067_seg1' and '00067_seg7'
2025-08-12 16:25:12,497 - DEBUG - Loaded and stored Omron data for key '00068_seg1' and '00068_seg7'
2025-08-12 16:25:12,497 - DEBUG - Loaded and stored Omron data for key '00069_seg1' and '00069_seg7'
2025-08-12 16:25:12,498 - DEBUG - Loaded and stored Omron data for key '00070_seg1' and '00070_seg7'
2025-08-12 16:25:12,498 - DEBUG - Loaded and stored Omron data for key '00071_seg1' and '00071_seg7'
2025-08-12 16:25:12,498 - DEBUG - Loaded and stored Omron data for key '00072_seg1' and '00072_seg7'
2025-08-12 16:25:12,498 - DEBUG - Loaded and stored Omron data for key '00073_seg1' and '00073_seg7'
2025-08-12 16:25:12,498 - DEBUG - Loaded and stored Omron data for key '00074_seg1' and '00074_seg7'
2025-08-12 16:25:12,498 - DEBUG - Loaded and stored Omron data for key '00075_seg1' and '00075_seg7'
2025-08-12 16:25:12,498 - DEBUG - Loaded and stored Omron data for key '00076_seg1' and '00076_seg7'
2025-08-12 16:25:12,498 - DEBUG - Loaded and stored Omron data for key '00077_seg1' and '00077_seg7'
2025-08-12 16:25:12,498 - DEBUG - Loaded and stored Omron data for key '00078_seg1' and '00078_seg7'
2025-08-12 16:25:12,499 - DEBUG - Loaded and stored Omron data for key '00079_seg1' and '00079_seg7'
2025-08-12 16:25:12,499 - DEBUG - Loaded and stored Omron data for key '00080_seg1' and '00080_seg7'
2025-08-12 16:25:12,499 - DEBUG - Loaded and stored Omron data for key '00081_seg1' and '00081_seg7'
2025-08-12 16:25:12,499 - DEBUG - Loaded and stored Omron data for key '00082_seg1' and '00082_seg7'
2025-08-12 16:25:12,499 - DEBUG - Loaded and stored Omron data for key '00083_seg1' and '00083_seg7'
2025-08-12 16:25:12,499 - DEBUG - Loaded and stored Omron data for key '00084_seg1' and '00084_seg7'
2025-08-12 16:25:12,499 - DEBUG - Loaded and stored Omron data for key '00085_seg1' and '00085_seg7'
2025-08-12 16:25:12,499 - DEBUG - Loaded and stored Omron data for key '00086_seg1' and '00086_seg7'
2025-08-12 16:25:12,499 - DEBUG - Loaded and stored Omron data for key '00087_seg1' and '00087_seg7'
2025-08-12 16:25:12,500 - DEBUG - Loaded and stored Omron data for key '00088_seg1' and '00088_seg7'
2025-08-12 16:25:12,500 - DEBUG - Loaded and stored Omron data for key '00089_seg1' and '00089_seg7'
2025-08-12 16:25:12,500 - DEBUG - Loaded and stored Omron data for key '00090_seg1' and '00090_seg7'
2025-08-12 16:25:12,500 - DEBUG - Loaded and stored Omron data for key '00091_seg1' and '00091_seg7'
2025-08-12 16:25:12,500 - DEBUG - Loaded and stored Omron data for key '00092_seg1' and '00092_seg7'
2025-08-12 16:25:12,500 - DEBUG - Loaded and stored Omron data for key '00093_seg1' and '00093_seg7'
2025-08-12 16:25:12,500 - DEBUG - Loaded and stored Omron data for key '00094_seg1' and '00094_seg7'
2025-08-12 16:25:12,500 - DEBUG - Loaded and stored Omron data for key '00095_seg1' and '00095_seg7'
2025-08-12 16:25:12,500 - DEBUG - Loaded and stored Omron data for key '00096_seg1' and '00096_seg7'
2025-08-12 16:25:12,500 - DEBUG - Loaded and stored Omron data for key '00097_seg1' and '00097_seg7'
2025-08-12 16:25:12,501 - DEBUG - Loaded and stored Omron data for key '00098_seg1' and '00098_seg7'
2025-08-12 16:25:12,501 - DEBUG - Loaded and stored Omron data for key '00099_seg1' and '00099_seg7'
2025-08-12 16:25:12,501 - DEBUG - Loaded and stored Omron data for key '00100_seg1' and '00100_seg7'
2025-08-12 16:25:12,501 - DEBUG - Loaded and stored Omron data for key '00101_seg1' and '00101_seg7'
2025-08-12 16:25:12,501 - DEBUG - Loaded and stored Omron data for key '00102_seg1' and '00102_seg7'
2025-08-12 16:25:12,501 - DEBUG - Loaded and stored Omron data for key '00103_seg1' and '00103_seg7'
2025-08-12 16:25:12,501 - DEBUG - Loaded and stored Omron data for key '00105_seg1' and '00105_seg7'
2025-08-12 16:25:12,501 - DEBUG - Loaded and stored Omron data for key '00106_seg1' and '00106_seg7'
2025-08-12 16:25:12,502 - DEBUG - Loaded and stored Omron data for key '00107_seg1' and '00107_seg7'
2025-08-12 16:25:12,502 - DEBUG - Loaded and stored Omron data for key '00108_seg1' and '00108_seg7'
2025-08-12 16:25:12,502 - DEBUG - Loaded and stored Omron data for key '00109_seg1' and '00109_seg7'
2025-08-12 16:25:12,502 - DEBUG - Loaded and stored Omron data for key '00110_seg1' and '00110_seg7'
2025-08-12 16:25:12,502 - DEBUG - Loaded and stored Omron data for key '00111_seg1' and '00111_seg7'
2025-08-12 16:25:12,502 - DEBUG - Loaded and stored Omron data for key '00112_seg1' and '00112_seg7'
2025-08-12 16:25:20,681 - DEBUG - Biopac BP values for seg1: SBP=82.6, DBP=44.6 (zeros excluded)
2025-08-12 16:25:20,980 - DEBUG - Calculated shift amount for 00097: +17.9 mmHg
2025-08-12 16:25:20,981 - DEBUG - Processing 00097 - seg1
2025-08-12 16:25:25,921 - DEBUG - Saved calibrated BP data to: ./data/processed/moved/00097/seg1_bp.csv
2025-08-12 16:25:27,139 - DEBUG - Filtering: 66672 points, range before=(64018.0000, 76902.0000), after=(-2601.2509, 2479.2727)
2025-08-12 16:25:28,126 - DEBUG - Filtering: 66672 points, range before=(89340.0000, 106642.0000), after=(-1738.5303, 1726.6042)
2025-08-12 16:25:29,130 - DEBUG - Filtering: 66672 points, range before=(111323.0000, 116256.0000), after=(-1117.7791, 851.0681)
2025-08-12 16:25:30,140 - DEBUG - Filtering: 66673 points, range before=(124978.0000, 128212.0000), after=(-118.3371, 171.7388)
2025-08-12 16:25:30,157 - DEBUG - Available sensors for seg1: ['sensor2', 'sensor3', 'sensor4', 'sensor5'] (4/4)
2025-08-12 16:25:32,868 - DEBUG - Loaded HR data: average 63.6 bpm
2025-08-12 16:25:32,976 - DEBUG - Using provided HR: 63.6 bpm, RR interval: 0.943s
2025-08-12 16:25:33,148 - DEBUG - Found 636 BP valleys in 60001 samples (600.0s), HR: 64 bpm
2025-08-12 16:25:33,159 - DEBUG - Created 625 valley-based slices from 636 valleys
2025-08-12 16:25:33,160 - DEBUG - Generated 625 valley-based slices from seg1
2025-08-12 16:25:33,160 - DEBUG - Processing 00097 - seg7
2025-08-12 16:25:35,269 - DEBUG - Saved calibrated BP data to: ./data/processed/moved/00097/seg7_bp.csv
2025-08-12 16:25:35,911 - DEBUG - Filtering: 33342 points, range before=(85683.0000, 88677.0000), after=(-588.2524, 396.1157)
2025-08-12 16:25:36,477 - DEBUG - Filtering: 33341 points, range before=(89390.0000, 100009.0000), after=(-1156.7447, 1276.9743)
2025-08-12 16:25:36,818 - DEBUG - Filtering: 33341 points, range before=(112826.0000, 119924.0000), after=(-1662.8983, 1654.7451)
2025-08-12 16:25:37,303 - DEBUG - Filtering: 33341 points, range before=(125524.0000, 127927.0000), after=(-76.4512, 103.4070)
2025-08-12 16:25:37,309 - DEBUG - Available sensors for seg7: ['sensor2', 'sensor3', 'sensor4', 'sensor5'] (4/4)
2025-08-12 16:25:38,196 - DEBUG - Loaded HR data: average 66.2 bpm
2025-08-12 16:25:38,211 - DEBUG - Using provided HR: 66.2 bpm, RR interval: 0.906s
2025-08-12 16:25:38,253 - DEBUG - Found 0 BP valleys in 30005 samples (300.1s), HR: 66 bpm
2025-08-12 16:25:38,254 - DEBUG - Warning: Insufficient BP valleys found, using original slicing method
2025-08-12 16:25:38,261 - DEBUG - Generated 290 valley-based slices from seg7
2025-08-12 16:25:38,262 - DEBUG - Loading Omron data from: /root/ppg2bp/data/omron.csv
2025-08-12 16:25:38,269 - DEBUG - Loaded and stored Omron data for key '00042_seg1' and '00042_seg7'
2025-08-12 16:25:38,269 - DEBUG - Loaded and stored Omron data for key '00043_seg1' and '00043_seg7'
2025-08-12 16:25:38,269 - DEBUG - Loaded and stored Omron data for key '00044_seg1' and '00044_seg7'
2025-08-12 16:25:38,269 - DEBUG - Loaded and stored Omron data for key '00016_seg1' and '00016_seg7'
2025-08-12 16:25:38,269 - DEBUG - Loaded and stored Omron data for key '00045_seg1' and '00045_seg7'
2025-08-12 16:25:38,269 - DEBUG - Loaded and stored Omron data for key '00047_seg1' and '00047_seg7'
2025-08-12 16:25:38,269 - DEBUG - Loaded and stored Omron data for key '00048_seg1' and '00048_seg7'
2025-08-12 16:25:38,270 - DEBUG - Loaded and stored Omron data for key '00049_seg1' and '00049_seg7'
2025-08-12 16:25:38,270 - DEBUG - Loaded and stored Omron data for key '00050_seg1' and '00050_seg7'
2025-08-12 16:25:38,270 - DEBUG - Loaded and stored Omron data for key '00051_seg1' and '00051_seg7'
2025-08-12 16:25:38,270 - DEBUG - Loaded and stored Omron data for key '00052_seg1' and '00052_seg7'
2025-08-12 16:25:38,270 - DEBUG - Loaded and stored Omron data for key '00003_seg1' and '00003_seg7'
2025-08-12 16:25:38,270 - DEBUG - Loaded and stored Omron data for key '00053_seg1' and '00053_seg7'
2025-08-12 16:25:38,270 - DEBUG - Loaded and stored Omron data for key '00054_seg1' and '00054_seg7'
2025-08-12 16:25:38,270 - DEBUG - Loaded and stored Omron data for key '00055_seg1' and '00055_seg7'
2025-08-12 16:25:38,270 - DEBUG - Loaded and stored Omron data for key '00056_seg1' and '00056_seg7'
2025-08-12 16:25:38,271 - DEBUG - Loaded and stored Omron data for key '00057_seg1' and '00057_seg7'
2025-08-12 16:25:38,271 - DEBUG - Loaded and stored Omron data for key '00058_seg1' and '00058_seg7'
2025-08-12 16:25:38,271 - DEBUG - Loaded and stored Omron data for key '00059_seg1' and '00059_seg7'
2025-08-12 16:25:38,271 - DEBUG - Loaded and stored Omron data for key '00060_seg1' and '00060_seg7'
2025-08-12 16:25:38,271 - DEBUG - Loaded and stored Omron data for key '00061_seg1' and '00061_seg7'
2025-08-12 16:25:38,271 - DEBUG - Loaded and stored Omron data for key '00062_seg1' and '00062_seg7'
2025-08-12 16:25:38,271 - DEBUG - Loaded and stored Omron data for key '00063_seg1' and '00063_seg7'
2025-08-12 16:25:38,271 - DEBUG - Loaded and stored Omron data for key '00064_seg1' and '00064_seg7'
2025-08-12 16:25:38,271 - DEBUG - Loaded and stored Omron data for key '00065_seg1' and '00065_seg7'
2025-08-12 16:25:38,272 - DEBUG - Loaded and stored Omron data for key '00066_seg1' and '00066_seg7'
2025-08-12 16:25:38,272 - DEBUG - Loaded and stored Omron data for key '00067_seg1' and '00067_seg7'
2025-08-12 16:25:38,272 - DEBUG - Loaded and stored Omron data for key '00068_seg1' and '00068_seg7'
2025-08-12 16:25:38,272 - DEBUG - Loaded and stored Omron data for key '00069_seg1' and '00069_seg7'
2025-08-12 16:25:38,272 - DEBUG - Loaded and stored Omron data for key '00070_seg1' and '00070_seg7'
2025-08-12 16:25:38,272 - DEBUG - Loaded and stored Omron data for key '00071_seg1' and '00071_seg7'
2025-08-12 16:25:38,272 - DEBUG - Loaded and stored Omron data for key '00072_seg1' and '00072_seg7'
2025-08-12 16:25:38,272 - DEBUG - Loaded and stored Omron data for key '00073_seg1' and '00073_seg7'
2025-08-12 16:25:38,273 - DEBUG - Loaded and stored Omron data for key '00074_seg1' and '00074_seg7'
2025-08-12 16:25:38,273 - DEBUG - Loaded and stored Omron data for key '00075_seg1' and '00075_seg7'
2025-08-12 16:25:38,273 - DEBUG - Loaded and stored Omron data for key '00076_seg1' and '00076_seg7'
2025-08-12 16:25:38,273 - DEBUG - Loaded and stored Omron data for key '00077_seg1' and '00077_seg7'
2025-08-12 16:25:38,273 - DEBUG - Loaded and stored Omron data for key '00078_seg1' and '00078_seg7'
2025-08-12 16:25:38,273 - DEBUG - Loaded and stored Omron data for key '00079_seg1' and '00079_seg7'
2025-08-12 16:25:38,273 - DEBUG - Loaded and stored Omron data for key '00080_seg1' and '00080_seg7'
2025-08-12 16:25:38,273 - DEBUG - Loaded and stored Omron data for key '00081_seg1' and '00081_seg7'
2025-08-12 16:25:38,273 - DEBUG - Loaded and stored Omron data for key '00082_seg1' and '00082_seg7'
2025-08-12 16:25:38,274 - DEBUG - Loaded and stored Omron data for key '00083_seg1' and '00083_seg7'
2025-08-12 16:25:38,274 - DEBUG - Loaded and stored Omron data for key '00084_seg1' and '00084_seg7'
2025-08-12 16:25:38,274 - DEBUG - Loaded and stored Omron data for key '00085_seg1' and '00085_seg7'
2025-08-12 16:25:38,274 - DEBUG - Loaded and stored Omron data for key '00086_seg1' and '00086_seg7'
2025-08-12 16:25:38,274 - DEBUG - Loaded and stored Omron data for key '00087_seg1' and '00087_seg7'
2025-08-12 16:25:38,274 - DEBUG - Loaded and stored Omron data for key '00088_seg1' and '00088_seg7'
2025-08-12 16:25:38,274 - DEBUG - Loaded and stored Omron data for key '00089_seg1' and '00089_seg7'
2025-08-12 16:25:38,274 - DEBUG - Loaded and stored Omron data for key '00090_seg1' and '00090_seg7'
2025-08-12 16:25:38,274 - DEBUG - Loaded and stored Omron data for key '00091_seg1' and '00091_seg7'
2025-08-12 16:25:38,275 - DEBUG - Loaded and stored Omron data for key '00092_seg1' and '00092_seg7'
2025-08-12 16:25:38,275 - DEBUG - Loaded and stored Omron data for key '00093_seg1' and '00093_seg7'
2025-08-12 16:25:38,275 - DEBUG - Loaded and stored Omron data for key '00094_seg1' and '00094_seg7'
2025-08-12 16:25:38,275 - DEBUG - Loaded and stored Omron data for key '00095_seg1' and '00095_seg7'
2025-08-12 16:25:38,275 - DEBUG - Loaded and stored Omron data for key '00096_seg1' and '00096_seg7'
2025-08-12 16:25:38,275 - DEBUG - Loaded and stored Omron data for key '00097_seg1' and '00097_seg7'
2025-08-12 16:25:38,275 - DEBUG - Loaded and stored Omron data for key '00098_seg1' and '00098_seg7'
2025-08-12 16:25:38,275 - DEBUG - Loaded and stored Omron data for key '00099_seg1' and '00099_seg7'
2025-08-12 16:25:38,275 - DEBUG - Loaded and stored Omron data for key '00100_seg1' and '00100_seg7'
2025-08-12 16:25:38,276 - DEBUG - Loaded and stored Omron data for key '00101_seg1' and '00101_seg7'
2025-08-12 16:25:38,276 - DEBUG - Loaded and stored Omron data for key '00102_seg1' and '00102_seg7'
2025-08-12 16:25:38,276 - DEBUG - Loaded and stored Omron data for key '00103_seg1' and '00103_seg7'
2025-08-12 16:25:38,276 - DEBUG - Loaded and stored Omron data for key '00105_seg1' and '00105_seg7'
2025-08-12 16:25:38,276 - DEBUG - Loaded and stored Omron data for key '00106_seg1' and '00106_seg7'
2025-08-12 16:25:38,276 - DEBUG - Loaded and stored Omron data for key '00107_seg1' and '00107_seg7'
2025-08-12 16:25:38,276 - DEBUG - Loaded and stored Omron data for key '00108_seg1' and '00108_seg7'
2025-08-12 16:25:38,276 - DEBUG - Loaded and stored Omron data for key '00109_seg1' and '00109_seg7'
2025-08-12 16:25:38,277 - DEBUG - Loaded and stored Omron data for key '00110_seg1' and '00110_seg7'
2025-08-12 16:25:38,277 - DEBUG - Loaded and stored Omron data for key '00111_seg1' and '00111_seg7'
2025-08-12 16:25:38,277 - DEBUG - Loaded and stored Omron data for key '00112_seg1' and '00112_seg7'
2025-08-12 16:25:45,768 - DEBUG - Biopac BP values for seg1: SBP=103.6, DBP=71.0 (zeros excluded)
2025-08-12 16:25:45,949 - DEBUG - Calculated shift amount for 00098: +13.2 mmHg
2025-08-12 16:25:45,951 - DEBUG - Processing 00098 - seg1
2025-08-12 16:25:50,708 - DEBUG - Saved calibrated BP data to: ./data/processed/moved/00098/seg1_bp.csv
2025-08-12 16:25:51,840 - DEBUG - Filtering: 66670 points, range before=(98781.0000, 101320.0000), after=(-129.8245, 161.0899)
2025-08-12 16:25:52,994 - DEBUG - Filtering: 66669 points, range before=(104812.0000, 120101.0000), after=(-1518.0621, 1619.1155)
2025-08-12 16:25:54,137 - DEBUG - Filtering: 66669 points, range before=(105528.0000, 110883.0000), after=(-93.5044, 142.2466)
2025-08-12 16:25:55,168 - DEBUG - Filtering: 66669 points, range before=(82995.0000, 107374.0000), after=(-6445.3888, 7216.7312)
2025-08-12 16:25:55,185 - DEBUG - Available sensors for seg1: ['sensor2', 'sensor3', 'sensor4', 'sensor5'] (4/4)
2025-08-12 16:25:58,094 - DEBUG - Loaded HR data: average 80.1 bpm
2025-08-12 16:25:58,194 - DEBUG - Using provided HR: 80.1 bpm, RR interval: 0.749s
2025-08-12 16:25:58,546 - DEBUG - Found 0 BP valleys in 59999 samples (600.0s), HR: 80 bpm
2025-08-12 16:25:58,547 - DEBUG - Warning: Insufficient BP valleys found, using original slicing method
2025-08-12 16:25:58,556 - DEBUG - Generated 589 valley-based slices from seg1
2025-08-12 16:25:58,556 - DEBUG - Processing 00098 - seg7
2025-08-12 16:26:00,300 - DEBUG - Saved calibrated BP data to: ./data/processed/moved/00098/seg7_bp.csv
2025-08-12 16:26:00,526 - DEBUG - Filtering: 33335 points, range before=(100118.0000, 113054.0000), after=(-5454.3142, 2482.3906)
2025-08-12 16:26:00,723 - DEBUG - Filtering: 33337 points, range before=(92677.0000, 99834.0000), after=(-533.1166, 576.9604)
2025-08-12 16:26:00,953 - DEBUG - Filtering: 33336 points, range before=(116299.0000, 121094.0000), after=(-36.9480, 40.0315)
2025-08-12 16:26:01,142 - DEBUG - Filtering: 33335 points, range before=(73916.0000, 77395.0000), after=(-468.1701, 489.2863)
2025-08-12 16:26:01,148 - DEBUG - Available sensors for seg7: ['sensor2', 'sensor3', 'sensor4', 'sensor5'] (4/4)
2025-08-12 16:26:01,862 - DEBUG - Loaded HR data: average 83.5 bpm
2025-08-12 16:26:01,878 - DEBUG - Using provided HR: 83.5 bpm, RR interval: 0.718s
2025-08-12 16:26:01,937 - DEBUG - Found 0 BP valleys in 29999 samples (300.0s), HR: 84 bpm
2025-08-12 16:26:01,937 - DEBUG - Warning: Insufficient BP valleys found, using original slicing method
2025-08-12 16:26:01,943 - DEBUG - Generated 289 valley-based slices from seg7
2025-08-12 16:26:01,944 - DEBUG - Loading Omron data from: /root/ppg2bp/data/omron.csv
2025-08-12 16:26:01,948 - DEBUG - Loaded and stored Omron data for key '00042_seg1' and '00042_seg7'
2025-08-12 16:26:01,948 - DEBUG - Loaded and stored Omron data for key '00043_seg1' and '00043_seg7'
2025-08-12 16:26:01,948 - DEBUG - Loaded and stored Omron data for key '00044_seg1' and '00044_seg7'
2025-08-12 16:26:01,949 - DEBUG - Loaded and stored Omron data for key '00016_seg1' and '00016_seg7'
2025-08-12 16:26:01,949 - DEBUG - Loaded and stored Omron data for key '00045_seg1' and '00045_seg7'
2025-08-12 16:26:01,949 - DEBUG - Loaded and stored Omron data for key '00047_seg1' and '00047_seg7'
2025-08-12 16:26:01,949 - DEBUG - Loaded and stored Omron data for key '00048_seg1' and '00048_seg7'
2025-08-12 16:26:01,949 - DEBUG - Loaded and stored Omron data for key '00049_seg1' and '00049_seg7'
2025-08-12 16:26:01,949 - DEBUG - Loaded and stored Omron data for key '00050_seg1' and '00050_seg7'
2025-08-12 16:26:01,949 - DEBUG - Loaded and stored Omron data for key '00051_seg1' and '00051_seg7'
2025-08-12 16:26:01,949 - DEBUG - Loaded and stored Omron data for key '00052_seg1' and '00052_seg7'
2025-08-12 16:26:01,949 - DEBUG - Loaded and stored Omron data for key '00003_seg1' and '00003_seg7'
2025-08-12 16:26:01,950 - DEBUG - Loaded and stored Omron data for key '00053_seg1' and '00053_seg7'
2025-08-12 16:26:01,950 - DEBUG - Loaded and stored Omron data for key '00054_seg1' and '00054_seg7'
2025-08-12 16:26:01,950 - DEBUG - Loaded and stored Omron data for key '00055_seg1' and '00055_seg7'
2025-08-12 16:26:01,950 - DEBUG - Loaded and stored Omron data for key '00056_seg1' and '00056_seg7'
2025-08-12 16:26:01,950 - DEBUG - Loaded and stored Omron data for key '00057_seg1' and '00057_seg7'
2025-08-12 16:26:01,950 - DEBUG - Loaded and stored Omron data for key '00058_seg1' and '00058_seg7'
2025-08-12 16:26:01,950 - DEBUG - Loaded and stored Omron data for key '00059_seg1' and '00059_seg7'
2025-08-12 16:26:01,950 - DEBUG - Loaded and stored Omron data for key '00060_seg1' and '00060_seg7'
2025-08-12 16:26:01,951 - DEBUG - Loaded and stored Omron data for key '00061_seg1' and '00061_seg7'
2025-08-12 16:26:01,951 - DEBUG - Loaded and stored Omron data for key '00062_seg1' and '00062_seg7'
2025-08-12 16:26:01,951 - DEBUG - Loaded and stored Omron data for key '00063_seg1' and '00063_seg7'
2025-08-12 16:26:01,951 - DEBUG - Loaded and stored Omron data for key '00064_seg1' and '00064_seg7'
2025-08-12 16:26:01,951 - DEBUG - Loaded and stored Omron data for key '00065_seg1' and '00065_seg7'
2025-08-12 16:26:01,951 - DEBUG - Loaded and stored Omron data for key '00066_seg1' and '00066_seg7'
2025-08-12 16:26:01,951 - DEBUG - Loaded and stored Omron data for key '00067_seg1' and '00067_seg7'
2025-08-12 16:26:01,951 - DEBUG - Loaded and stored Omron data for key '00068_seg1' and '00068_seg7'
2025-08-12 16:26:01,951 - DEBUG - Loaded and stored Omron data for key '00069_seg1' and '00069_seg7'
2025-08-12 16:26:01,951 - DEBUG - Loaded and stored Omron data for key '00070_seg1' and '00070_seg7'
2025-08-12 16:26:01,952 - DEBUG - Loaded and stored Omron data for key '00071_seg1' and '00071_seg7'
2025-08-12 16:26:01,952 - DEBUG - Loaded and stored Omron data for key '00072_seg1' and '00072_seg7'
2025-08-12 16:26:01,952 - DEBUG - Loaded and stored Omron data for key '00073_seg1' and '00073_seg7'
2025-08-12 16:26:01,952 - DEBUG - Loaded and stored Omron data for key '00074_seg1' and '00074_seg7'
2025-08-12 16:26:01,952 - DEBUG - Loaded and stored Omron data for key '00075_seg1' and '00075_seg7'
2025-08-12 16:26:01,952 - DEBUG - Loaded and stored Omron data for key '00076_seg1' and '00076_seg7'
2025-08-12 16:26:01,952 - DEBUG - Loaded and stored Omron data for key '00077_seg1' and '00077_seg7'
2025-08-12 16:26:01,952 - DEBUG - Loaded and stored Omron data for key '00078_seg1' and '00078_seg7'
2025-08-12 16:26:01,952 - DEBUG - Loaded and stored Omron data for key '00079_seg1' and '00079_seg7'
2025-08-12 16:26:01,953 - DEBUG - Loaded and stored Omron data for key '00080_seg1' and '00080_seg7'
2025-08-12 16:26:01,953 - DEBUG - Loaded and stored Omron data for key '00081_seg1' and '00081_seg7'
2025-08-12 16:26:01,953 - DEBUG - Loaded and stored Omron data for key '00082_seg1' and '00082_seg7'
2025-08-12 16:26:01,953 - DEBUG - Loaded and stored Omron data for key '00083_seg1' and '00083_seg7'
2025-08-12 16:26:01,953 - DEBUG - Loaded and stored Omron data for key '00084_seg1' and '00084_seg7'
2025-08-12 16:26:01,953 - DEBUG - Loaded and stored Omron data for key '00085_seg1' and '00085_seg7'
2025-08-12 16:26:01,953 - DEBUG - Loaded and stored Omron data for key '00086_seg1' and '00086_seg7'
2025-08-12 16:26:01,953 - DEBUG - Loaded and stored Omron data for key '00087_seg1' and '00087_seg7'
2025-08-12 16:26:01,953 - DEBUG - Loaded and stored Omron data for key '00088_seg1' and '00088_seg7'
2025-08-12 16:26:01,954 - DEBUG - Loaded and stored Omron data for key '00089_seg1' and '00089_seg7'
2025-08-12 16:26:01,954 - DEBUG - Loaded and stored Omron data for key '00090_seg1' and '00090_seg7'
2025-08-12 16:26:01,954 - DEBUG - Loaded and stored Omron data for key '00091_seg1' and '00091_seg7'
2025-08-12 16:26:01,954 - DEBUG - Loaded and stored Omron data for key '00092_seg1' and '00092_seg7'
2025-08-12 16:26:01,954 - DEBUG - Loaded and stored Omron data for key '00093_seg1' and '00093_seg7'
2025-08-12 16:26:01,954 - DEBUG - Loaded and stored Omron data for key '00094_seg1' and '00094_seg7'
2025-08-12 16:26:01,954 - DEBUG - Loaded and stored Omron data for key '00095_seg1' and '00095_seg7'
2025-08-12 16:26:01,954 - DEBUG - Loaded and stored Omron data for key '00096_seg1' and '00096_seg7'
2025-08-12 16:26:01,954 - DEBUG - Loaded and stored Omron data for key '00097_seg1' and '00097_seg7'
2025-08-12 16:26:01,954 - DEBUG - Loaded and stored Omron data for key '00098_seg1' and '00098_seg7'
2025-08-12 16:26:01,955 - DEBUG - Loaded and stored Omron data for key '00099_seg1' and '00099_seg7'
2025-08-12 16:26:01,955 - DEBUG - Loaded and stored Omron data for key '00100_seg1' and '00100_seg7'
2025-08-12 16:26:01,955 - DEBUG - Loaded and stored Omron data for key '00101_seg1' and '00101_seg7'
2025-08-12 16:26:01,955 - DEBUG - Loaded and stored Omron data for key '00102_seg1' and '00102_seg7'
2025-08-12 16:26:01,955 - DEBUG - Loaded and stored Omron data for key '00103_seg1' and '00103_seg7'
2025-08-12 16:26:01,955 - DEBUG - Loaded and stored Omron data for key '00105_seg1' and '00105_seg7'
2025-08-12 16:26:01,955 - DEBUG - Loaded and stored Omron data for key '00106_seg1' and '00106_seg7'
2025-08-12 16:26:01,955 - DEBUG - Loaded and stored Omron data for key '00107_seg1' and '00107_seg7'
2025-08-12 16:26:01,955 - DEBUG - Loaded and stored Omron data for key '00108_seg1' and '00108_seg7'
2025-08-12 16:26:01,955 - DEBUG - Loaded and stored Omron data for key '00109_seg1' and '00109_seg7'
2025-08-12 16:26:01,956 - DEBUG - Loaded and stored Omron data for key '00110_seg1' and '00110_seg7'
2025-08-12 16:26:01,956 - DEBUG - Loaded and stored Omron data for key '00111_seg1' and '00111_seg7'
2025-08-12 16:26:01,956 - DEBUG - Loaded and stored Omron data for key '00112_seg1' and '00112_seg7'
2025-08-12 16:26:08,652 - DEBUG - Biopac BP values for seg1: SBP=134.9, DBP=112.7 (zeros excluded)
2025-08-12 16:26:08,845 - DEBUG - No shift for 00100, delta too large (37.8 mmHg)
2025-08-12 16:26:08,846 - DEBUG - Processing 00100 - seg1
2025-08-12 16:26:12,534 - DEBUG - Loading Omron data from: /root/ppg2bp/data/omron.csv
2025-08-12 16:26:12,540 - DEBUG - Loaded and stored Omron data for key '00042_seg1' and '00042_seg7'
2025-08-12 16:26:12,541 - DEBUG - Loaded and stored Omron data for key '00043_seg1' and '00043_seg7'
2025-08-12 16:26:12,541 - DEBUG - Loaded and stored Omron data for key '00044_seg1' and '00044_seg7'
2025-08-12 16:26:12,541 - DEBUG - Loaded and stored Omron data for key '00016_seg1' and '00016_seg7'
2025-08-12 16:26:12,541 - DEBUG - Loaded and stored Omron data for key '00045_seg1' and '00045_seg7'
2025-08-12 16:26:12,541 - DEBUG - Loaded and stored Omron data for key '00047_seg1' and '00047_seg7'
2025-08-12 16:26:12,541 - DEBUG - Loaded and stored Omron data for key '00048_seg1' and '00048_seg7'
2025-08-12 16:26:12,542 - DEBUG - Loaded and stored Omron data for key '00049_seg1' and '00049_seg7'
2025-08-12 16:26:12,542 - DEBUG - Loaded and stored Omron data for key '00050_seg1' and '00050_seg7'
2025-08-12 16:26:12,542 - DEBUG - Loaded and stored Omron data for key '00051_seg1' and '00051_seg7'
2025-08-12 16:26:12,542 - DEBUG - Loaded and stored Omron data for key '00052_seg1' and '00052_seg7'
2025-08-12 16:26:12,542 - DEBUG - Loaded and stored Omron data for key '00003_seg1' and '00003_seg7'
2025-08-12 16:26:12,542 - DEBUG - Loaded and stored Omron data for key '00053_seg1' and '00053_seg7'
2025-08-12 16:26:12,542 - DEBUG - Loaded and stored Omron data for key '00054_seg1' and '00054_seg7'
2025-08-12 16:26:12,542 - DEBUG - Loaded and stored Omron data for key '00055_seg1' and '00055_seg7'
2025-08-12 16:26:12,542 - DEBUG - Loaded and stored Omron data for key '00056_seg1' and '00056_seg7'
2025-08-12 16:26:12,542 - DEBUG - Loaded and stored Omron data for key '00057_seg1' and '00057_seg7'
2025-08-12 16:26:12,543 - DEBUG - Loaded and stored Omron data for key '00058_seg1' and '00058_seg7'
2025-08-12 16:26:12,543 - DEBUG - Loaded and stored Omron data for key '00059_seg1' and '00059_seg7'
2025-08-12 16:26:12,543 - DEBUG - Loaded and stored Omron data for key '00060_seg1' and '00060_seg7'
2025-08-12 16:26:12,543 - DEBUG - Loaded and stored Omron data for key '00061_seg1' and '00061_seg7'
2025-08-12 16:26:12,543 - DEBUG - Loaded and stored Omron data for key '00062_seg1' and '00062_seg7'
2025-08-12 16:26:12,543 - DEBUG - Loaded and stored Omron data for key '00063_seg1' and '00063_seg7'
2025-08-12 16:26:12,543 - DEBUG - Loaded and stored Omron data for key '00064_seg1' and '00064_seg7'
2025-08-12 16:26:12,543 - DEBUG - Loaded and stored Omron data for key '00065_seg1' and '00065_seg7'
2025-08-12 16:26:12,543 - DEBUG - Loaded and stored Omron data for key '00066_seg1' and '00066_seg7'
2025-08-12 16:26:12,544 - DEBUG - Loaded and stored Omron data for key '00067_seg1' and '00067_seg7'
2025-08-12 16:26:12,544 - DEBUG - Loaded and stored Omron data for key '00068_seg1' and '00068_seg7'
2025-08-12 16:26:12,544 - DEBUG - Loaded and stored Omron data for key '00069_seg1' and '00069_seg7'
2025-08-12 16:26:12,544 - DEBUG - Loaded and stored Omron data for key '00070_seg1' and '00070_seg7'
2025-08-12 16:26:12,544 - DEBUG - Loaded and stored Omron data for key '00071_seg1' and '00071_seg7'
2025-08-12 16:26:12,544 - DEBUG - Loaded and stored Omron data for key '00072_seg1' and '00072_seg7'
2025-08-12 16:26:12,544 - DEBUG - Loaded and stored Omron data for key '00073_seg1' and '00073_seg7'
2025-08-12 16:26:12,544 - DEBUG - Loaded and stored Omron data for key '00074_seg1' and '00074_seg7'
2025-08-12 16:26:12,544 - DEBUG - Loaded and stored Omron data for key '00075_seg1' and '00075_seg7'
2025-08-12 16:26:12,544 - DEBUG - Loaded and stored Omron data for key '00076_seg1' and '00076_seg7'
2025-08-12 16:26:12,545 - DEBUG - Loaded and stored Omron data for key '00077_seg1' and '00077_seg7'
2025-08-12 16:26:12,545 - DEBUG - Loaded and stored Omron data for key '00078_seg1' and '00078_seg7'
2025-08-12 16:26:12,545 - DEBUG - Loaded and stored Omron data for key '00079_seg1' and '00079_seg7'
2025-08-12 16:26:12,545 - DEBUG - Loaded and stored Omron data for key '00080_seg1' and '00080_seg7'
2025-08-12 16:26:12,545 - DEBUG - Loaded and stored Omron data for key '00081_seg1' and '00081_seg7'
2025-08-12 16:26:12,545 - DEBUG - Loaded and stored Omron data for key '00082_seg1' and '00082_seg7'
2025-08-12 16:26:12,545 - DEBUG - Loaded and stored Omron data for key '00083_seg1' and '00083_seg7'
2025-08-12 16:26:12,545 - DEBUG - Loaded and stored Omron data for key '00084_seg1' and '00084_seg7'
2025-08-12 16:26:12,545 - DEBUG - Loaded and stored Omron data for key '00085_seg1' and '00085_seg7'
2025-08-12 16:26:12,545 - DEBUG - Loaded and stored Omron data for key '00086_seg1' and '00086_seg7'
2025-08-12 16:26:12,546 - DEBUG - Loaded and stored Omron data for key '00087_seg1' and '00087_seg7'
2025-08-12 16:26:12,546 - DEBUG - Loaded and stored Omron data for key '00088_seg1' and '00088_seg7'
2025-08-12 16:26:12,546 - DEBUG - Loaded and stored Omron data for key '00089_seg1' and '00089_seg7'
2025-08-12 16:26:12,546 - DEBUG - Loaded and stored Omron data for key '00090_seg1' and '00090_seg7'
2025-08-12 16:26:12,546 - DEBUG - Loaded and stored Omron data for key '00091_seg1' and '00091_seg7'
2025-08-12 16:26:12,546 - DEBUG - Loaded and stored Omron data for key '00092_seg1' and '00092_seg7'
2025-08-12 16:26:12,546 - DEBUG - Loaded and stored Omron data for key '00093_seg1' and '00093_seg7'
2025-08-12 16:26:12,546 - DEBUG - Loaded and stored Omron data for key '00094_seg1' and '00094_seg7'
2025-08-12 16:26:12,546 - DEBUG - Loaded and stored Omron data for key '00095_seg1' and '00095_seg7'
2025-08-12 16:26:12,546 - DEBUG - Loaded and stored Omron data for key '00096_seg1' and '00096_seg7'
2025-08-12 16:26:12,546 - DEBUG - Loaded and stored Omron data for key '00097_seg1' and '00097_seg7'
2025-08-12 16:26:12,547 - DEBUG - Loaded and stored Omron data for key '00098_seg1' and '00098_seg7'
2025-08-12 16:26:12,547 - DEBUG - Loaded and stored Omron data for key '00099_seg1' and '00099_seg7'
2025-08-12 16:26:12,547 - DEBUG - Loaded and stored Omron data for key '00100_seg1' and '00100_seg7'
2025-08-12 16:26:12,547 - DEBUG - Loaded and stored Omron data for key '00101_seg1' and '00101_seg7'
2025-08-12 16:26:12,547 - DEBUG - Loaded and stored Omron data for key '00102_seg1' and '00102_seg7'
2025-08-12 16:26:12,547 - DEBUG - Loaded and stored Omron data for key '00103_seg1' and '00103_seg7'
2025-08-12 16:26:12,547 - DEBUG - Loaded and stored Omron data for key '00105_seg1' and '00105_seg7'
2025-08-12 16:26:12,547 - DEBUG - Loaded and stored Omron data for key '00106_seg1' and '00106_seg7'
2025-08-12 16:26:12,547 - DEBUG - Loaded and stored Omron data for key '00107_seg1' and '00107_seg7'
2025-08-12 16:26:12,548 - DEBUG - Loaded and stored Omron data for key '00108_seg1' and '00108_seg7'
2025-08-12 16:26:12,548 - DEBUG - Loaded and stored Omron data for key '00109_seg1' and '00109_seg7'
2025-08-12 16:26:12,548 - DEBUG - Loaded and stored Omron data for key '00110_seg1' and '00110_seg7'
2025-08-12 16:26:12,548 - DEBUG - Loaded and stored Omron data for key '00111_seg1' and '00111_seg7'
2025-08-12 16:26:12,548 - DEBUG - Loaded and stored Omron data for key '00112_seg1' and '00112_seg7'
2025-08-12 16:26:19,442 - DEBUG - Biopac BP values for seg1: SBP=134.9, DBP=112.7 (zeros excluded)
2025-08-12 16:26:19,621 - DEBUG - No shift for 00100, delta too large (37.8 mmHg)
2025-08-12 16:26:21,102 - DEBUG - Saved calibrated BP data to: ./data/processed/moved/00100/seg1_bp.csv
2025-08-12 16:26:22,236 - DEBUG - Filtering: 66693 points, range before=(92659.0000, 95069.0000), after=(-384.3911, 258.4973)
2025-08-12 16:26:23,102 - DEBUG - Filtering: 66693 points, range before=(98628.0000, 106990.0000), after=(-843.0834, 757.2493)
2025-08-12 16:26:23,972 - DEBUG - Filtering: 66693 points, range before=(95332.0000, 105727.0000), after=(-546.0164, 805.5136)
2025-08-12 16:26:24,776 - DEBUG - Filtering: 66694 points, range before=(140139.0000, 145076.0000), after=(-245.3120, 403.3028)
2025-08-12 16:26:24,788 - DEBUG - Available sensors for seg1: ['sensor2', 'sensor3', 'sensor4', 'sensor5'] (4/4)
2025-08-12 16:26:27,078 - DEBUG - Loaded HR data: average 73.9 bpm
2025-08-12 16:26:27,177 - DEBUG - Using provided HR: 73.9 bpm, RR interval: 0.812s
2025-08-12 16:26:27,458 - DEBUG - Found 0 BP valleys in 60021 samples (600.2s), HR: 74 bpm
2025-08-12 16:26:27,458 - DEBUG - Warning: Insufficient BP valleys found, using original slicing method
2025-08-12 16:26:27,471 - DEBUG - Generated 590 valley-based slices from seg1
2025-08-12 16:26:27,471 - DEBUG - Processing 00100 - seg7
2025-08-12 16:26:28,568 - DEBUG - Loading Omron data from: /root/ppg2bp/data/omron.csv
2025-08-12 16:26:28,574 - DEBUG - Loaded and stored Omron data for key '00042_seg1' and '00042_seg7'
2025-08-12 16:26:28,575 - DEBUG - Loaded and stored Omron data for key '00043_seg1' and '00043_seg7'
2025-08-12 16:26:28,575 - DEBUG - Loaded and stored Omron data for key '00044_seg1' and '00044_seg7'
2025-08-12 16:26:28,575 - DEBUG - Loaded and stored Omron data for key '00016_seg1' and '00016_seg7'
2025-08-12 16:26:28,575 - DEBUG - Loaded and stored Omron data for key '00045_seg1' and '00045_seg7'
2025-08-12 16:26:28,576 - DEBUG - Loaded and stored Omron data for key '00047_seg1' and '00047_seg7'
2025-08-12 16:26:28,576 - DEBUG - Loaded and stored Omron data for key '00048_seg1' and '00048_seg7'
2025-08-12 16:26:28,576 - DEBUG - Loaded and stored Omron data for key '00049_seg1' and '00049_seg7'
2025-08-12 16:26:28,576 - DEBUG - Loaded and stored Omron data for key '00050_seg1' and '00050_seg7'
2025-08-12 16:26:28,576 - DEBUG - Loaded and stored Omron data for key '00051_seg1' and '00051_seg7'
2025-08-12 16:26:28,576 - DEBUG - Loaded and stored Omron data for key '00052_seg1' and '00052_seg7'
2025-08-12 16:26:28,576 - DEBUG - Loaded and stored Omron data for key '00003_seg1' and '00003_seg7'
2025-08-12 16:26:28,576 - DEBUG - Loaded and stored Omron data for key '00053_seg1' and '00053_seg7'
2025-08-12 16:26:28,577 - DEBUG - Loaded and stored Omron data for key '00054_seg1' and '00054_seg7'
2025-08-12 16:26:28,577 - DEBUG - Loaded and stored Omron data for key '00055_seg1' and '00055_seg7'
2025-08-12 16:26:28,577 - DEBUG - Loaded and stored Omron data for key '00056_seg1' and '00056_seg7'
2025-08-12 16:26:28,577 - DEBUG - Loaded and stored Omron data for key '00057_seg1' and '00057_seg7'
2025-08-12 16:26:28,577 - DEBUG - Loaded and stored Omron data for key '00058_seg1' and '00058_seg7'
2025-08-12 16:26:28,577 - DEBUG - Loaded and stored Omron data for key '00059_seg1' and '00059_seg7'
2025-08-12 16:26:28,577 - DEBUG - Loaded and stored Omron data for key '00060_seg1' and '00060_seg7'
2025-08-12 16:26:28,577 - DEBUG - Loaded and stored Omron data for key '00061_seg1' and '00061_seg7'
2025-08-12 16:26:28,577 - DEBUG - Loaded and stored Omron data for key '00062_seg1' and '00062_seg7'
2025-08-12 16:26:28,578 - DEBUG - Loaded and stored Omron data for key '00063_seg1' and '00063_seg7'
2025-08-12 16:26:28,578 - DEBUG - Loaded and stored Omron data for key '00064_seg1' and '00064_seg7'
2025-08-12 16:26:28,578 - DEBUG - Loaded and stored Omron data for key '00065_seg1' and '00065_seg7'
2025-08-12 16:26:28,578 - DEBUG - Loaded and stored Omron data for key '00066_seg1' and '00066_seg7'
2025-08-12 16:26:28,578 - DEBUG - Loaded and stored Omron data for key '00067_seg1' and '00067_seg7'
2025-08-12 16:26:28,578 - DEBUG - Loaded and stored Omron data for key '00068_seg1' and '00068_seg7'
2025-08-12 16:26:28,578 - DEBUG - Loaded and stored Omron data for key '00069_seg1' and '00069_seg7'
2025-08-12 16:26:28,578 - DEBUG - Loaded and stored Omron data for key '00070_seg1' and '00070_seg7'
2025-08-12 16:26:28,578 - DEBUG - Loaded and stored Omron data for key '00071_seg1' and '00071_seg7'
2025-08-12 16:26:28,578 - DEBUG - Loaded and stored Omron data for key '00072_seg1' and '00072_seg7'
2025-08-12 16:26:28,579 - DEBUG - Loaded and stored Omron data for key '00073_seg1' and '00073_seg7'
2025-08-12 16:26:28,579 - DEBUG - Loaded and stored Omron data for key '00074_seg1' and '00074_seg7'
2025-08-12 16:26:28,579 - DEBUG - Loaded and stored Omron data for key '00075_seg1' and '00075_seg7'
2025-08-12 16:26:28,579 - DEBUG - Loaded and stored Omron data for key '00076_seg1' and '00076_seg7'
2025-08-12 16:26:28,579 - DEBUG - Loaded and stored Omron data for key '00077_seg1' and '00077_seg7'
2025-08-12 16:26:28,579 - DEBUG - Loaded and stored Omron data for key '00078_seg1' and '00078_seg7'
2025-08-12 16:26:28,579 - DEBUG - Loaded and stored Omron data for key '00079_seg1' and '00079_seg7'
2025-08-12 16:26:28,579 - DEBUG - Loaded and stored Omron data for key '00080_seg1' and '00080_seg7'
2025-08-12 16:26:28,579 - DEBUG - Loaded and stored Omron data for key '00081_seg1' and '00081_seg7'
2025-08-12 16:26:28,579 - DEBUG - Loaded and stored Omron data for key '00082_seg1' and '00082_seg7'
2025-08-12 16:26:28,580 - DEBUG - Loaded and stored Omron data for key '00083_seg1' and '00083_seg7'
2025-08-12 16:26:28,580 - DEBUG - Loaded and stored Omron data for key '00084_seg1' and '00084_seg7'
2025-08-12 16:26:28,580 - DEBUG - Loaded and stored Omron data for key '00085_seg1' and '00085_seg7'
2025-08-12 16:26:28,580 - DEBUG - Loaded and stored Omron data for key '00086_seg1' and '00086_seg7'
2025-08-12 16:26:28,580 - DEBUG - Loaded and stored Omron data for key '00087_seg1' and '00087_seg7'
2025-08-12 16:26:28,580 - DEBUG - Loaded and stored Omron data for key '00088_seg1' and '00088_seg7'
2025-08-12 16:26:28,580 - DEBUG - Loaded and stored Omron data for key '00089_seg1' and '00089_seg7'
2025-08-12 16:26:28,580 - DEBUG - Loaded and stored Omron data for key '00090_seg1' and '00090_seg7'
2025-08-12 16:26:28,580 - DEBUG - Loaded and stored Omron data for key '00091_seg1' and '00091_seg7'
2025-08-12 16:26:28,581 - DEBUG - Loaded and stored Omron data for key '00092_seg1' and '00092_seg7'
2025-08-12 16:26:28,581 - DEBUG - Loaded and stored Omron data for key '00093_seg1' and '00093_seg7'
2025-08-12 16:26:28,581 - DEBUG - Loaded and stored Omron data for key '00094_seg1' and '00094_seg7'
2025-08-12 16:26:28,581 - DEBUG - Loaded and stored Omron data for key '00095_seg1' and '00095_seg7'
2025-08-12 16:26:28,581 - DEBUG - Loaded and stored Omron data for key '00096_seg1' and '00096_seg7'
2025-08-12 16:26:28,581 - DEBUG - Loaded and stored Omron data for key '00097_seg1' and '00097_seg7'
2025-08-12 16:26:28,581 - DEBUG - Loaded and stored Omron data for key '00098_seg1' and '00098_seg7'
2025-08-12 16:26:28,581 - DEBUG - Loaded and stored Omron data for key '00099_seg1' and '00099_seg7'
2025-08-12 16:26:28,581 - DEBUG - Loaded and stored Omron data for key '00100_seg1' and '00100_seg7'
2025-08-12 16:26:28,581 - DEBUG - Loaded and stored Omron data for key '00101_seg1' and '00101_seg7'
2025-08-12 16:26:28,582 - DEBUG - Loaded and stored Omron data for key '00102_seg1' and '00102_seg7'
2025-08-12 16:26:28,582 - DEBUG - Loaded and stored Omron data for key '00103_seg1' and '00103_seg7'
2025-08-12 16:26:28,582 - DEBUG - Loaded and stored Omron data for key '00105_seg1' and '00105_seg7'
2025-08-12 16:26:28,582 - DEBUG - Loaded and stored Omron data for key '00106_seg1' and '00106_seg7'
2025-08-12 16:26:28,582 - DEBUG - Loaded and stored Omron data for key '00107_seg1' and '00107_seg7'
2025-08-12 16:26:28,582 - DEBUG - Loaded and stored Omron data for key '00108_seg1' and '00108_seg7'
2025-08-12 16:26:28,582 - DEBUG - Loaded and stored Omron data for key '00109_seg1' and '00109_seg7'
2025-08-12 16:26:28,582 - DEBUG - Loaded and stored Omron data for key '00110_seg1' and '00110_seg7'
2025-08-12 16:26:28,582 - DEBUG - Loaded and stored Omron data for key '00111_seg1' and '00111_seg7'
2025-08-12 16:26:28,582 - DEBUG - Loaded and stored Omron data for key '00112_seg1' and '00112_seg7'
2025-08-12 16:26:34,062 - DEBUG - Biopac BP values for seg1: SBP=134.9, DBP=112.7 (zeros excluded)
2025-08-12 16:26:34,254 - DEBUG - No shift for 00100, delta too large (37.8 mmHg)
2025-08-12 16:26:34,911 - DEBUG - Saved calibrated BP data to: ./data/processed/moved/00100/seg7_bp.csv
2025-08-12 16:26:35,148 - DEBUG - Filtering: 29952 points, range before=(93906.0000, 97416.0000), after=(-122.4725, 134.6281)
2025-08-12 16:26:35,407 - DEBUG - Filtering: 29952 points, range before=(82305.0000, 108502.0000), after=(-5979.6535, 4376.6407)
2025-08-12 16:26:35,628 - DEBUG - Filtering: 29952 points, range before=(95437.0000, 98867.0000), after=(-196.7595, 195.8336)
2025-08-12 16:26:35,968 - DEBUG - Filtering: 25294 points, range before=(139751.0000, 144523.0000), after=(-286.1120, 387.9171)
2025-08-12 16:26:35,976 - DEBUG - Available sensors for seg7: ['sensor2', 'sensor3', 'sensor4', 'sensor5'] (4/4)
2025-08-12 16:26:36,742 - DEBUG - Loaded HR data: average 88.2 bpm
2025-08-12 16:26:36,756 - DEBUG - Using provided HR: 88.2 bpm, RR interval: 0.680s
2025-08-12 16:26:36,808 - DEBUG - Found 0 BP valleys in 22763 samples (227.6s), HR: 88 bpm
2025-08-12 16:26:36,809 - DEBUG - Warning: Insufficient BP valleys found, using original slicing method
2025-08-12 16:26:36,813 - DEBUG - Generated 217 valley-based slices from seg7
2025-08-12 16:26:36,814 - DEBUG - Loading Omron data from: /root/ppg2bp/data/omron.csv
2025-08-12 16:26:36,819 - DEBUG - Loaded and stored Omron data for key '00042_seg1' and '00042_seg7'
2025-08-12 16:26:36,819 - DEBUG - Loaded and stored Omron data for key '00043_seg1' and '00043_seg7'
2025-08-12 16:26:36,820 - DEBUG - Loaded and stored Omron data for key '00044_seg1' and '00044_seg7'
2025-08-12 16:26:36,820 - DEBUG - Loaded and stored Omron data for key '00016_seg1' and '00016_seg7'
2025-08-12 16:26:36,820 - DEBUG - Loaded and stored Omron data for key '00045_seg1' and '00045_seg7'
2025-08-12 16:26:36,820 - DEBUG - Loaded and stored Omron data for key '00047_seg1' and '00047_seg7'
2025-08-12 16:26:36,820 - DEBUG - Loaded and stored Omron data for key '00048_seg1' and '00048_seg7'
2025-08-12 16:26:36,820 - DEBUG - Loaded and stored Omron data for key '00049_seg1' and '00049_seg7'
2025-08-12 16:26:36,820 - DEBUG - Loaded and stored Omron data for key '00050_seg1' and '00050_seg7'
2025-08-12 16:26:36,820 - DEBUG - Loaded and stored Omron data for key '00051_seg1' and '00051_seg7'
2025-08-12 16:26:36,821 - DEBUG - Loaded and stored Omron data for key '00052_seg1' and '00052_seg7'
2025-08-12 16:26:36,821 - DEBUG - Loaded and stored Omron data for key '00003_seg1' and '00003_seg7'
2025-08-12 16:26:36,821 - DEBUG - Loaded and stored Omron data for key '00053_seg1' and '00053_seg7'
2025-08-12 16:26:36,821 - DEBUG - Loaded and stored Omron data for key '00054_seg1' and '00054_seg7'
2025-08-12 16:26:36,821 - DEBUG - Loaded and stored Omron data for key '00055_seg1' and '00055_seg7'
2025-08-12 16:26:36,821 - DEBUG - Loaded and stored Omron data for key '00056_seg1' and '00056_seg7'
2025-08-12 16:26:36,821 - DEBUG - Loaded and stored Omron data for key '00057_seg1' and '00057_seg7'
2025-08-12 16:26:36,821 - DEBUG - Loaded and stored Omron data for key '00058_seg1' and '00058_seg7'
2025-08-12 16:26:36,821 - DEBUG - Loaded and stored Omron data for key '00059_seg1' and '00059_seg7'
2025-08-12 16:26:36,822 - DEBUG - Loaded and stored Omron data for key '00060_seg1' and '00060_seg7'
2025-08-12 16:26:36,822 - DEBUG - Loaded and stored Omron data for key '00061_seg1' and '00061_seg7'
2025-08-12 16:26:36,822 - DEBUG - Loaded and stored Omron data for key '00062_seg1' and '00062_seg7'
2025-08-12 16:26:36,822 - DEBUG - Loaded and stored Omron data for key '00063_seg1' and '00063_seg7'
2025-08-12 16:26:36,822 - DEBUG - Loaded and stored Omron data for key '00064_seg1' and '00064_seg7'
2025-08-12 16:26:36,822 - DEBUG - Loaded and stored Omron data for key '00065_seg1' and '00065_seg7'
2025-08-12 16:26:36,822 - DEBUG - Loaded and stored Omron data for key '00066_seg1' and '00066_seg7'
2025-08-12 16:26:36,822 - DEBUG - Loaded and stored Omron data for key '00067_seg1' and '00067_seg7'
2025-08-12 16:26:36,822 - DEBUG - Loaded and stored Omron data for key '00068_seg1' and '00068_seg7'
2025-08-12 16:26:36,822 - DEBUG - Loaded and stored Omron data for key '00069_seg1' and '00069_seg7'
2025-08-12 16:26:36,823 - DEBUG - Loaded and stored Omron data for key '00070_seg1' and '00070_seg7'
2025-08-12 16:26:36,823 - DEBUG - Loaded and stored Omron data for key '00071_seg1' and '00071_seg7'
2025-08-12 16:26:36,823 - DEBUG - Loaded and stored Omron data for key '00072_seg1' and '00072_seg7'
2025-08-12 16:26:36,823 - DEBUG - Loaded and stored Omron data for key '00073_seg1' and '00073_seg7'
2025-08-12 16:26:36,823 - DEBUG - Loaded and stored Omron data for key '00074_seg1' and '00074_seg7'
2025-08-12 16:26:36,823 - DEBUG - Loaded and stored Omron data for key '00075_seg1' and '00075_seg7'
2025-08-12 16:26:36,823 - DEBUG - Loaded and stored Omron data for key '00076_seg1' and '00076_seg7'
2025-08-12 16:26:36,823 - DEBUG - Loaded and stored Omron data for key '00077_seg1' and '00077_seg7'
2025-08-12 16:26:36,823 - DEBUG - Loaded and stored Omron data for key '00078_seg1' and '00078_seg7'
2025-08-12 16:26:36,824 - DEBUG - Loaded and stored Omron data for key '00079_seg1' and '00079_seg7'
2025-08-12 16:26:36,824 - DEBUG - Loaded and stored Omron data for key '00080_seg1' and '00080_seg7'
2025-08-12 16:26:36,824 - DEBUG - Loaded and stored Omron data for key '00081_seg1' and '00081_seg7'
2025-08-12 16:26:36,824 - DEBUG - Loaded and stored Omron data for key '00082_seg1' and '00082_seg7'
2025-08-12 16:26:36,824 - DEBUG - Loaded and stored Omron data for key '00083_seg1' and '00083_seg7'
2025-08-12 16:26:36,824 - DEBUG - Loaded and stored Omron data for key '00084_seg1' and '00084_seg7'
2025-08-12 16:26:36,824 - DEBUG - Loaded and stored Omron data for key '00085_seg1' and '00085_seg7'
2025-08-12 16:26:36,824 - DEBUG - Loaded and stored Omron data for key '00086_seg1' and '00086_seg7'
2025-08-12 16:26:36,824 - DEBUG - Loaded and stored Omron data for key '00087_seg1' and '00087_seg7'
2025-08-12 16:26:36,824 - DEBUG - Loaded and stored Omron data for key '00088_seg1' and '00088_seg7'
2025-08-12 16:26:36,824 - DEBUG - Loaded and stored Omron data for key '00089_seg1' and '00089_seg7'
2025-08-12 16:26:36,825 - DEBUG - Loaded and stored Omron data for key '00090_seg1' and '00090_seg7'
2025-08-12 16:26:36,825 - DEBUG - Loaded and stored Omron data for key '00091_seg1' and '00091_seg7'
2025-08-12 16:26:36,825 - DEBUG - Loaded and stored Omron data for key '00092_seg1' and '00092_seg7'
2025-08-12 16:26:36,825 - DEBUG - Loaded and stored Omron data for key '00093_seg1' and '00093_seg7'
2025-08-12 16:26:36,825 - DEBUG - Loaded and stored Omron data for key '00094_seg1' and '00094_seg7'
2025-08-12 16:26:36,825 - DEBUG - Loaded and stored Omron data for key '00095_seg1' and '00095_seg7'
2025-08-12 16:26:36,825 - DEBUG - Loaded and stored Omron data for key '00096_seg1' and '00096_seg7'
2025-08-12 16:26:36,825 - DEBUG - Loaded and stored Omron data for key '00097_seg1' and '00097_seg7'
2025-08-12 16:26:36,825 - DEBUG - Loaded and stored Omron data for key '00098_seg1' and '00098_seg7'
2025-08-12 16:26:36,825 - DEBUG - Loaded and stored Omron data for key '00099_seg1' and '00099_seg7'
2025-08-12 16:26:36,826 - DEBUG - Loaded and stored Omron data for key '00100_seg1' and '00100_seg7'
2025-08-12 16:26:36,826 - DEBUG - Loaded and stored Omron data for key '00101_seg1' and '00101_seg7'
2025-08-12 16:26:36,826 - DEBUG - Loaded and stored Omron data for key '00102_seg1' and '00102_seg7'
2025-08-12 16:26:36,826 - DEBUG - Loaded and stored Omron data for key '00103_seg1' and '00103_seg7'
2025-08-12 16:26:36,826 - DEBUG - Loaded and stored Omron data for key '00105_seg1' and '00105_seg7'
2025-08-12 16:26:36,826 - DEBUG - Loaded and stored Omron data for key '00106_seg1' and '00106_seg7'
2025-08-12 16:26:36,826 - DEBUG - Loaded and stored Omron data for key '00107_seg1' and '00107_seg7'
2025-08-12 16:26:36,826 - DEBUG - Loaded and stored Omron data for key '00108_seg1' and '00108_seg7'
2025-08-12 16:26:36,826 - DEBUG - Loaded and stored Omron data for key '00109_seg1' and '00109_seg7'
2025-08-12 16:26:36,826 - DEBUG - Loaded and stored Omron data for key '00110_seg1' and '00110_seg7'
2025-08-12 16:26:36,826 - DEBUG - Loaded and stored Omron data for key '00111_seg1' and '00111_seg7'
2025-08-12 16:26:36,827 - DEBUG - Loaded and stored Omron data for key '00112_seg1' and '00112_seg7'
2025-08-12 16:26:43,127 - DEBUG - Biopac BP values for seg1: SBP=81.6, DBP=43.4 (zeros excluded)
2025-08-12 16:26:43,329 - DEBUG - Calculated shift amount for 00101: +23.5 mmHg
2025-08-12 16:26:43,331 - DEBUG - Processing 00101 - seg1
2025-08-12 16:26:48,367 - DEBUG - Saved calibrated BP data to: ./data/processed/moved/00101/seg1_bp.csv
2025-08-12 16:26:49,690 - DEBUG - Filtering: 66672 points, range before=(99155.0000, 103736.0000), after=(-191.4051, 242.0987)
2025-08-12 16:26:50,814 - DEBUG - Filtering: 66671 points, range before=(102838.0000, 112308.0000), after=(-997.0278, 1065.2280)
2025-08-12 16:26:51,872 - DEBUG - Filtering: 66670 points, range before=(121342.0000, 123969.0000), after=(-91.0353, 90.0706)
2025-08-12 16:26:52,899 - DEBUG - Filtering: 66671 points, range before=(91381.0000, 102489.0000), after=(-437.2128, 365.5900)
2025-08-12 16:26:52,918 - DEBUG - Available sensors for seg1: ['sensor2', 'sensor3', 'sensor4', 'sensor5'] (4/4)
2025-08-12 16:26:55,799 - DEBUG - Loaded HR data: average 69.7 bpm
2025-08-12 16:26:55,914 - DEBUG - Using provided HR: 69.7 bpm, RR interval: 0.860s
2025-08-12 16:26:56,078 - DEBUG - Found 695 BP valleys in 59999 samples (600.0s), HR: 70 bpm
2025-08-12 16:26:56,093 - DEBUG - Created 684 valley-based slices from 695 valleys
2025-08-12 16:26:56,094 - DEBUG - Generated 684 valley-based slices from seg1
2025-08-12 16:26:56,094 - DEBUG - Processing 00101 - seg7
2025-08-12 16:26:57,526 - DEBUG - Saved calibrated BP data to: ./data/processed/moved/00101/seg7_bp.csv
2025-08-12 16:26:57,846 - DEBUG - Filtering: 24340 points, range before=(84523.0000, 89738.0000), after=(-563.0296, 616.5161)
2025-08-12 16:26:57,899 - DEBUG - Filtering: 4155 points, range before=(109709.0000, 113011.0000), after=(-873.0695, 921.7192)
2025-08-12 16:26:58,247 - DEBUG - Filtering: 24339 points, range before=(124737.0000, 125405.0000), after=(-87.3310, 114.2979)
2025-08-12 16:26:58,479 - DEBUG - Filtering: 24339 points, range before=(88432.0000, 90447.0000), after=(-221.1895, 101.9912)
2025-08-12 16:26:58,485 - DEBUG - Available sensors for seg7: ['sensor2', 'sensor3', 'sensor4', 'sensor5'] (4/4)
2025-08-12 16:26:59,215 - DEBUG - Loaded HR data: average 71.6 bpm
2025-08-12 16:26:59,226 - DEBUG - Using provided HR: 71.6 bpm, RR interval: 0.837s
2025-08-12 16:26:59,230 - DEBUG - Found 0 BP valleys in 3737 samples (37.4s), HR: 72 bpm
2025-08-12 16:26:59,230 - DEBUG - Warning: Insufficient BP valleys found, using original slicing method
2025-08-12 16:26:59,232 - DEBUG - Generated 27 valley-based slices from seg7
2025-08-12 16:26:59,233 - DEBUG - Loading Omron data from: /root/ppg2bp/data/omron.csv
2025-08-12 16:26:59,238 - DEBUG - Loaded and stored Omron data for key '00042_seg1' and '00042_seg7'
2025-08-12 16:26:59,238 - DEBUG - Loaded and stored Omron data for key '00043_seg1' and '00043_seg7'
2025-08-12 16:26:59,238 - DEBUG - Loaded and stored Omron data for key '00044_seg1' and '00044_seg7'
2025-08-12 16:26:59,239 - DEBUG - Loaded and stored Omron data for key '00016_seg1' and '00016_seg7'
2025-08-12 16:26:59,239 - DEBUG - Loaded and stored Omron data for key '00045_seg1' and '00045_seg7'
2025-08-12 16:26:59,239 - DEBUG - Loaded and stored Omron data for key '00047_seg1' and '00047_seg7'
2025-08-12 16:26:59,239 - DEBUG - Loaded and stored Omron data for key '00048_seg1' and '00048_seg7'
2025-08-12 16:26:59,239 - DEBUG - Loaded and stored Omron data for key '00049_seg1' and '00049_seg7'
2025-08-12 16:26:59,239 - DEBUG - Loaded and stored Omron data for key '00050_seg1' and '00050_seg7'
2025-08-12 16:26:59,239 - DEBUG - Loaded and stored Omron data for key '00051_seg1' and '00051_seg7'
2025-08-12 16:26:59,239 - DEBUG - Loaded and stored Omron data for key '00052_seg1' and '00052_seg7'
2025-08-12 16:26:59,239 - DEBUG - Loaded and stored Omron data for key '00003_seg1' and '00003_seg7'
2025-08-12 16:26:59,239 - DEBUG - Loaded and stored Omron data for key '00053_seg1' and '00053_seg7'
2025-08-12 16:26:59,240 - DEBUG - Loaded and stored Omron data for key '00054_seg1' and '00054_seg7'
2025-08-12 16:26:59,240 - DEBUG - Loaded and stored Omron data for key '00055_seg1' and '00055_seg7'
2025-08-12 16:26:59,240 - DEBUG - Loaded and stored Omron data for key '00056_seg1' and '00056_seg7'
2025-08-12 16:26:59,240 - DEBUG - Loaded and stored Omron data for key '00057_seg1' and '00057_seg7'
2025-08-12 16:26:59,240 - DEBUG - Loaded and stored Omron data for key '00058_seg1' and '00058_seg7'
2025-08-12 16:26:59,240 - DEBUG - Loaded and stored Omron data for key '00059_seg1' and '00059_seg7'
2025-08-12 16:26:59,240 - DEBUG - Loaded and stored Omron data for key '00060_seg1' and '00060_seg7'
2025-08-12 16:26:59,240 - DEBUG - Loaded and stored Omron data for key '00061_seg1' and '00061_seg7'
2025-08-12 16:26:59,241 - DEBUG - Loaded and stored Omron data for key '00062_seg1' and '00062_seg7'
2025-08-12 16:26:59,241 - DEBUG - Loaded and stored Omron data for key '00063_seg1' and '00063_seg7'
2025-08-12 16:26:59,241 - DEBUG - Loaded and stored Omron data for key '00064_seg1' and '00064_seg7'
2025-08-12 16:26:59,241 - DEBUG - Loaded and stored Omron data for key '00065_seg1' and '00065_seg7'
2025-08-12 16:26:59,241 - DEBUG - Loaded and stored Omron data for key '00066_seg1' and '00066_seg7'
2025-08-12 16:26:59,241 - DEBUG - Loaded and stored Omron data for key '00067_seg1' and '00067_seg7'
2025-08-12 16:26:59,241 - DEBUG - Loaded and stored Omron data for key '00068_seg1' and '00068_seg7'
2025-08-12 16:26:59,241 - DEBUG - Loaded and stored Omron data for key '00069_seg1' and '00069_seg7'
2025-08-12 16:26:59,241 - DEBUG - Loaded and stored Omron data for key '00070_seg1' and '00070_seg7'
2025-08-12 16:26:59,242 - DEBUG - Loaded and stored Omron data for key '00071_seg1' and '00071_seg7'
2025-08-12 16:26:59,242 - DEBUG - Loaded and stored Omron data for key '00072_seg1' and '00072_seg7'
2025-08-12 16:26:59,242 - DEBUG - Loaded and stored Omron data for key '00073_seg1' and '00073_seg7'
2025-08-12 16:26:59,242 - DEBUG - Loaded and stored Omron data for key '00074_seg1' and '00074_seg7'
2025-08-12 16:26:59,242 - DEBUG - Loaded and stored Omron data for key '00075_seg1' and '00075_seg7'
2025-08-12 16:26:59,242 - DEBUG - Loaded and stored Omron data for key '00076_seg1' and '00076_seg7'
2025-08-12 16:26:59,242 - DEBUG - Loaded and stored Omron data for key '00077_seg1' and '00077_seg7'
2025-08-12 16:26:59,242 - DEBUG - Loaded and stored Omron data for key '00078_seg1' and '00078_seg7'
2025-08-12 16:26:59,243 - DEBUG - Loaded and stored Omron data for key '00079_seg1' and '00079_seg7'
2025-08-12 16:26:59,243 - DEBUG - Loaded and stored Omron data for key '00080_seg1' and '00080_seg7'
2025-08-12 16:26:59,243 - DEBUG - Loaded and stored Omron data for key '00081_seg1' and '00081_seg7'
2025-08-12 16:26:59,243 - DEBUG - Loaded and stored Omron data for key '00082_seg1' and '00082_seg7'
2025-08-12 16:26:59,243 - DEBUG - Loaded and stored Omron data for key '00083_seg1' and '00083_seg7'
2025-08-12 16:26:59,243 - DEBUG - Loaded and stored Omron data for key '00084_seg1' and '00084_seg7'
2025-08-12 16:26:59,243 - DEBUG - Loaded and stored Omron data for key '00085_seg1' and '00085_seg7'
2025-08-12 16:26:59,243 - DEBUG - Loaded and stored Omron data for key '00086_seg1' and '00086_seg7'
2025-08-12 16:26:59,243 - DEBUG - Loaded and stored Omron data for key '00087_seg1' and '00087_seg7'
2025-08-12 16:26:59,244 - DEBUG - Loaded and stored Omron data for key '00088_seg1' and '00088_seg7'
2025-08-12 16:26:59,244 - DEBUG - Loaded and stored Omron data for key '00089_seg1' and '00089_seg7'
2025-08-12 16:26:59,244 - DEBUG - Loaded and stored Omron data for key '00090_seg1' and '00090_seg7'
2025-08-12 16:26:59,244 - DEBUG - Loaded and stored Omron data for key '00091_seg1' and '00091_seg7'
2025-08-12 16:26:59,244 - DEBUG - Loaded and stored Omron data for key '00092_seg1' and '00092_seg7'
2025-08-12 16:26:59,244 - DEBUG - Loaded and stored Omron data for key '00093_seg1' and '00093_seg7'
2025-08-12 16:26:59,244 - DEBUG - Loaded and stored Omron data for key '00094_seg1' and '00094_seg7'
2025-08-12 16:26:59,244 - DEBUG - Loaded and stored Omron data for key '00095_seg1' and '00095_seg7'
2025-08-12 16:26:59,244 - DEBUG - Loaded and stored Omron data for key '00096_seg1' and '00096_seg7'
2025-08-12 16:26:59,244 - DEBUG - Loaded and stored Omron data for key '00097_seg1' and '00097_seg7'
2025-08-12 16:26:59,245 - DEBUG - Loaded and stored Omron data for key '00098_seg1' and '00098_seg7'
2025-08-12 16:26:59,245 - DEBUG - Loaded and stored Omron data for key '00099_seg1' and '00099_seg7'
2025-08-12 16:26:59,245 - DEBUG - Loaded and stored Omron data for key '00100_seg1' and '00100_seg7'
2025-08-12 16:26:59,245 - DEBUG - Loaded and stored Omron data for key '00101_seg1' and '00101_seg7'
2025-08-12 16:26:59,245 - DEBUG - Loaded and stored Omron data for key '00102_seg1' and '00102_seg7'
2025-08-12 16:26:59,245 - DEBUG - Loaded and stored Omron data for key '00103_seg1' and '00103_seg7'
2025-08-12 16:26:59,245 - DEBUG - Loaded and stored Omron data for key '00105_seg1' and '00105_seg7'
2025-08-12 16:26:59,245 - DEBUG - Loaded and stored Omron data for key '00106_seg1' and '00106_seg7'
2025-08-12 16:26:59,245 - DEBUG - Loaded and stored Omron data for key '00107_seg1' and '00107_seg7'
2025-08-12 16:26:59,246 - DEBUG - Loaded and stored Omron data for key '00108_seg1' and '00108_seg7'
2025-08-12 16:26:59,246 - DEBUG - Loaded and stored Omron data for key '00109_seg1' and '00109_seg7'
2025-08-12 16:26:59,246 - DEBUG - Loaded and stored Omron data for key '00110_seg1' and '00110_seg7'
2025-08-12 16:26:59,246 - DEBUG - Loaded and stored Omron data for key '00111_seg1' and '00111_seg7'
2025-08-12 16:26:59,246 - DEBUG - Loaded and stored Omron data for key '00112_seg1' and '00112_seg7'
2025-08-12 16:27:05,842 - DEBUG - Biopac BP values for seg1: SBP=93.5, DBP=46.7 (zeros excluded)
2025-08-12 16:27:06,029 - DEBUG - No shift for 00102, delta too large (-19.8 mmHg)
2025-08-12 16:27:06,031 - DEBUG - Processing 00102 - seg1
2025-08-12 16:27:09,775 - DEBUG - Loading Omron data from: /root/ppg2bp/data/omron.csv
2025-08-12 16:27:09,784 - DEBUG - Loaded and stored Omron data for key '00042_seg1' and '00042_seg7'
2025-08-12 16:27:09,784 - DEBUG - Loaded and stored Omron data for key '00043_seg1' and '00043_seg7'
2025-08-12 16:27:09,784 - DEBUG - Loaded and stored Omron data for key '00044_seg1' and '00044_seg7'
2025-08-12 16:27:09,784 - DEBUG - Loaded and stored Omron data for key '00016_seg1' and '00016_seg7'
2025-08-12 16:27:09,784 - DEBUG - Loaded and stored Omron data for key '00045_seg1' and '00045_seg7'
2025-08-12 16:27:09,785 - DEBUG - Loaded and stored Omron data for key '00047_seg1' and '00047_seg7'
2025-08-12 16:27:09,785 - DEBUG - Loaded and stored Omron data for key '00048_seg1' and '00048_seg7'
2025-08-12 16:27:09,785 - DEBUG - Loaded and stored Omron data for key '00049_seg1' and '00049_seg7'
2025-08-12 16:27:09,785 - DEBUG - Loaded and stored Omron data for key '00050_seg1' and '00050_seg7'
2025-08-12 16:27:09,785 - DEBUG - Loaded and stored Omron data for key '00051_seg1' and '00051_seg7'
2025-08-12 16:27:09,785 - DEBUG - Loaded and stored Omron data for key '00052_seg1' and '00052_seg7'
2025-08-12 16:27:09,785 - DEBUG - Loaded and stored Omron data for key '00003_seg1' and '00003_seg7'
2025-08-12 16:27:09,785 - DEBUG - Loaded and stored Omron data for key '00053_seg1' and '00053_seg7'
2025-08-12 16:27:09,785 - DEBUG - Loaded and stored Omron data for key '00054_seg1' and '00054_seg7'
2025-08-12 16:27:09,786 - DEBUG - Loaded and stored Omron data for key '00055_seg1' and '00055_seg7'
2025-08-12 16:27:09,786 - DEBUG - Loaded and stored Omron data for key '00056_seg1' and '00056_seg7'
2025-08-12 16:27:09,786 - DEBUG - Loaded and stored Omron data for key '00057_seg1' and '00057_seg7'
2025-08-12 16:27:09,786 - DEBUG - Loaded and stored Omron data for key '00058_seg1' and '00058_seg7'
2025-08-12 16:27:09,786 - DEBUG - Loaded and stored Omron data for key '00059_seg1' and '00059_seg7'
2025-08-12 16:27:09,786 - DEBUG - Loaded and stored Omron data for key '00060_seg1' and '00060_seg7'
2025-08-12 16:27:09,786 - DEBUG - Loaded and stored Omron data for key '00061_seg1' and '00061_seg7'
2025-08-12 16:27:09,786 - DEBUG - Loaded and stored Omron data for key '00062_seg1' and '00062_seg7'
2025-08-12 16:27:09,786 - DEBUG - Loaded and stored Omron data for key '00063_seg1' and '00063_seg7'
2025-08-12 16:27:09,786 - DEBUG - Loaded and stored Omron data for key '00064_seg1' and '00064_seg7'
2025-08-12 16:27:09,787 - DEBUG - Loaded and stored Omron data for key '00065_seg1' and '00065_seg7'
2025-08-12 16:27:09,787 - DEBUG - Loaded and stored Omron data for key '00066_seg1' and '00066_seg7'
2025-08-12 16:27:09,787 - DEBUG - Loaded and stored Omron data for key '00067_seg1' and '00067_seg7'
2025-08-12 16:27:09,787 - DEBUG - Loaded and stored Omron data for key '00068_seg1' and '00068_seg7'
2025-08-12 16:27:09,787 - DEBUG - Loaded and stored Omron data for key '00069_seg1' and '00069_seg7'
2025-08-12 16:27:09,787 - DEBUG - Loaded and stored Omron data for key '00070_seg1' and '00070_seg7'
2025-08-12 16:27:09,787 - DEBUG - Loaded and stored Omron data for key '00071_seg1' and '00071_seg7'
2025-08-12 16:27:09,787 - DEBUG - Loaded and stored Omron data for key '00072_seg1' and '00072_seg7'
2025-08-12 16:27:09,787 - DEBUG - Loaded and stored Omron data for key '00073_seg1' and '00073_seg7'
2025-08-12 16:27:09,788 - DEBUG - Loaded and stored Omron data for key '00074_seg1' and '00074_seg7'
2025-08-12 16:27:09,788 - DEBUG - Loaded and stored Omron data for key '00075_seg1' and '00075_seg7'
2025-08-12 16:27:09,788 - DEBUG - Loaded and stored Omron data for key '00076_seg1' and '00076_seg7'
2025-08-12 16:27:09,788 - DEBUG - Loaded and stored Omron data for key '00077_seg1' and '00077_seg7'
2025-08-12 16:27:09,788 - DEBUG - Loaded and stored Omron data for key '00078_seg1' and '00078_seg7'
2025-08-12 16:27:09,788 - DEBUG - Loaded and stored Omron data for key '00079_seg1' and '00079_seg7'
2025-08-12 16:27:09,788 - DEBUG - Loaded and stored Omron data for key '00080_seg1' and '00080_seg7'
2025-08-12 16:27:09,788 - DEBUG - Loaded and stored Omron data for key '00081_seg1' and '00081_seg7'
2025-08-12 16:27:09,788 - DEBUG - Loaded and stored Omron data for key '00082_seg1' and '00082_seg7'
2025-08-12 16:27:09,788 - DEBUG - Loaded and stored Omron data for key '00083_seg1' and '00083_seg7'
2025-08-12 16:27:09,788 - DEBUG - Loaded and stored Omron data for key '00084_seg1' and '00084_seg7'
2025-08-12 16:27:09,789 - DEBUG - Loaded and stored Omron data for key '00085_seg1' and '00085_seg7'
2025-08-12 16:27:09,789 - DEBUG - Loaded and stored Omron data for key '00086_seg1' and '00086_seg7'
2025-08-12 16:27:09,789 - DEBUG - Loaded and stored Omron data for key '00087_seg1' and '00087_seg7'
2025-08-12 16:27:09,789 - DEBUG - Loaded and stored Omron data for key '00088_seg1' and '00088_seg7'
2025-08-12 16:27:09,789 - DEBUG - Loaded and stored Omron data for key '00089_seg1' and '00089_seg7'
2025-08-12 16:27:09,789 - DEBUG - Loaded and stored Omron data for key '00090_seg1' and '00090_seg7'
2025-08-12 16:27:09,789 - DEBUG - Loaded and stored Omron data for key '00091_seg1' and '00091_seg7'
2025-08-12 16:27:09,789 - DEBUG - Loaded and stored Omron data for key '00092_seg1' and '00092_seg7'
2025-08-12 16:27:09,789 - DEBUG - Loaded and stored Omron data for key '00093_seg1' and '00093_seg7'
2025-08-12 16:27:09,789 - DEBUG - Loaded and stored Omron data for key '00094_seg1' and '00094_seg7'
2025-08-12 16:27:09,790 - DEBUG - Loaded and stored Omron data for key '00095_seg1' and '00095_seg7'
2025-08-12 16:27:09,790 - DEBUG - Loaded and stored Omron data for key '00096_seg1' and '00096_seg7'
2025-08-12 16:27:09,790 - DEBUG - Loaded and stored Omron data for key '00097_seg1' and '00097_seg7'
2025-08-12 16:27:09,790 - DEBUG - Loaded and stored Omron data for key '00098_seg1' and '00098_seg7'
2025-08-12 16:27:09,790 - DEBUG - Loaded and stored Omron data for key '00099_seg1' and '00099_seg7'
2025-08-12 16:27:09,790 - DEBUG - Loaded and stored Omron data for key '00100_seg1' and '00100_seg7'
2025-08-12 16:27:09,790 - DEBUG - Loaded and stored Omron data for key '00101_seg1' and '00101_seg7'
2025-08-12 16:27:09,790 - DEBUG - Loaded and stored Omron data for key '00102_seg1' and '00102_seg7'
2025-08-12 16:27:09,790 - DEBUG - Loaded and stored Omron data for key '00103_seg1' and '00103_seg7'
2025-08-12 16:27:09,790 - DEBUG - Loaded and stored Omron data for key '00105_seg1' and '00105_seg7'
2025-08-12 16:27:09,791 - DEBUG - Loaded and stored Omron data for key '00106_seg1' and '00106_seg7'
2025-08-12 16:27:09,791 - DEBUG - Loaded and stored Omron data for key '00107_seg1' and '00107_seg7'
2025-08-12 16:27:09,791 - DEBUG - Loaded and stored Omron data for key '00108_seg1' and '00108_seg7'
2025-08-12 16:27:09,791 - DEBUG - Loaded and stored Omron data for key '00109_seg1' and '00109_seg7'
2025-08-12 16:27:09,791 - DEBUG - Loaded and stored Omron data for key '00110_seg1' and '00110_seg7'
2025-08-12 16:27:09,791 - DEBUG - Loaded and stored Omron data for key '00111_seg1' and '00111_seg7'
2025-08-12 16:27:09,791 - DEBUG - Loaded and stored Omron data for key '00112_seg1' and '00112_seg7'
2025-08-12 16:27:15,940 - DEBUG - Biopac BP values for seg1: SBP=93.5, DBP=46.7 (zeros excluded)
2025-08-12 16:27:16,149 - DEBUG - No shift for 00102, delta too large (-19.8 mmHg)
2025-08-12 16:27:17,632 - DEBUG - Saved calibrated BP data to: ./data/processed/moved/00102/seg1_bp.csv
2025-08-12 16:27:18,816 - DEBUG - Filtering: 66674 points, range before=(100507.0000, 105334.0000), after=(-1619.4366, 1225.4220)
2025-08-12 16:27:18,867 - DEBUG - Filtering: 5269 points, range before=(0.0000, 262143.0000), after=(-55037.9223, 78506.1926)
2025-08-12 16:27:19,811 - DEBUG - Filtering: 66675 points, range before=(109750.0000, 137769.0000), after=(-6200.1196, 7107.0687)
2025-08-12 16:27:20,799 - DEBUG - Filtering: 66676 points, range before=(119688.0000, 122213.0000), after=(-163.1503, 264.4628)
2025-08-12 16:27:20,815 - DEBUG - Available sensors for seg1: ['sensor2', 'sensor3', 'sensor4', 'sensor5'] (4/4)
2025-08-12 16:27:23,623 - DEBUG - Loaded HR data: average 72.4 bpm
2025-08-12 16:27:23,739 - DEBUG - Using provided HR: 72.4 bpm, RR interval: 0.828s
2025-08-12 16:27:23,745 - DEBUG - Found 60 BP valleys in 4941 samples (49.4s), HR: 72 bpm
2025-08-12 16:27:23,746 - DEBUG - Created 47 valley-based slices from 60 valleys
2025-08-12 16:27:23,747 - DEBUG - Generated 47 valley-based slices from seg1
2025-08-12 16:27:23,747 - DEBUG - Processing 00102 - seg7
2025-08-12 16:27:24,821 - DEBUG - Loading Omron data from: /root/ppg2bp/data/omron.csv
2025-08-12 16:27:24,827 - DEBUG - Loaded and stored Omron data for key '00042_seg1' and '00042_seg7'
2025-08-12 16:27:24,828 - DEBUG - Loaded and stored Omron data for key '00043_seg1' and '00043_seg7'
2025-08-12 16:27:24,828 - DEBUG - Loaded and stored Omron data for key '00044_seg1' and '00044_seg7'
2025-08-12 16:27:24,828 - DEBUG - Loaded and stored Omron data for key '00016_seg1' and '00016_seg7'
2025-08-12 16:27:24,828 - DEBUG - Loaded and stored Omron data for key '00045_seg1' and '00045_seg7'
2025-08-12 16:27:24,828 - DEBUG - Loaded and stored Omron data for key '00047_seg1' and '00047_seg7'
2025-08-12 16:27:24,828 - DEBUG - Loaded and stored Omron data for key '00048_seg1' and '00048_seg7'
2025-08-12 16:27:24,828 - DEBUG - Loaded and stored Omron data for key '00049_seg1' and '00049_seg7'
2025-08-12 16:27:24,829 - DEBUG - Loaded and stored Omron data for key '00050_seg1' and '00050_seg7'
2025-08-12 16:27:24,829 - DEBUG - Loaded and stored Omron data for key '00051_seg1' and '00051_seg7'
2025-08-12 16:27:24,829 - DEBUG - Loaded and stored Omron data for key '00052_seg1' and '00052_seg7'
2025-08-12 16:27:24,829 - DEBUG - Loaded and stored Omron data for key '00003_seg1' and '00003_seg7'
2025-08-12 16:27:24,829 - DEBUG - Loaded and stored Omron data for key '00053_seg1' and '00053_seg7'
2025-08-12 16:27:24,829 - DEBUG - Loaded and stored Omron data for key '00054_seg1' and '00054_seg7'
2025-08-12 16:27:24,829 - DEBUG - Loaded and stored Omron data for key '00055_seg1' and '00055_seg7'
2025-08-12 16:27:24,829 - DEBUG - Loaded and stored Omron data for key '00056_seg1' and '00056_seg7'
2025-08-12 16:27:24,829 - DEBUG - Loaded and stored Omron data for key '00057_seg1' and '00057_seg7'
2025-08-12 16:27:24,830 - DEBUG - Loaded and stored Omron data for key '00058_seg1' and '00058_seg7'
2025-08-12 16:27:24,830 - DEBUG - Loaded and stored Omron data for key '00059_seg1' and '00059_seg7'
2025-08-12 16:27:24,830 - DEBUG - Loaded and stored Omron data for key '00060_seg1' and '00060_seg7'
2025-08-12 16:27:24,830 - DEBUG - Loaded and stored Omron data for key '00061_seg1' and '00061_seg7'
2025-08-12 16:27:24,830 - DEBUG - Loaded and stored Omron data for key '00062_seg1' and '00062_seg7'
2025-08-12 16:27:24,830 - DEBUG - Loaded and stored Omron data for key '00063_seg1' and '00063_seg7'
2025-08-12 16:27:24,830 - DEBUG - Loaded and stored Omron data for key '00064_seg1' and '00064_seg7'
2025-08-12 16:27:24,830 - DEBUG - Loaded and stored Omron data for key '00065_seg1' and '00065_seg7'
2025-08-12 16:27:24,830 - DEBUG - Loaded and stored Omron data for key '00066_seg1' and '00066_seg7'
2025-08-12 16:27:24,831 - DEBUG - Loaded and stored Omron data for key '00067_seg1' and '00067_seg7'
2025-08-12 16:27:24,831 - DEBUG - Loaded and stored Omron data for key '00068_seg1' and '00068_seg7'
2025-08-12 16:27:24,831 - DEBUG - Loaded and stored Omron data for key '00069_seg1' and '00069_seg7'
2025-08-12 16:27:24,831 - DEBUG - Loaded and stored Omron data for key '00070_seg1' and '00070_seg7'
2025-08-12 16:27:24,831 - DEBUG - Loaded and stored Omron data for key '00071_seg1' and '00071_seg7'
2025-08-12 16:27:24,831 - DEBUG - Loaded and stored Omron data for key '00072_seg1' and '00072_seg7'
2025-08-12 16:27:24,831 - DEBUG - Loaded and stored Omron data for key '00073_seg1' and '00073_seg7'
2025-08-12 16:27:24,831 - DEBUG - Loaded and stored Omron data for key '00074_seg1' and '00074_seg7'
2025-08-12 16:27:24,831 - DEBUG - Loaded and stored Omron data for key '00075_seg1' and '00075_seg7'
2025-08-12 16:27:24,831 - DEBUG - Loaded and stored Omron data for key '00076_seg1' and '00076_seg7'
2025-08-12 16:27:24,832 - DEBUG - Loaded and stored Omron data for key '00077_seg1' and '00077_seg7'
2025-08-12 16:27:24,832 - DEBUG - Loaded and stored Omron data for key '00078_seg1' and '00078_seg7'
2025-08-12 16:27:24,832 - DEBUG - Loaded and stored Omron data for key '00079_seg1' and '00079_seg7'
2025-08-12 16:27:24,832 - DEBUG - Loaded and stored Omron data for key '00080_seg1' and '00080_seg7'
2025-08-12 16:27:24,832 - DEBUG - Loaded and stored Omron data for key '00081_seg1' and '00081_seg7'
2025-08-12 16:27:24,832 - DEBUG - Loaded and stored Omron data for key '00082_seg1' and '00082_seg7'
2025-08-12 16:27:24,832 - DEBUG - Loaded and stored Omron data for key '00083_seg1' and '00083_seg7'
2025-08-12 16:27:24,832 - DEBUG - Loaded and stored Omron data for key '00084_seg1' and '00084_seg7'
2025-08-12 16:27:24,832 - DEBUG - Loaded and stored Omron data for key '00085_seg1' and '00085_seg7'
2025-08-12 16:27:24,832 - DEBUG - Loaded and stored Omron data for key '00086_seg1' and '00086_seg7'
2025-08-12 16:27:24,833 - DEBUG - Loaded and stored Omron data for key '00087_seg1' and '00087_seg7'
2025-08-12 16:27:24,833 - DEBUG - Loaded and stored Omron data for key '00088_seg1' and '00088_seg7'
2025-08-12 16:27:24,833 - DEBUG - Loaded and stored Omron data for key '00089_seg1' and '00089_seg7'
2025-08-12 16:27:24,833 - DEBUG - Loaded and stored Omron data for key '00090_seg1' and '00090_seg7'
2025-08-12 16:27:24,833 - DEBUG - Loaded and stored Omron data for key '00091_seg1' and '00091_seg7'
2025-08-12 16:27:24,833 - DEBUG - Loaded and stored Omron data for key '00092_seg1' and '00092_seg7'
2025-08-12 16:27:24,833 - DEBUG - Loaded and stored Omron data for key '00093_seg1' and '00093_seg7'
2025-08-12 16:27:24,833 - DEBUG - Loaded and stored Omron data for key '00094_seg1' and '00094_seg7'
2025-08-12 16:27:24,833 - DEBUG - Loaded and stored Omron data for key '00095_seg1' and '00095_seg7'
2025-08-12 16:27:24,833 - DEBUG - Loaded and stored Omron data for key '00096_seg1' and '00096_seg7'
2025-08-12 16:27:24,834 - DEBUG - Loaded and stored Omron data for key '00097_seg1' and '00097_seg7'
2025-08-12 16:27:24,834 - DEBUG - Loaded and stored Omron data for key '00098_seg1' and '00098_seg7'
2025-08-12 16:27:24,834 - DEBUG - Loaded and stored Omron data for key '00099_seg1' and '00099_seg7'
2025-08-12 16:27:24,834 - DEBUG - Loaded and stored Omron data for key '00100_seg1' and '00100_seg7'
2025-08-12 16:27:24,834 - DEBUG - Loaded and stored Omron data for key '00101_seg1' and '00101_seg7'
2025-08-12 16:27:24,834 - DEBUG - Loaded and stored Omron data for key '00102_seg1' and '00102_seg7'
2025-08-12 16:27:24,834 - DEBUG - Loaded and stored Omron data for key '00103_seg1' and '00103_seg7'
2025-08-12 16:27:24,834 - DEBUG - Loaded and stored Omron data for key '00105_seg1' and '00105_seg7'
2025-08-12 16:27:24,834 - DEBUG - Loaded and stored Omron data for key '00106_seg1' and '00106_seg7'
2025-08-12 16:27:24,835 - DEBUG - Loaded and stored Omron data for key '00107_seg1' and '00107_seg7'
2025-08-12 16:27:24,835 - DEBUG - Loaded and stored Omron data for key '00108_seg1' and '00108_seg7'
2025-08-12 16:27:24,835 - DEBUG - Loaded and stored Omron data for key '00109_seg1' and '00109_seg7'
2025-08-12 16:27:24,835 - DEBUG - Loaded and stored Omron data for key '00110_seg1' and '00110_seg7'
2025-08-12 16:27:24,835 - DEBUG - Loaded and stored Omron data for key '00111_seg1' and '00111_seg7'
2025-08-12 16:27:24,835 - DEBUG - Loaded and stored Omron data for key '00112_seg1' and '00112_seg7'
2025-08-12 16:27:31,157 - DEBUG - Biopac BP values for seg1: SBP=93.5, DBP=46.7 (zeros excluded)
2025-08-12 16:27:31,475 - DEBUG - No shift for 00102, delta too large (-19.8 mmHg)
2025-08-12 16:27:32,486 - DEBUG - Saved calibrated BP data to: ./data/processed/moved/00102/seg7_bp.csv
2025-08-12 16:27:33,051 - DEBUG - Filtering: 33366 points, range before=(99286.0000, 105652.0000), after=(-1243.8680, 906.3605)
2025-08-12 16:27:33,074 - DEBUG - Warning: No valid data in ./data/raw/00102/seg7_sensor3.csv
2025-08-12 16:27:33,297 - DEBUG - Filtering: 33365 points, range before=(71142.0000, 119565.0000), after=(-10428.3348, 12539.8863)
2025-08-12 16:27:33,853 - DEBUG - Filtering: 33365 points, range before=(116081.0000, 121107.0000), after=(-252.8797, 285.9723)
2025-08-12 16:27:33,865 - DEBUG - Available sensors for seg7: ['sensor2', 'sensor4', 'sensor5'] (3/4)
2025-08-12 16:27:34,706 - DEBUG - Loaded HR data: average 73.3 bpm
2025-08-12 16:27:34,724 - DEBUG - Using provided HR: 73.3 bpm, RR interval: 0.819s
2025-08-12 16:27:34,775 - DEBUG - Found 0 BP valleys in 30027 samples (300.3s), HR: 73 bpm
2025-08-12 16:27:34,775 - DEBUG - Warning: Insufficient BP valleys found, using original slicing method
2025-08-12 16:27:34,783 - DEBUG - Generated 290 valley-based slices from seg7
2025-08-12 16:27:34,784 - DEBUG - Loading Omron data from: /root/ppg2bp/data/omron.csv
2025-08-12 16:27:34,790 - DEBUG - Loaded and stored Omron data for key '00042_seg1' and '00042_seg7'
2025-08-12 16:27:34,790 - DEBUG - Loaded and stored Omron data for key '00043_seg1' and '00043_seg7'
2025-08-12 16:27:34,790 - DEBUG - Loaded and stored Omron data for key '00044_seg1' and '00044_seg7'
2025-08-12 16:27:34,791 - DEBUG - Loaded and stored Omron data for key '00016_seg1' and '00016_seg7'
2025-08-12 16:27:34,791 - DEBUG - Loaded and stored Omron data for key '00045_seg1' and '00045_seg7'
2025-08-12 16:27:34,791 - DEBUG - Loaded and stored Omron data for key '00047_seg1' and '00047_seg7'
2025-08-12 16:27:34,791 - DEBUG - Loaded and stored Omron data for key '00048_seg1' and '00048_seg7'
2025-08-12 16:27:34,791 - DEBUG - Loaded and stored Omron data for key '00049_seg1' and '00049_seg7'
2025-08-12 16:27:34,791 - DEBUG - Loaded and stored Omron data for key '00050_seg1' and '00050_seg7'
2025-08-12 16:27:34,791 - DEBUG - Loaded and stored Omron data for key '00051_seg1' and '00051_seg7'
2025-08-12 16:27:34,791 - DEBUG - Loaded and stored Omron data for key '00052_seg1' and '00052_seg7'
2025-08-12 16:27:34,792 - DEBUG - Loaded and stored Omron data for key '00003_seg1' and '00003_seg7'
2025-08-12 16:27:34,792 - DEBUG - Loaded and stored Omron data for key '00053_seg1' and '00053_seg7'
2025-08-12 16:27:34,792 - DEBUG - Loaded and stored Omron data for key '00054_seg1' and '00054_seg7'
2025-08-12 16:27:34,792 - DEBUG - Loaded and stored Omron data for key '00055_seg1' and '00055_seg7'
2025-08-12 16:27:34,792 - DEBUG - Loaded and stored Omron data for key '00056_seg1' and '00056_seg7'
2025-08-12 16:27:34,792 - DEBUG - Loaded and stored Omron data for key '00057_seg1' and '00057_seg7'
2025-08-12 16:27:34,792 - DEBUG - Loaded and stored Omron data for key '00058_seg1' and '00058_seg7'
2025-08-12 16:27:34,792 - DEBUG - Loaded and stored Omron data for key '00059_seg1' and '00059_seg7'
2025-08-12 16:27:34,793 - DEBUG - Loaded and stored Omron data for key '00060_seg1' and '00060_seg7'
2025-08-12 16:27:34,793 - DEBUG - Loaded and stored Omron data for key '00061_seg1' and '00061_seg7'
2025-08-12 16:27:34,793 - DEBUG - Loaded and stored Omron data for key '00062_seg1' and '00062_seg7'
2025-08-12 16:27:34,793 - DEBUG - Loaded and stored Omron data for key '00063_seg1' and '00063_seg7'
2025-08-12 16:27:34,793 - DEBUG - Loaded and stored Omron data for key '00064_seg1' and '00064_seg7'
2025-08-12 16:27:34,793 - DEBUG - Loaded and stored Omron data for key '00065_seg1' and '00065_seg7'
2025-08-12 16:27:34,793 - DEBUG - Loaded and stored Omron data for key '00066_seg1' and '00066_seg7'
2025-08-12 16:27:34,793 - DEBUG - Loaded and stored Omron data for key '00067_seg1' and '00067_seg7'
2025-08-12 16:27:34,793 - DEBUG - Loaded and stored Omron data for key '00068_seg1' and '00068_seg7'
2025-08-12 16:27:34,794 - DEBUG - Loaded and stored Omron data for key '00069_seg1' and '00069_seg7'
2025-08-12 16:27:34,794 - DEBUG - Loaded and stored Omron data for key '00070_seg1' and '00070_seg7'
2025-08-12 16:27:34,794 - DEBUG - Loaded and stored Omron data for key '00071_seg1' and '00071_seg7'
2025-08-12 16:27:34,794 - DEBUG - Loaded and stored Omron data for key '00072_seg1' and '00072_seg7'
2025-08-12 16:27:34,794 - DEBUG - Loaded and stored Omron data for key '00073_seg1' and '00073_seg7'
2025-08-12 16:27:34,794 - DEBUG - Loaded and stored Omron data for key '00074_seg1' and '00074_seg7'
2025-08-12 16:27:34,794 - DEBUG - Loaded and stored Omron data for key '00075_seg1' and '00075_seg7'
2025-08-12 16:27:34,794 - DEBUG - Loaded and stored Omron data for key '00076_seg1' and '00076_seg7'
2025-08-12 16:27:34,794 - DEBUG - Loaded and stored Omron data for key '00077_seg1' and '00077_seg7'
2025-08-12 16:27:34,794 - DEBUG - Loaded and stored Omron data for key '00078_seg1' and '00078_seg7'
2025-08-12 16:27:34,795 - DEBUG - Loaded and stored Omron data for key '00079_seg1' and '00079_seg7'
2025-08-12 16:27:34,795 - DEBUG - Loaded and stored Omron data for key '00080_seg1' and '00080_seg7'
2025-08-12 16:27:34,795 - DEBUG - Loaded and stored Omron data for key '00081_seg1' and '00081_seg7'
2025-08-12 16:27:34,795 - DEBUG - Loaded and stored Omron data for key '00082_seg1' and '00082_seg7'
2025-08-12 16:27:34,795 - DEBUG - Loaded and stored Omron data for key '00083_seg1' and '00083_seg7'
2025-08-12 16:27:34,795 - DEBUG - Loaded and stored Omron data for key '00084_seg1' and '00084_seg7'
2025-08-12 16:27:34,795 - DEBUG - Loaded and stored Omron data for key '00085_seg1' and '00085_seg7'
2025-08-12 16:27:34,795 - DEBUG - Loaded and stored Omron data for key '00086_seg1' and '00086_seg7'
2025-08-12 16:27:34,795 - DEBUG - Loaded and stored Omron data for key '00087_seg1' and '00087_seg7'
2025-08-12 16:27:34,795 - DEBUG - Loaded and stored Omron data for key '00088_seg1' and '00088_seg7'
2025-08-12 16:27:34,795 - DEBUG - Loaded and stored Omron data for key '00089_seg1' and '00089_seg7'
2025-08-12 16:27:34,796 - DEBUG - Loaded and stored Omron data for key '00090_seg1' and '00090_seg7'
2025-08-12 16:27:34,796 - DEBUG - Loaded and stored Omron data for key '00091_seg1' and '00091_seg7'
2025-08-12 16:27:34,796 - DEBUG - Loaded and stored Omron data for key '00092_seg1' and '00092_seg7'
2025-08-12 16:27:34,796 - DEBUG - Loaded and stored Omron data for key '00093_seg1' and '00093_seg7'
2025-08-12 16:27:34,796 - DEBUG - Loaded and stored Omron data for key '00094_seg1' and '00094_seg7'
2025-08-12 16:27:34,796 - DEBUG - Loaded and stored Omron data for key '00095_seg1' and '00095_seg7'
2025-08-12 16:27:34,796 - DEBUG - Loaded and stored Omron data for key '00096_seg1' and '00096_seg7'
2025-08-12 16:27:34,796 - DEBUG - Loaded and stored Omron data for key '00097_seg1' and '00097_seg7'
2025-08-12 16:27:34,796 - DEBUG - Loaded and stored Omron data for key '00098_seg1' and '00098_seg7'
2025-08-12 16:27:34,796 - DEBUG - Loaded and stored Omron data for key '00099_seg1' and '00099_seg7'
2025-08-12 16:27:34,797 - DEBUG - Loaded and stored Omron data for key '00100_seg1' and '00100_seg7'
2025-08-12 16:27:34,797 - DEBUG - Loaded and stored Omron data for key '00101_seg1' and '00101_seg7'
2025-08-12 16:27:34,797 - DEBUG - Loaded and stored Omron data for key '00102_seg1' and '00102_seg7'
2025-08-12 16:27:34,797 - DEBUG - Loaded and stored Omron data for key '00103_seg1' and '00103_seg7'
2025-08-12 16:27:34,797 - DEBUG - Loaded and stored Omron data for key '00105_seg1' and '00105_seg7'
2025-08-12 16:27:34,797 - DEBUG - Loaded and stored Omron data for key '00106_seg1' and '00106_seg7'
2025-08-12 16:27:34,797 - DEBUG - Loaded and stored Omron data for key '00107_seg1' and '00107_seg7'
2025-08-12 16:27:34,797 - DEBUG - Loaded and stored Omron data for key '00108_seg1' and '00108_seg7'
2025-08-12 16:27:34,797 - DEBUG - Loaded and stored Omron data for key '00109_seg1' and '00109_seg7'
2025-08-12 16:27:34,798 - DEBUG - Loaded and stored Omron data for key '00110_seg1' and '00110_seg7'
2025-08-12 16:27:34,798 - DEBUG - Loaded and stored Omron data for key '00111_seg1' and '00111_seg7'
2025-08-12 16:27:34,798 - DEBUG - Loaded and stored Omron data for key '00112_seg1' and '00112_seg7'
2025-08-12 16:27:34,798 - DEBUG - No Omron data for 00104 seg1
2025-08-12 16:27:34,798 - DEBUG - Processing 00104 - seg1
2025-08-12 16:27:38,225 - DEBUG - Loading Omron data from: /root/ppg2bp/data/omron.csv
2025-08-12 16:27:38,232 - DEBUG - Loaded and stored Omron data for key '00042_seg1' and '00042_seg7'
2025-08-12 16:27:38,232 - DEBUG - Loaded and stored Omron data for key '00043_seg1' and '00043_seg7'
2025-08-12 16:27:38,232 - DEBUG - Loaded and stored Omron data for key '00044_seg1' and '00044_seg7'
2025-08-12 16:27:38,232 - DEBUG - Loaded and stored Omron data for key '00016_seg1' and '00016_seg7'
2025-08-12 16:27:38,232 - DEBUG - Loaded and stored Omron data for key '00045_seg1' and '00045_seg7'
2025-08-12 16:27:38,233 - DEBUG - Loaded and stored Omron data for key '00047_seg1' and '00047_seg7'
2025-08-12 16:27:38,233 - DEBUG - Loaded and stored Omron data for key '00048_seg1' and '00048_seg7'
2025-08-12 16:27:38,233 - DEBUG - Loaded and stored Omron data for key '00049_seg1' and '00049_seg7'
2025-08-12 16:27:38,233 - DEBUG - Loaded and stored Omron data for key '00050_seg1' and '00050_seg7'
2025-08-12 16:27:38,233 - DEBUG - Loaded and stored Omron data for key '00051_seg1' and '00051_seg7'
2025-08-12 16:27:38,233 - DEBUG - Loaded and stored Omron data for key '00052_seg1' and '00052_seg7'
2025-08-12 16:27:38,233 - DEBUG - Loaded and stored Omron data for key '00003_seg1' and '00003_seg7'
2025-08-12 16:27:38,233 - DEBUG - Loaded and stored Omron data for key '00053_seg1' and '00053_seg7'
2025-08-12 16:27:38,233 - DEBUG - Loaded and stored Omron data for key '00054_seg1' and '00054_seg7'
2025-08-12 16:27:38,234 - DEBUG - Loaded and stored Omron data for key '00055_seg1' and '00055_seg7'
2025-08-12 16:27:38,234 - DEBUG - Loaded and stored Omron data for key '00056_seg1' and '00056_seg7'
2025-08-12 16:27:38,234 - DEBUG - Loaded and stored Omron data for key '00057_seg1' and '00057_seg7'
2025-08-12 16:27:38,234 - DEBUG - Loaded and stored Omron data for key '00058_seg1' and '00058_seg7'
2025-08-12 16:27:38,234 - DEBUG - Loaded and stored Omron data for key '00059_seg1' and '00059_seg7'
2025-08-12 16:27:38,234 - DEBUG - Loaded and stored Omron data for key '00060_seg1' and '00060_seg7'
2025-08-12 16:27:38,234 - DEBUG - Loaded and stored Omron data for key '00061_seg1' and '00061_seg7'
2025-08-12 16:27:38,234 - DEBUG - Loaded and stored Omron data for key '00062_seg1' and '00062_seg7'
2025-08-12 16:27:38,234 - DEBUG - Loaded and stored Omron data for key '00063_seg1' and '00063_seg7'
2025-08-12 16:27:38,235 - DEBUG - Loaded and stored Omron data for key '00064_seg1' and '00064_seg7'
2025-08-12 16:27:38,235 - DEBUG - Loaded and stored Omron data for key '00065_seg1' and '00065_seg7'
2025-08-12 16:27:38,235 - DEBUG - Loaded and stored Omron data for key '00066_seg1' and '00066_seg7'
2025-08-12 16:27:38,235 - DEBUG - Loaded and stored Omron data for key '00067_seg1' and '00067_seg7'
2025-08-12 16:27:38,235 - DEBUG - Loaded and stored Omron data for key '00068_seg1' and '00068_seg7'
2025-08-12 16:27:38,235 - DEBUG - Loaded and stored Omron data for key '00069_seg1' and '00069_seg7'
2025-08-12 16:27:38,235 - DEBUG - Loaded and stored Omron data for key '00070_seg1' and '00070_seg7'
2025-08-12 16:27:38,235 - DEBUG - Loaded and stored Omron data for key '00071_seg1' and '00071_seg7'
2025-08-12 16:27:38,236 - DEBUG - Loaded and stored Omron data for key '00072_seg1' and '00072_seg7'
2025-08-12 16:27:38,236 - DEBUG - Loaded and stored Omron data for key '00073_seg1' and '00073_seg7'
2025-08-12 16:27:38,236 - DEBUG - Loaded and stored Omron data for key '00074_seg1' and '00074_seg7'
2025-08-12 16:27:38,236 - DEBUG - Loaded and stored Omron data for key '00075_seg1' and '00075_seg7'
2025-08-12 16:27:38,236 - DEBUG - Loaded and stored Omron data for key '00076_seg1' and '00076_seg7'
2025-08-12 16:27:38,236 - DEBUG - Loaded and stored Omron data for key '00077_seg1' and '00077_seg7'
2025-08-12 16:27:38,236 - DEBUG - Loaded and stored Omron data for key '00078_seg1' and '00078_seg7'
2025-08-12 16:27:38,236 - DEBUG - Loaded and stored Omron data for key '00079_seg1' and '00079_seg7'
2025-08-12 16:27:38,236 - DEBUG - Loaded and stored Omron data for key '00080_seg1' and '00080_seg7'
2025-08-12 16:27:38,236 - DEBUG - Loaded and stored Omron data for key '00081_seg1' and '00081_seg7'
2025-08-12 16:27:38,236 - DEBUG - Loaded and stored Omron data for key '00082_seg1' and '00082_seg7'
2025-08-12 16:27:38,237 - DEBUG - Loaded and stored Omron data for key '00083_seg1' and '00083_seg7'
2025-08-12 16:27:38,237 - DEBUG - Loaded and stored Omron data for key '00084_seg1' and '00084_seg7'
2025-08-12 16:27:38,237 - DEBUG - Loaded and stored Omron data for key '00085_seg1' and '00085_seg7'
2025-08-12 16:27:38,237 - DEBUG - Loaded and stored Omron data for key '00086_seg1' and '00086_seg7'
2025-08-12 16:27:38,237 - DEBUG - Loaded and stored Omron data for key '00087_seg1' and '00087_seg7'
2025-08-12 16:27:38,237 - DEBUG - Loaded and stored Omron data for key '00088_seg1' and '00088_seg7'
2025-08-12 16:27:38,237 - DEBUG - Loaded and stored Omron data for key '00089_seg1' and '00089_seg7'
2025-08-12 16:27:38,237 - DEBUG - Loaded and stored Omron data for key '00090_seg1' and '00090_seg7'
2025-08-12 16:27:38,237 - DEBUG - Loaded and stored Omron data for key '00091_seg1' and '00091_seg7'
2025-08-12 16:27:38,237 - DEBUG - Loaded and stored Omron data for key '00092_seg1' and '00092_seg7'
2025-08-12 16:27:38,238 - DEBUG - Loaded and stored Omron data for key '00093_seg1' and '00093_seg7'
2025-08-12 16:27:38,238 - DEBUG - Loaded and stored Omron data for key '00094_seg1' and '00094_seg7'
2025-08-12 16:27:38,238 - DEBUG - Loaded and stored Omron data for key '00095_seg1' and '00095_seg7'
2025-08-12 16:27:38,238 - DEBUG - Loaded and stored Omron data for key '00096_seg1' and '00096_seg7'
2025-08-12 16:27:38,238 - DEBUG - Loaded and stored Omron data for key '00097_seg1' and '00097_seg7'
2025-08-12 16:27:38,238 - DEBUG - Loaded and stored Omron data for key '00098_seg1' and '00098_seg7'
2025-08-12 16:27:38,238 - DEBUG - Loaded and stored Omron data for key '00099_seg1' and '00099_seg7'
2025-08-12 16:27:38,238 - DEBUG - Loaded and stored Omron data for key '00100_seg1' and '00100_seg7'
2025-08-12 16:27:38,238 - DEBUG - Loaded and stored Omron data for key '00101_seg1' and '00101_seg7'
2025-08-12 16:27:38,238 - DEBUG - Loaded and stored Omron data for key '00102_seg1' and '00102_seg7'
2025-08-12 16:27:38,239 - DEBUG - Loaded and stored Omron data for key '00103_seg1' and '00103_seg7'
2025-08-12 16:27:38,239 - DEBUG - Loaded and stored Omron data for key '00105_seg1' and '00105_seg7'
2025-08-12 16:27:38,239 - DEBUG - Loaded and stored Omron data for key '00106_seg1' and '00106_seg7'
2025-08-12 16:27:38,239 - DEBUG - Loaded and stored Omron data for key '00107_seg1' and '00107_seg7'
2025-08-12 16:27:38,239 - DEBUG - Loaded and stored Omron data for key '00108_seg1' and '00108_seg7'
2025-08-12 16:27:38,239 - DEBUG - Loaded and stored Omron data for key '00109_seg1' and '00109_seg7'
2025-08-12 16:27:38,239 - DEBUG - Loaded and stored Omron data for key '00110_seg1' and '00110_seg7'
2025-08-12 16:27:38,239 - DEBUG - Loaded and stored Omron data for key '00111_seg1' and '00111_seg7'
2025-08-12 16:27:38,239 - DEBUG - Loaded and stored Omron data for key '00112_seg1' and '00112_seg7'
2025-08-12 16:27:38,239 - DEBUG - No Omron data for 00104 seg1
2025-08-12 16:27:39,637 - DEBUG - Saved calibrated BP data to: ./data/processed/moved/00104/seg1_bp.csv
2025-08-12 16:27:40,916 - DEBUG - Filtering: 66678 points, range before=(89972.0000, 92977.0000), after=(-173.4795, 295.4033)
2025-08-12 16:27:41,884 - DEBUG - Filtering: 66677 points, range before=(102007.0000, 115693.0000), after=(-1752.8744, 1913.7986)
2025-08-12 16:27:42,815 - DEBUG - Filtering: 66677 points, range before=(120554.0000, 121498.0000), after=(-92.7999, 136.4973)
2025-08-12 16:27:43,829 - DEBUG - Filtering: 66677 points, range before=(114591.0000, 125308.0000), after=(-762.3270, 912.5944)
2025-08-12 16:27:43,854 - DEBUG - Available sensors for seg1: ['sensor2', 'sensor3', 'sensor4', 'sensor5'] (4/4)
2025-08-12 16:27:46,447 - DEBUG - Loaded HR data: average 56.0 bpm
2025-08-12 16:27:46,546 - DEBUG - Using provided HR: 56.0 bpm, RR interval: 1.071s
2025-08-12 16:27:46,686 - DEBUG - Found 560 BP valleys in 60007 samples (600.1s), HR: 56 bpm
2025-08-12 16:27:46,698 - DEBUG - Created 550 valley-based slices from 560 valleys
2025-08-12 16:27:46,699 - DEBUG - Generated 550 valley-based slices from seg1
2025-08-12 16:27:46,699 - DEBUG - Processing 00104 - seg7
2025-08-12 16:27:47,762 - DEBUG - Loading Omron data from: /root/ppg2bp/data/omron.csv
2025-08-12 16:27:47,768 - DEBUG - Loaded and stored Omron data for key '00042_seg1' and '00042_seg7'
2025-08-12 16:27:47,769 - DEBUG - Loaded and stored Omron data for key '00043_seg1' and '00043_seg7'
2025-08-12 16:27:47,769 - DEBUG - Loaded and stored Omron data for key '00044_seg1' and '00044_seg7'
2025-08-12 16:27:47,769 - DEBUG - Loaded and stored Omron data for key '00016_seg1' and '00016_seg7'
2025-08-12 16:27:47,769 - DEBUG - Loaded and stored Omron data for key '00045_seg1' and '00045_seg7'
2025-08-12 16:27:47,769 - DEBUG - Loaded and stored Omron data for key '00047_seg1' and '00047_seg7'
2025-08-12 16:27:47,770 - DEBUG - Loaded and stored Omron data for key '00048_seg1' and '00048_seg7'
2025-08-12 16:27:47,770 - DEBUG - Loaded and stored Omron data for key '00049_seg1' and '00049_seg7'
2025-08-12 16:27:47,770 - DEBUG - Loaded and stored Omron data for key '00050_seg1' and '00050_seg7'
2025-08-12 16:27:47,770 - DEBUG - Loaded and stored Omron data for key '00051_seg1' and '00051_seg7'
2025-08-12 16:27:47,770 - DEBUG - Loaded and stored Omron data for key '00052_seg1' and '00052_seg7'
2025-08-12 16:27:47,770 - DEBUG - Loaded and stored Omron data for key '00003_seg1' and '00003_seg7'
2025-08-12 16:27:47,770 - DEBUG - Loaded and stored Omron data for key '00053_seg1' and '00053_seg7'
2025-08-12 16:27:47,770 - DEBUG - Loaded and stored Omron data for key '00054_seg1' and '00054_seg7'
2025-08-12 16:27:47,770 - DEBUG - Loaded and stored Omron data for key '00055_seg1' and '00055_seg7'
2025-08-12 16:27:47,771 - DEBUG - Loaded and stored Omron data for key '00056_seg1' and '00056_seg7'
2025-08-12 16:27:47,771 - DEBUG - Loaded and stored Omron data for key '00057_seg1' and '00057_seg7'
2025-08-12 16:27:47,771 - DEBUG - Loaded and stored Omron data for key '00058_seg1' and '00058_seg7'
2025-08-12 16:27:47,771 - DEBUG - Loaded and stored Omron data for key '00059_seg1' and '00059_seg7'
2025-08-12 16:27:47,771 - DEBUG - Loaded and stored Omron data for key '00060_seg1' and '00060_seg7'
2025-08-12 16:27:47,771 - DEBUG - Loaded and stored Omron data for key '00061_seg1' and '00061_seg7'
2025-08-12 16:27:47,771 - DEBUG - Loaded and stored Omron data for key '00062_seg1' and '00062_seg7'
2025-08-12 16:27:47,771 - DEBUG - Loaded and stored Omron data for key '00063_seg1' and '00063_seg7'
2025-08-12 16:27:47,771 - DEBUG - Loaded and stored Omron data for key '00064_seg1' and '00064_seg7'
2025-08-12 16:27:47,772 - DEBUG - Loaded and stored Omron data for key '00065_seg1' and '00065_seg7'
2025-08-12 16:27:47,772 - DEBUG - Loaded and stored Omron data for key '00066_seg1' and '00066_seg7'
2025-08-12 16:27:47,772 - DEBUG - Loaded and stored Omron data for key '00067_seg1' and '00067_seg7'
2025-08-12 16:27:47,772 - DEBUG - Loaded and stored Omron data for key '00068_seg1' and '00068_seg7'
2025-08-12 16:27:47,772 - DEBUG - Loaded and stored Omron data for key '00069_seg1' and '00069_seg7'
2025-08-12 16:27:47,772 - DEBUG - Loaded and stored Omron data for key '00070_seg1' and '00070_seg7'
2025-08-12 16:27:47,772 - DEBUG - Loaded and stored Omron data for key '00071_seg1' and '00071_seg7'
2025-08-12 16:27:47,772 - DEBUG - Loaded and stored Omron data for key '00072_seg1' and '00072_seg7'
2025-08-12 16:27:47,772 - DEBUG - Loaded and stored Omron data for key '00073_seg1' and '00073_seg7'
2025-08-12 16:27:47,773 - DEBUG - Loaded and stored Omron data for key '00074_seg1' and '00074_seg7'
2025-08-12 16:27:47,773 - DEBUG - Loaded and stored Omron data for key '00075_seg1' and '00075_seg7'
2025-08-12 16:27:47,773 - DEBUG - Loaded and stored Omron data for key '00076_seg1' and '00076_seg7'
2025-08-12 16:27:47,773 - DEBUG - Loaded and stored Omron data for key '00077_seg1' and '00077_seg7'
2025-08-12 16:27:47,773 - DEBUG - Loaded and stored Omron data for key '00078_seg1' and '00078_seg7'
2025-08-12 16:27:47,773 - DEBUG - Loaded and stored Omron data for key '00079_seg1' and '00079_seg7'
2025-08-12 16:27:47,773 - DEBUG - Loaded and stored Omron data for key '00080_seg1' and '00080_seg7'
2025-08-12 16:27:47,773 - DEBUG - Loaded and stored Omron data for key '00081_seg1' and '00081_seg7'
2025-08-12 16:27:47,773 - DEBUG - Loaded and stored Omron data for key '00082_seg1' and '00082_seg7'
2025-08-12 16:27:47,773 - DEBUG - Loaded and stored Omron data for key '00083_seg1' and '00083_seg7'
2025-08-12 16:27:47,774 - DEBUG - Loaded and stored Omron data for key '00084_seg1' and '00084_seg7'
2025-08-12 16:27:47,774 - DEBUG - Loaded and stored Omron data for key '00085_seg1' and '00085_seg7'
2025-08-12 16:27:47,774 - DEBUG - Loaded and stored Omron data for key '00086_seg1' and '00086_seg7'
2025-08-12 16:27:47,774 - DEBUG - Loaded and stored Omron data for key '00087_seg1' and '00087_seg7'
2025-08-12 16:27:47,774 - DEBUG - Loaded and stored Omron data for key '00088_seg1' and '00088_seg7'
2025-08-12 16:27:47,774 - DEBUG - Loaded and stored Omron data for key '00089_seg1' and '00089_seg7'
2025-08-12 16:27:47,774 - DEBUG - Loaded and stored Omron data for key '00090_seg1' and '00090_seg7'
2025-08-12 16:27:47,774 - DEBUG - Loaded and stored Omron data for key '00091_seg1' and '00091_seg7'
2025-08-12 16:27:47,774 - DEBUG - Loaded and stored Omron data for key '00092_seg1' and '00092_seg7'
2025-08-12 16:27:47,774 - DEBUG - Loaded and stored Omron data for key '00093_seg1' and '00093_seg7'
2025-08-12 16:27:47,774 - DEBUG - Loaded and stored Omron data for key '00094_seg1' and '00094_seg7'
2025-08-12 16:27:47,775 - DEBUG - Loaded and stored Omron data for key '00095_seg1' and '00095_seg7'
2025-08-12 16:27:47,775 - DEBUG - Loaded and stored Omron data for key '00096_seg1' and '00096_seg7'
2025-08-12 16:27:47,775 - DEBUG - Loaded and stored Omron data for key '00097_seg1' and '00097_seg7'
2025-08-12 16:27:47,775 - DEBUG - Loaded and stored Omron data for key '00098_seg1' and '00098_seg7'
2025-08-12 16:27:47,775 - DEBUG - Loaded and stored Omron data for key '00099_seg1' and '00099_seg7'
2025-08-12 16:27:47,775 - DEBUG - Loaded and stored Omron data for key '00100_seg1' and '00100_seg7'
2025-08-12 16:27:47,775 - DEBUG - Loaded and stored Omron data for key '00101_seg1' and '00101_seg7'
2025-08-12 16:27:47,775 - DEBUG - Loaded and stored Omron data for key '00102_seg1' and '00102_seg7'
2025-08-12 16:27:47,775 - DEBUG - Loaded and stored Omron data for key '00103_seg1' and '00103_seg7'
2025-08-12 16:27:47,776 - DEBUG - Loaded and stored Omron data for key '00105_seg1' and '00105_seg7'
2025-08-12 16:27:47,776 - DEBUG - Loaded and stored Omron data for key '00106_seg1' and '00106_seg7'
2025-08-12 16:27:47,776 - DEBUG - Loaded and stored Omron data for key '00107_seg1' and '00107_seg7'
2025-08-12 16:27:47,776 - DEBUG - Loaded and stored Omron data for key '00108_seg1' and '00108_seg7'
2025-08-12 16:27:47,776 - DEBUG - Loaded and stored Omron data for key '00109_seg1' and '00109_seg7'
2025-08-12 16:27:47,776 - DEBUG - Loaded and stored Omron data for key '00110_seg1' and '00110_seg7'
2025-08-12 16:27:47,776 - DEBUG - Loaded and stored Omron data for key '00111_seg1' and '00111_seg7'
2025-08-12 16:27:47,776 - DEBUG - Loaded and stored Omron data for key '00112_seg1' and '00112_seg7'
2025-08-12 16:27:47,776 - DEBUG - No Omron data for 00104 seg1
2025-08-12 16:27:48,463 - DEBUG - Saved calibrated BP data to: ./data/processed/moved/00104/seg7_bp.csv
2025-08-12 16:27:49,072 - DEBUG - Filtering: 33341 points, range before=(98800.0000, 102462.0000), after=(-440.5534, 542.1980)
2025-08-12 16:27:49,622 - DEBUG - Filtering: 33340 points, range before=(98248.0000, 104843.0000), after=(-1213.3939, 1379.6329)
2025-08-12 16:27:50,190 - DEBUG - Filtering: 33339 points, range before=(123068.0000, 125349.0000), after=(-210.5850, 268.4831)
2025-08-12 16:27:50,713 - DEBUG - Filtering: 33339 points, range before=(104694.0000, 110489.0000), after=(-335.2364, 265.1303)
2025-08-12 16:27:50,721 - DEBUG - Available sensors for seg7: ['sensor2', 'sensor3', 'sensor4', 'sensor5'] (4/4)
2025-08-12 16:27:51,556 - DEBUG - Loaded HR data: average 64.7 bpm
2025-08-12 16:27:51,584 - DEBUG - Using provided HR: 64.7 bpm, RR interval: 0.927s
2025-08-12 16:27:51,644 - DEBUG - Found 0 BP valleys in 30002 samples (300.0s), HR: 65 bpm
2025-08-12 16:27:51,646 - DEBUG - Warning: Insufficient BP valleys found, using original slicing method
2025-08-12 16:27:51,652 - DEBUG - Generated 290 valley-based slices from seg7
2025-08-12 16:27:52,333 - DEBUG - Generated 10904 samples for validation set (combined)
2025-08-12 16:27:52,333 - DEBUG - PPG shape: (10904, 4, 1000), BP shape: (10904, 1000), Mask shape: (10904, 4)
2025-08-12 16:27:52,334 - DEBUG -   sensor2 availability: 97.3%
2025-08-12 16:27:52,335 - DEBUG -   sensor3 availability: 97.3%
2025-08-12 16:27:52,335 - DEBUG -   sensor4 availability: 82.5%
2025-08-12 16:27:52,335 - DEBUG -   sensor5 availability: 100.0%
2025-08-12 16:27:53,925 - DEBUG - Saved combined dataset to ./data/processed/validation_data.npz
2025-08-12 16:29:41,347 - DEBUG - Generated 7659 samples for validation set (seg1 only)
2025-08-12 16:29:41,936 - DEBUG - Saved seg1 dataset to ./data/processed/validation_seg1_data.npz
2025-08-12 16:29:41,955 - DEBUG - Generated 3245 samples for validation set (seg7 only)
2025-08-12 16:29:42,040 - DEBUG - Saved seg7 dataset to ./data/processed/validation_seg7_data.npz
2025-08-12 16:29:42,086 - DEBUG - Generating TEST SET
2025-08-12 16:29:42,086 - DEBUG - Loading Omron data from: /root/ppg2bp/data/omron.csv
2025-08-12 16:29:42,088 - DEBUG - Loaded and stored Omron data for key '00042_seg1' and '00042_seg7'
2025-08-12 16:29:42,088 - DEBUG - Loaded and stored Omron data for key '00043_seg1' and '00043_seg7'
2025-08-12 16:29:42,088 - DEBUG - Loaded and stored Omron data for key '00044_seg1' and '00044_seg7'
2025-08-12 16:29:42,088 - DEBUG - Loaded and stored Omron data for key '00016_seg1' and '00016_seg7'
2025-08-12 16:29:42,088 - DEBUG - Loaded and stored Omron data for key '00045_seg1' and '00045_seg7'
2025-08-12 16:29:42,088 - DEBUG - Loaded and stored Omron data for key '00047_seg1' and '00047_seg7'
2025-08-12 16:29:42,089 - DEBUG - Loaded and stored Omron data for key '00048_seg1' and '00048_seg7'
2025-08-12 16:29:42,089 - DEBUG - Loaded and stored Omron data for key '00049_seg1' and '00049_seg7'
2025-08-12 16:29:42,089 - DEBUG - Loaded and stored Omron data for key '00050_seg1' and '00050_seg7'
2025-08-12 16:29:42,089 - DEBUG - Loaded and stored Omron data for key '00051_seg1' and '00051_seg7'
2025-08-12 16:29:42,089 - DEBUG - Loaded and stored Omron data for key '00052_seg1' and '00052_seg7'
2025-08-12 16:29:42,089 - DEBUG - Loaded and stored Omron data for key '00003_seg1' and '00003_seg7'
2025-08-12 16:29:42,089 - DEBUG - Loaded and stored Omron data for key '00053_seg1' and '00053_seg7'
2025-08-12 16:29:42,089 - DEBUG - Loaded and stored Omron data for key '00054_seg1' and '00054_seg7'
2025-08-12 16:29:42,089 - DEBUG - Loaded and stored Omron data for key '00055_seg1' and '00055_seg7'
2025-08-12 16:29:42,089 - DEBUG - Loaded and stored Omron data for key '00056_seg1' and '00056_seg7'
2025-08-12 16:29:42,090 - DEBUG - Loaded and stored Omron data for key '00057_seg1' and '00057_seg7'
2025-08-12 16:29:42,090 - DEBUG - Loaded and stored Omron data for key '00058_seg1' and '00058_seg7'
2025-08-12 16:29:42,090 - DEBUG - Loaded and stored Omron data for key '00059_seg1' and '00059_seg7'
2025-08-12 16:29:42,090 - DEBUG - Loaded and stored Omron data for key '00060_seg1' and '00060_seg7'
2025-08-12 16:29:42,090 - DEBUG - Loaded and stored Omron data for key '00061_seg1' and '00061_seg7'
2025-08-12 16:29:42,090 - DEBUG - Loaded and stored Omron data for key '00062_seg1' and '00062_seg7'
2025-08-12 16:29:42,090 - DEBUG - Loaded and stored Omron data for key '00063_seg1' and '00063_seg7'
2025-08-12 16:29:42,090 - DEBUG - Loaded and stored Omron data for key '00064_seg1' and '00064_seg7'
2025-08-12 16:29:42,090 - DEBUG - Loaded and stored Omron data for key '00065_seg1' and '00065_seg7'
2025-08-12 16:29:42,090 - DEBUG - Loaded and stored Omron data for key '00066_seg1' and '00066_seg7'
2025-08-12 16:29:42,091 - DEBUG - Loaded and stored Omron data for key '00067_seg1' and '00067_seg7'
2025-08-12 16:29:42,091 - DEBUG - Loaded and stored Omron data for key '00068_seg1' and '00068_seg7'
2025-08-12 16:29:42,091 - DEBUG - Loaded and stored Omron data for key '00069_seg1' and '00069_seg7'
2025-08-12 16:29:42,091 - DEBUG - Loaded and stored Omron data for key '00070_seg1' and '00070_seg7'
2025-08-12 16:29:42,091 - DEBUG - Loaded and stored Omron data for key '00071_seg1' and '00071_seg7'
2025-08-12 16:29:42,091 - DEBUG - Loaded and stored Omron data for key '00072_seg1' and '00072_seg7'
2025-08-12 16:29:42,091 - DEBUG - Loaded and stored Omron data for key '00073_seg1' and '00073_seg7'
2025-08-12 16:29:42,091 - DEBUG - Loaded and stored Omron data for key '00074_seg1' and '00074_seg7'
2025-08-12 16:29:42,091 - DEBUG - Loaded and stored Omron data for key '00075_seg1' and '00075_seg7'
2025-08-12 16:29:42,091 - DEBUG - Loaded and stored Omron data for key '00076_seg1' and '00076_seg7'
2025-08-12 16:29:42,091 - DEBUG - Loaded and stored Omron data for key '00077_seg1' and '00077_seg7'
2025-08-12 16:29:42,092 - DEBUG - Loaded and stored Omron data for key '00078_seg1' and '00078_seg7'
2025-08-12 16:29:42,092 - DEBUG - Loaded and stored Omron data for key '00079_seg1' and '00079_seg7'
2025-08-12 16:29:42,092 - DEBUG - Loaded and stored Omron data for key '00080_seg1' and '00080_seg7'
2025-08-12 16:29:42,092 - DEBUG - Loaded and stored Omron data for key '00081_seg1' and '00081_seg7'
2025-08-12 16:29:42,092 - DEBUG - Loaded and stored Omron data for key '00082_seg1' and '00082_seg7'
2025-08-12 16:29:42,092 - DEBUG - Loaded and stored Omron data for key '00083_seg1' and '00083_seg7'
2025-08-12 16:29:42,092 - DEBUG - Loaded and stored Omron data for key '00084_seg1' and '00084_seg7'
2025-08-12 16:29:42,092 - DEBUG - Loaded and stored Omron data for key '00085_seg1' and '00085_seg7'
2025-08-12 16:29:42,092 - DEBUG - Loaded and stored Omron data for key '00086_seg1' and '00086_seg7'
2025-08-12 16:29:42,092 - DEBUG - Loaded and stored Omron data for key '00087_seg1' and '00087_seg7'
2025-08-12 16:29:42,093 - DEBUG - Loaded and stored Omron data for key '00088_seg1' and '00088_seg7'
2025-08-12 16:29:42,093 - DEBUG - Loaded and stored Omron data for key '00089_seg1' and '00089_seg7'
2025-08-12 16:29:42,093 - DEBUG - Loaded and stored Omron data for key '00090_seg1' and '00090_seg7'
2025-08-12 16:29:42,093 - DEBUG - Loaded and stored Omron data for key '00091_seg1' and '00091_seg7'
2025-08-12 16:29:42,093 - DEBUG - Loaded and stored Omron data for key '00092_seg1' and '00092_seg7'
2025-08-12 16:29:42,093 - DEBUG - Loaded and stored Omron data for key '00093_seg1' and '00093_seg7'
2025-08-12 16:29:42,093 - DEBUG - Loaded and stored Omron data for key '00094_seg1' and '00094_seg7'
2025-08-12 16:29:42,093 - DEBUG - Loaded and stored Omron data for key '00095_seg1' and '00095_seg7'
2025-08-12 16:29:42,093 - DEBUG - Loaded and stored Omron data for key '00096_seg1' and '00096_seg7'
2025-08-12 16:29:42,093 - DEBUG - Loaded and stored Omron data for key '00097_seg1' and '00097_seg7'
2025-08-12 16:29:42,094 - DEBUG - Loaded and stored Omron data for key '00098_seg1' and '00098_seg7'
2025-08-12 16:29:42,094 - DEBUG - Loaded and stored Omron data for key '00099_seg1' and '00099_seg7'
2025-08-12 16:29:42,094 - DEBUG - Loaded and stored Omron data for key '00100_seg1' and '00100_seg7'
2025-08-12 16:29:42,094 - DEBUG - Loaded and stored Omron data for key '00101_seg1' and '00101_seg7'
2025-08-12 16:29:42,094 - DEBUG - Loaded and stored Omron data for key '00102_seg1' and '00102_seg7'
2025-08-12 16:29:42,094 - DEBUG - Loaded and stored Omron data for key '00103_seg1' and '00103_seg7'
2025-08-12 16:29:42,094 - DEBUG - Loaded and stored Omron data for key '00105_seg1' and '00105_seg7'
2025-08-12 16:29:42,094 - DEBUG - Loaded and stored Omron data for key '00106_seg1' and '00106_seg7'
2025-08-12 16:29:42,094 - DEBUG - Loaded and stored Omron data for key '00107_seg1' and '00107_seg7'
2025-08-12 16:29:42,094 - DEBUG - Loaded and stored Omron data for key '00108_seg1' and '00108_seg7'
2025-08-12 16:29:42,095 - DEBUG - Loaded and stored Omron data for key '00109_seg1' and '00109_seg7'
2025-08-12 16:29:42,095 - DEBUG - Loaded and stored Omron data for key '00110_seg1' and '00110_seg7'
2025-08-12 16:29:42,095 - DEBUG - Loaded and stored Omron data for key '00111_seg1' and '00111_seg7'
2025-08-12 16:29:42,095 - DEBUG - Loaded and stored Omron data for key '00112_seg1' and '00112_seg7'
2025-08-12 16:29:45,741 - DEBUG - Biopac BP values for seg1: SBP=95.2, DBP=62.1 (zeros excluded)
2025-08-12 16:29:45,933 - DEBUG - Calculated shift amount for 00105: +5.3 mmHg
2025-08-12 16:29:45,934 - DEBUG - Processing 00105 - seg1
2025-08-12 16:29:51,645 - DEBUG - Saved calibrated BP data to: ./data/processed/moved/00105/seg1_bp.csv
2025-08-12 16:29:51,856 - DEBUG - Filtering: 66676 points, range before=(27189.0000, 103547.0000), after=(-35681.3791, 19748.7106)
2025-08-12 16:29:52,019 - DEBUG - Filtering: 66676 points, range before=(101057.0000, 113994.0000), after=(-1911.3458, 1614.3462)
2025-08-12 16:29:52,177 - DEBUG - Filtering: 66677 points, range before=(115367.0000, 126420.0000), after=(-1357.6845, 1544.8400)
2025-08-12 16:29:52,362 - DEBUG - Filtering: 66677 points, range before=(125097.0000, 166115.0000), after=(-7372.8661, 6877.6593)
2025-08-12 16:29:52,377 - DEBUG - Available sensors for seg1: ['sensor2', 'sensor3', 'sensor4', 'sensor5'] (4/4)
2025-08-12 16:29:53,409 - DEBUG - Loaded HR data: average 73.3 bpm
2025-08-12 16:29:53,421 - DEBUG - Using provided HR: 73.3 bpm, RR interval: 0.818s
2025-08-12 16:29:53,527 - DEBUG - Found 733 BP valleys in 60005 samples (600.0s), HR: 73 bpm
2025-08-12 16:29:53,535 - DEBUG - Created 720 valley-based slices from 733 valleys
2025-08-12 16:29:53,536 - DEBUG - Generated 720 valley-based slices from seg1
2025-08-12 16:29:53,536 - DEBUG - Processing 00105 - seg7
2025-08-12 16:29:55,127 - DEBUG - Saved calibrated BP data to: ./data/processed/moved/00105/seg7_bp.csv
2025-08-12 16:29:55,233 - DEBUG - Filtering: 33342 points, range before=(90938.0000, 109141.0000), after=(-2794.3267, 3069.0353)
2025-08-12 16:29:55,337 - DEBUG - Filtering: 33342 points, range before=(101803.0000, 113472.0000), after=(-1650.3035, 1867.1073)
2025-08-12 16:29:55,428 - DEBUG - Filtering: 33344 points, range before=(122853.0000, 127078.0000), after=(-518.5689, 324.5556)
2025-08-12 16:29:55,527 - DEBUG - Filtering: 33343 points, range before=(124256.0000, 161813.0000), after=(-13141.1967, 9432.1525)
2025-08-12 16:29:55,528 - DEBUG - Available sensors for seg7: ['sensor2', 'sensor3', 'sensor4', 'sensor5'] (4/4)
2025-08-12 16:29:55,942 - DEBUG - Loaded HR data: average 70.3 bpm
2025-08-12 16:29:55,943 - DEBUG - Using provided HR: 70.3 bpm, RR interval: 0.854s
2025-08-12 16:29:56,015 - DEBUG - Found 0 BP valleys in 30006 samples (300.1s), HR: 70 bpm
2025-08-12 16:29:56,015 - DEBUG - Warning: Insufficient BP valleys found, using original slicing method
2025-08-12 16:29:56,018 - DEBUG - Generated 290 valley-based slices from seg7
2025-08-12 16:29:56,018 - DEBUG - Loading Omron data from: /root/ppg2bp/data/omron.csv
2025-08-12 16:29:56,020 - DEBUG - Loaded and stored Omron data for key '00042_seg1' and '00042_seg7'
2025-08-12 16:29:56,020 - DEBUG - Loaded and stored Omron data for key '00043_seg1' and '00043_seg7'
2025-08-12 16:29:56,020 - DEBUG - Loaded and stored Omron data for key '00044_seg1' and '00044_seg7'
2025-08-12 16:29:56,020 - DEBUG - Loaded and stored Omron data for key '00016_seg1' and '00016_seg7'
2025-08-12 16:29:56,020 - DEBUG - Loaded and stored Omron data for key '00045_seg1' and '00045_seg7'
2025-08-12 16:29:56,020 - DEBUG - Loaded and stored Omron data for key '00047_seg1' and '00047_seg7'
2025-08-12 16:29:56,020 - DEBUG - Loaded and stored Omron data for key '00048_seg1' and '00048_seg7'
2025-08-12 16:29:56,021 - DEBUG - Loaded and stored Omron data for key '00049_seg1' and '00049_seg7'
2025-08-12 16:29:56,021 - DEBUG - Loaded and stored Omron data for key '00050_seg1' and '00050_seg7'
2025-08-12 16:29:56,021 - DEBUG - Loaded and stored Omron data for key '00051_seg1' and '00051_seg7'
2025-08-12 16:29:56,021 - DEBUG - Loaded and stored Omron data for key '00052_seg1' and '00052_seg7'
2025-08-12 16:29:56,021 - DEBUG - Loaded and stored Omron data for key '00003_seg1' and '00003_seg7'
2025-08-12 16:29:56,021 - DEBUG - Loaded and stored Omron data for key '00053_seg1' and '00053_seg7'
2025-08-12 16:29:56,021 - DEBUG - Loaded and stored Omron data for key '00054_seg1' and '00054_seg7'
2025-08-12 16:29:56,021 - DEBUG - Loaded and stored Omron data for key '00055_seg1' and '00055_seg7'
2025-08-12 16:29:56,021 - DEBUG - Loaded and stored Omron data for key '00056_seg1' and '00056_seg7'
2025-08-12 16:29:56,021 - DEBUG - Loaded and stored Omron data for key '00057_seg1' and '00057_seg7'
2025-08-12 16:29:56,021 - DEBUG - Loaded and stored Omron data for key '00058_seg1' and '00058_seg7'
2025-08-12 16:29:56,021 - DEBUG - Loaded and stored Omron data for key '00059_seg1' and '00059_seg7'
2025-08-12 16:29:56,022 - DEBUG - Loaded and stored Omron data for key '00060_seg1' and '00060_seg7'
2025-08-12 16:29:56,022 - DEBUG - Loaded and stored Omron data for key '00061_seg1' and '00061_seg7'
2025-08-12 16:29:56,022 - DEBUG - Loaded and stored Omron data for key '00062_seg1' and '00062_seg7'
2025-08-12 16:29:56,022 - DEBUG - Loaded and stored Omron data for key '00063_seg1' and '00063_seg7'
2025-08-12 16:29:56,022 - DEBUG - Loaded and stored Omron data for key '00064_seg1' and '00064_seg7'
2025-08-12 16:29:56,022 - DEBUG - Loaded and stored Omron data for key '00065_seg1' and '00065_seg7'
2025-08-12 16:29:56,022 - DEBUG - Loaded and stored Omron data for key '00066_seg1' and '00066_seg7'
2025-08-12 16:29:56,022 - DEBUG - Loaded and stored Omron data for key '00067_seg1' and '00067_seg7'
2025-08-12 16:29:56,022 - DEBUG - Loaded and stored Omron data for key '00068_seg1' and '00068_seg7'
2025-08-12 16:29:56,022 - DEBUG - Loaded and stored Omron data for key '00069_seg1' and '00069_seg7'
2025-08-12 16:29:56,022 - DEBUG - Loaded and stored Omron data for key '00070_seg1' and '00070_seg7'
2025-08-12 16:29:56,022 - DEBUG - Loaded and stored Omron data for key '00071_seg1' and '00071_seg7'
2025-08-12 16:29:56,023 - DEBUG - Loaded and stored Omron data for key '00072_seg1' and '00072_seg7'
2025-08-12 16:29:56,023 - DEBUG - Loaded and stored Omron data for key '00073_seg1' and '00073_seg7'
2025-08-12 16:29:56,023 - DEBUG - Loaded and stored Omron data for key '00074_seg1' and '00074_seg7'
2025-08-12 16:29:56,023 - DEBUG - Loaded and stored Omron data for key '00075_seg1' and '00075_seg7'
2025-08-12 16:29:56,023 - DEBUG - Loaded and stored Omron data for key '00076_seg1' and '00076_seg7'
2025-08-12 16:29:56,023 - DEBUG - Loaded and stored Omron data for key '00077_seg1' and '00077_seg7'
2025-08-12 16:29:56,023 - DEBUG - Loaded and stored Omron data for key '00078_seg1' and '00078_seg7'
2025-08-12 16:29:56,023 - DEBUG - Loaded and stored Omron data for key '00079_seg1' and '00079_seg7'
2025-08-12 16:29:56,023 - DEBUG - Loaded and stored Omron data for key '00080_seg1' and '00080_seg7'
2025-08-12 16:29:56,023 - DEBUG - Loaded and stored Omron data for key '00081_seg1' and '00081_seg7'
2025-08-12 16:29:56,023 - DEBUG - Loaded and stored Omron data for key '00082_seg1' and '00082_seg7'
2025-08-12 16:29:56,024 - DEBUG - Loaded and stored Omron data for key '00083_seg1' and '00083_seg7'
2025-08-12 16:29:56,024 - DEBUG - Loaded and stored Omron data for key '00084_seg1' and '00084_seg7'
2025-08-12 16:29:56,024 - DEBUG - Loaded and stored Omron data for key '00085_seg1' and '00085_seg7'
2025-08-12 16:29:56,024 - DEBUG - Loaded and stored Omron data for key '00086_seg1' and '00086_seg7'
2025-08-12 16:29:56,024 - DEBUG - Loaded and stored Omron data for key '00087_seg1' and '00087_seg7'
2025-08-12 16:29:56,024 - DEBUG - Loaded and stored Omron data for key '00088_seg1' and '00088_seg7'
2025-08-12 16:29:56,024 - DEBUG - Loaded and stored Omron data for key '00089_seg1' and '00089_seg7'
2025-08-12 16:29:56,024 - DEBUG - Loaded and stored Omron data for key '00090_seg1' and '00090_seg7'
2025-08-12 16:29:56,024 - DEBUG - Loaded and stored Omron data for key '00091_seg1' and '00091_seg7'
2025-08-12 16:29:56,024 - DEBUG - Loaded and stored Omron data for key '00092_seg1' and '00092_seg7'
2025-08-12 16:29:56,024 - DEBUG - Loaded and stored Omron data for key '00093_seg1' and '00093_seg7'
2025-08-12 16:29:56,024 - DEBUG - Loaded and stored Omron data for key '00094_seg1' and '00094_seg7'
2025-08-12 16:29:56,025 - DEBUG - Loaded and stored Omron data for key '00095_seg1' and '00095_seg7'
2025-08-12 16:29:56,025 - DEBUG - Loaded and stored Omron data for key '00096_seg1' and '00096_seg7'
2025-08-12 16:29:56,025 - DEBUG - Loaded and stored Omron data for key '00097_seg1' and '00097_seg7'
2025-08-12 16:29:56,025 - DEBUG - Loaded and stored Omron data for key '00098_seg1' and '00098_seg7'
2025-08-12 16:29:56,025 - DEBUG - Loaded and stored Omron data for key '00099_seg1' and '00099_seg7'
2025-08-12 16:29:56,025 - DEBUG - Loaded and stored Omron data for key '00100_seg1' and '00100_seg7'
2025-08-12 16:29:56,025 - DEBUG - Loaded and stored Omron data for key '00101_seg1' and '00101_seg7'
2025-08-12 16:29:56,025 - DEBUG - Loaded and stored Omron data for key '00102_seg1' and '00102_seg7'
2025-08-12 16:29:56,025 - DEBUG - Loaded and stored Omron data for key '00103_seg1' and '00103_seg7'
2025-08-12 16:29:56,025 - DEBUG - Loaded and stored Omron data for key '00105_seg1' and '00105_seg7'
2025-08-12 16:29:56,025 - DEBUG - Loaded and stored Omron data for key '00106_seg1' and '00106_seg7'
2025-08-12 16:29:56,025 - DEBUG - Loaded and stored Omron data for key '00107_seg1' and '00107_seg7'
2025-08-12 16:29:56,026 - DEBUG - Loaded and stored Omron data for key '00108_seg1' and '00108_seg7'
2025-08-12 16:29:56,026 - DEBUG - Loaded and stored Omron data for key '00109_seg1' and '00109_seg7'
2025-08-12 16:29:56,026 - DEBUG - Loaded and stored Omron data for key '00110_seg1' and '00110_seg7'
2025-08-12 16:29:56,026 - DEBUG - Loaded and stored Omron data for key '00111_seg1' and '00111_seg7'
2025-08-12 16:29:56,026 - DEBUG - Loaded and stored Omron data for key '00112_seg1' and '00112_seg7'
2025-08-12 16:29:58,968 - DEBUG - Biopac BP values for seg1: SBP=104.8, DBP=63.7 (zeros excluded)
2025-08-12 16:29:59,134 - DEBUG - No shift for 00106, delta too large (19.9 mmHg)
2025-08-12 16:29:59,135 - DEBUG - Processing 00106 - seg1
2025-08-12 16:30:02,647 - DEBUG - Loading Omron data from: /root/ppg2bp/data/omron.csv
2025-08-12 16:30:02,661 - DEBUG - Loaded and stored Omron data for key '00042_seg1' and '00042_seg7'
2025-08-12 16:30:02,665 - DEBUG - Loaded and stored Omron data for key '00043_seg1' and '00043_seg7'
2025-08-12 16:30:02,665 - DEBUG - Loaded and stored Omron data for key '00044_seg1' and '00044_seg7'
2025-08-12 16:30:02,666 - DEBUG - Loaded and stored Omron data for key '00016_seg1' and '00016_seg7'
2025-08-12 16:30:02,668 - DEBUG - Loaded and stored Omron data for key '00045_seg1' and '00045_seg7'
2025-08-12 16:30:02,671 - DEBUG - Loaded and stored Omron data for key '00047_seg1' and '00047_seg7'
2025-08-12 16:30:02,671 - DEBUG - Loaded and stored Omron data for key '00048_seg1' and '00048_seg7'
2025-08-12 16:30:02,672 - DEBUG - Loaded and stored Omron data for key '00049_seg1' and '00049_seg7'
2025-08-12 16:30:02,672 - DEBUG - Loaded and stored Omron data for key '00050_seg1' and '00050_seg7'
2025-08-12 16:30:02,672 - DEBUG - Loaded and stored Omron data for key '00051_seg1' and '00051_seg7'
2025-08-12 16:30:02,676 - DEBUG - Loaded and stored Omron data for key '00052_seg1' and '00052_seg7'
2025-08-12 16:30:02,679 - DEBUG - Loaded and stored Omron data for key '00003_seg1' and '00003_seg7'
2025-08-12 16:30:02,684 - DEBUG - Loaded and stored Omron data for key '00053_seg1' and '00053_seg7'
2025-08-12 16:30:02,689 - DEBUG - Loaded and stored Omron data for key '00054_seg1' and '00054_seg7'
2025-08-12 16:30:02,689 - DEBUG - Loaded and stored Omron data for key '00055_seg1' and '00055_seg7'
2025-08-12 16:30:02,692 - DEBUG - Loaded and stored Omron data for key '00056_seg1' and '00056_seg7'
2025-08-12 16:30:02,692 - DEBUG - Loaded and stored Omron data for key '00057_seg1' and '00057_seg7'
2025-08-12 16:30:02,693 - DEBUG - Loaded and stored Omron data for key '00058_seg1' and '00058_seg7'
2025-08-12 16:30:02,695 - DEBUG - Loaded and stored Omron data for key '00059_seg1' and '00059_seg7'
2025-08-12 16:30:02,695 - DEBUG - Loaded and stored Omron data for key '00060_seg1' and '00060_seg7'
2025-08-12 16:30:02,696 - DEBUG - Loaded and stored Omron data for key '00061_seg1' and '00061_seg7'
2025-08-12 16:30:02,698 - DEBUG - Loaded and stored Omron data for key '00062_seg1' and '00062_seg7'
2025-08-12 16:30:02,703 - DEBUG - Loaded and stored Omron data for key '00063_seg1' and '00063_seg7'
2025-08-12 16:30:02,704 - DEBUG - Loaded and stored Omron data for key '00064_seg1' and '00064_seg7'
2025-08-12 16:30:02,706 - DEBUG - Loaded and stored Omron data for key '00065_seg1' and '00065_seg7'
2025-08-12 16:30:02,706 - DEBUG - Loaded and stored Omron data for key '00066_seg1' and '00066_seg7'
2025-08-12 16:30:02,706 - DEBUG - Loaded and stored Omron data for key '00067_seg1' and '00067_seg7'
2025-08-12 16:30:02,707 - DEBUG - Loaded and stored Omron data for key '00068_seg1' and '00068_seg7'
2025-08-12 16:30:02,709 - DEBUG - Loaded and stored Omron data for key '00069_seg1' and '00069_seg7'
2025-08-12 16:30:02,715 - DEBUG - Loaded and stored Omron data for key '00070_seg1' and '00070_seg7'
2025-08-12 16:30:02,716 - DEBUG - Loaded and stored Omron data for key '00071_seg1' and '00071_seg7'
2025-08-12 16:30:02,717 - DEBUG - Loaded and stored Omron data for key '00072_seg1' and '00072_seg7'
2025-08-12 16:30:02,718 - DEBUG - Loaded and stored Omron data for key '00073_seg1' and '00073_seg7'
2025-08-12 16:30:02,718 - DEBUG - Loaded and stored Omron data for key '00074_seg1' and '00074_seg7'
2025-08-12 16:30:02,719 - DEBUG - Loaded and stored Omron data for key '00075_seg1' and '00075_seg7'
2025-08-12 16:30:02,719 - DEBUG - Loaded and stored Omron data for key '00076_seg1' and '00076_seg7'
2025-08-12 16:30:02,719 - DEBUG - Loaded and stored Omron data for key '00077_seg1' and '00077_seg7'
2025-08-12 16:30:02,719 - DEBUG - Loaded and stored Omron data for key '00078_seg1' and '00078_seg7'
2025-08-12 16:30:02,719 - DEBUG - Loaded and stored Omron data for key '00079_seg1' and '00079_seg7'
2025-08-12 16:30:02,719 - DEBUG - Loaded and stored Omron data for key '00080_seg1' and '00080_seg7'
2025-08-12 16:30:02,719 - DEBUG - Loaded and stored Omron data for key '00081_seg1' and '00081_seg7'
2025-08-12 16:30:02,719 - DEBUG - Loaded and stored Omron data for key '00082_seg1' and '00082_seg7'
2025-08-12 16:30:02,720 - DEBUG - Loaded and stored Omron data for key '00083_seg1' and '00083_seg7'
2025-08-12 16:30:02,720 - DEBUG - Loaded and stored Omron data for key '00084_seg1' and '00084_seg7'
2025-08-12 16:30:02,720 - DEBUG - Loaded and stored Omron data for key '00085_seg1' and '00085_seg7'
2025-08-12 16:30:02,720 - DEBUG - Loaded and stored Omron data for key '00086_seg1' and '00086_seg7'
2025-08-12 16:30:02,720 - DEBUG - Loaded and stored Omron data for key '00087_seg1' and '00087_seg7'
2025-08-12 16:30:02,720 - DEBUG - Loaded and stored Omron data for key '00088_seg1' and '00088_seg7'
2025-08-12 16:30:02,720 - DEBUG - Loaded and stored Omron data for key '00089_seg1' and '00089_seg7'
2025-08-12 16:30:02,720 - DEBUG - Loaded and stored Omron data for key '00090_seg1' and '00090_seg7'
2025-08-12 16:30:02,720 - DEBUG - Loaded and stored Omron data for key '00091_seg1' and '00091_seg7'
2025-08-12 16:30:02,720 - DEBUG - Loaded and stored Omron data for key '00092_seg1' and '00092_seg7'
2025-08-12 16:30:02,720 - DEBUG - Loaded and stored Omron data for key '00093_seg1' and '00093_seg7'
2025-08-12 16:30:02,721 - DEBUG - Loaded and stored Omron data for key '00094_seg1' and '00094_seg7'
2025-08-12 16:30:02,721 - DEBUG - Loaded and stored Omron data for key '00095_seg1' and '00095_seg7'
2025-08-12 16:30:02,721 - DEBUG - Loaded and stored Omron data for key '00096_seg1' and '00096_seg7'
2025-08-12 16:30:02,721 - DEBUG - Loaded and stored Omron data for key '00097_seg1' and '00097_seg7'
2025-08-12 16:30:02,721 - DEBUG - Loaded and stored Omron data for key '00098_seg1' and '00098_seg7'
2025-08-12 16:30:02,721 - DEBUG - Loaded and stored Omron data for key '00099_seg1' and '00099_seg7'
2025-08-12 16:30:02,721 - DEBUG - Loaded and stored Omron data for key '00100_seg1' and '00100_seg7'
2025-08-12 16:30:02,721 - DEBUG - Loaded and stored Omron data for key '00101_seg1' and '00101_seg7'
2025-08-12 16:30:02,721 - DEBUG - Loaded and stored Omron data for key '00102_seg1' and '00102_seg7'
2025-08-12 16:30:02,721 - DEBUG - Loaded and stored Omron data for key '00103_seg1' and '00103_seg7'
2025-08-12 16:30:02,722 - DEBUG - Loaded and stored Omron data for key '00105_seg1' and '00105_seg7'
2025-08-12 16:30:02,722 - DEBUG - Loaded and stored Omron data for key '00106_seg1' and '00106_seg7'
2025-08-12 16:30:02,722 - DEBUG - Loaded and stored Omron data for key '00107_seg1' and '00107_seg7'
2025-08-12 16:30:02,722 - DEBUG - Loaded and stored Omron data for key '00108_seg1' and '00108_seg7'
2025-08-12 16:30:02,722 - DEBUG - Loaded and stored Omron data for key '00109_seg1' and '00109_seg7'
2025-08-12 16:30:02,722 - DEBUG - Loaded and stored Omron data for key '00110_seg1' and '00110_seg7'
2025-08-12 16:30:02,722 - DEBUG - Loaded and stored Omron data for key '00111_seg1' and '00111_seg7'
2025-08-12 16:30:02,722 - DEBUG - Loaded and stored Omron data for key '00112_seg1' and '00112_seg7'
2025-08-12 16:30:08,626 - DEBUG - Biopac BP values for seg1: SBP=104.8, DBP=63.7 (zeros excluded)
2025-08-12 16:30:08,745 - DEBUG - No shift for 00106, delta too large (19.9 mmHg)
2025-08-12 16:30:11,839 - DEBUG - Saved calibrated BP data to: ./data/processed/moved/00106/seg1_bp.csv
2025-08-12 16:30:13,049 - DEBUG - Filtering: 66668 points, range before=(99009.0000, 104076.0000), after=(-631.2228, 609.5638)
2025-08-12 16:30:14,043 - DEBUG - Filtering: 66669 points, range before=(102506.0000, 115947.0000), after=(-1453.3577, 2156.3086)
2025-08-12 16:30:15,196 - DEBUG - Filtering: 66669 points, range before=(108108.0000, 112120.0000), after=(-476.2308, 418.3788)
2025-08-12 16:30:16,262 - DEBUG - Filtering: 66668 points, range before=(11406.0000, 13002.0000), after=(-93.6914, 95.0879)
2025-08-12 16:30:16,312 - DEBUG - Available sensors for seg1: ['sensor2', 'sensor3', 'sensor4', 'sensor5'] (4/4)
2025-08-12 16:30:18,721 - DEBUG - Loaded HR data: average 70.6 bpm
2025-08-12 16:30:18,742 - DEBUG - Using provided HR: 70.6 bpm, RR interval: 0.850s
2025-08-12 16:30:18,943 - DEBUG - Found 711 BP valleys in 59999 samples (600.0s), HR: 71 bpm
2025-08-12 16:30:18,993 - DEBUG - Created 699 valley-based slices from 711 valleys
2025-08-12 16:30:18,996 - DEBUG - Generated 699 valley-based slices from seg1
2025-08-12 16:30:18,998 - DEBUG - Processing 00106 - seg7
2025-08-12 16:30:20,195 - DEBUG - Loading Omron data from: /root/ppg2bp/data/omron.csv
2025-08-12 16:30:20,207 - DEBUG - Loaded and stored Omron data for key '00042_seg1' and '00042_seg7'
2025-08-12 16:30:20,208 - DEBUG - Loaded and stored Omron data for key '00043_seg1' and '00043_seg7'
2025-08-12 16:30:20,208 - DEBUG - Loaded and stored Omron data for key '00044_seg1' and '00044_seg7'
2025-08-12 16:30:20,208 - DEBUG - Loaded and stored Omron data for key '00016_seg1' and '00016_seg7'
2025-08-12 16:30:20,208 - DEBUG - Loaded and stored Omron data for key '00045_seg1' and '00045_seg7'
2025-08-12 16:30:20,208 - DEBUG - Loaded and stored Omron data for key '00047_seg1' and '00047_seg7'
2025-08-12 16:30:20,209 - DEBUG - Loaded and stored Omron data for key '00048_seg1' and '00048_seg7'
2025-08-12 16:30:20,209 - DEBUG - Loaded and stored Omron data for key '00049_seg1' and '00049_seg7'
2025-08-12 16:30:20,209 - DEBUG - Loaded and stored Omron data for key '00050_seg1' and '00050_seg7'
2025-08-12 16:30:20,209 - DEBUG - Loaded and stored Omron data for key '00051_seg1' and '00051_seg7'
2025-08-12 16:30:20,209 - DEBUG - Loaded and stored Omron data for key '00052_seg1' and '00052_seg7'
2025-08-12 16:30:20,209 - DEBUG - Loaded and stored Omron data for key '00003_seg1' and '00003_seg7'
2025-08-12 16:30:20,209 - DEBUG - Loaded and stored Omron data for key '00053_seg1' and '00053_seg7'
2025-08-12 16:30:20,209 - DEBUG - Loaded and stored Omron data for key '00054_seg1' and '00054_seg7'
2025-08-12 16:30:20,209 - DEBUG - Loaded and stored Omron data for key '00055_seg1' and '00055_seg7'
2025-08-12 16:30:20,210 - DEBUG - Loaded and stored Omron data for key '00056_seg1' and '00056_seg7'
2025-08-12 16:30:20,210 - DEBUG - Loaded and stored Omron data for key '00057_seg1' and '00057_seg7'
2025-08-12 16:30:20,210 - DEBUG - Loaded and stored Omron data for key '00058_seg1' and '00058_seg7'
2025-08-12 16:30:20,210 - DEBUG - Loaded and stored Omron data for key '00059_seg1' and '00059_seg7'
2025-08-12 16:30:20,210 - DEBUG - Loaded and stored Omron data for key '00060_seg1' and '00060_seg7'
2025-08-12 16:30:20,210 - DEBUG - Loaded and stored Omron data for key '00061_seg1' and '00061_seg7'
2025-08-12 16:30:20,210 - DEBUG - Loaded and stored Omron data for key '00062_seg1' and '00062_seg7'
2025-08-12 16:30:20,210 - DEBUG - Loaded and stored Omron data for key '00063_seg1' and '00063_seg7'
2025-08-12 16:30:20,210 - DEBUG - Loaded and stored Omron data for key '00064_seg1' and '00064_seg7'
2025-08-12 16:30:20,211 - DEBUG - Loaded and stored Omron data for key '00065_seg1' and '00065_seg7'
2025-08-12 16:30:20,211 - DEBUG - Loaded and stored Omron data for key '00066_seg1' and '00066_seg7'
2025-08-12 16:30:20,211 - DEBUG - Loaded and stored Omron data for key '00067_seg1' and '00067_seg7'
2025-08-12 16:30:20,211 - DEBUG - Loaded and stored Omron data for key '00068_seg1' and '00068_seg7'
2025-08-12 16:30:20,211 - DEBUG - Loaded and stored Omron data for key '00069_seg1' and '00069_seg7'
2025-08-12 16:30:20,211 - DEBUG - Loaded and stored Omron data for key '00070_seg1' and '00070_seg7'
2025-08-12 16:30:20,211 - DEBUG - Loaded and stored Omron data for key '00071_seg1' and '00071_seg7'
2025-08-12 16:30:20,211 - DEBUG - Loaded and stored Omron data for key '00072_seg1' and '00072_seg7'
2025-08-12 16:30:20,212 - DEBUG - Loaded and stored Omron data for key '00073_seg1' and '00073_seg7'
2025-08-12 16:30:20,212 - DEBUG - Loaded and stored Omron data for key '00074_seg1' and '00074_seg7'
2025-08-12 16:30:20,212 - DEBUG - Loaded and stored Omron data for key '00075_seg1' and '00075_seg7'
2025-08-12 16:30:20,212 - DEBUG - Loaded and stored Omron data for key '00076_seg1' and '00076_seg7'
2025-08-12 16:30:20,212 - DEBUG - Loaded and stored Omron data for key '00077_seg1' and '00077_seg7'
2025-08-12 16:30:20,212 - DEBUG - Loaded and stored Omron data for key '00078_seg1' and '00078_seg7'
2025-08-12 16:30:20,212 - DEBUG - Loaded and stored Omron data for key '00079_seg1' and '00079_seg7'
2025-08-12 16:30:20,212 - DEBUG - Loaded and stored Omron data for key '00080_seg1' and '00080_seg7'
2025-08-12 16:30:20,213 - DEBUG - Loaded and stored Omron data for key '00081_seg1' and '00081_seg7'
2025-08-12 16:30:20,213 - DEBUG - Loaded and stored Omron data for key '00082_seg1' and '00082_seg7'
2025-08-12 16:30:20,213 - DEBUG - Loaded and stored Omron data for key '00083_seg1' and '00083_seg7'
2025-08-12 16:30:20,213 - DEBUG - Loaded and stored Omron data for key '00084_seg1' and '00084_seg7'
2025-08-12 16:30:20,213 - DEBUG - Loaded and stored Omron data for key '00085_seg1' and '00085_seg7'
2025-08-12 16:30:20,213 - DEBUG - Loaded and stored Omron data for key '00086_seg1' and '00086_seg7'
2025-08-12 16:30:20,213 - DEBUG - Loaded and stored Omron data for key '00087_seg1' and '00087_seg7'
2025-08-12 16:30:20,213 - DEBUG - Loaded and stored Omron data for key '00088_seg1' and '00088_seg7'
2025-08-12 16:30:20,213 - DEBUG - Loaded and stored Omron data for key '00089_seg1' and '00089_seg7'
2025-08-12 16:30:20,214 - DEBUG - Loaded and stored Omron data for key '00090_seg1' and '00090_seg7'
2025-08-12 16:30:20,214 - DEBUG - Loaded and stored Omron data for key '00091_seg1' and '00091_seg7'
2025-08-12 16:30:20,214 - DEBUG - Loaded and stored Omron data for key '00092_seg1' and '00092_seg7'
2025-08-12 16:30:20,214 - DEBUG - Loaded and stored Omron data for key '00093_seg1' and '00093_seg7'
2025-08-12 16:30:20,214 - DEBUG - Loaded and stored Omron data for key '00094_seg1' and '00094_seg7'
2025-08-12 16:30:20,214 - DEBUG - Loaded and stored Omron data for key '00095_seg1' and '00095_seg7'
2025-08-12 16:30:20,214 - DEBUG - Loaded and stored Omron data for key '00096_seg1' and '00096_seg7'
2025-08-12 16:30:20,214 - DEBUG - Loaded and stored Omron data for key '00097_seg1' and '00097_seg7'
2025-08-12 16:30:20,215 - DEBUG - Loaded and stored Omron data for key '00098_seg1' and '00098_seg7'
2025-08-12 16:30:20,215 - DEBUG - Loaded and stored Omron data for key '00099_seg1' and '00099_seg7'
2025-08-12 16:30:20,215 - DEBUG - Loaded and stored Omron data for key '00100_seg1' and '00100_seg7'
2025-08-12 16:30:20,215 - DEBUG - Loaded and stored Omron data for key '00101_seg1' and '00101_seg7'
2025-08-12 16:30:20,215 - DEBUG - Loaded and stored Omron data for key '00102_seg1' and '00102_seg7'
2025-08-12 16:30:20,215 - DEBUG - Loaded and stored Omron data for key '00103_seg1' and '00103_seg7'
2025-08-12 16:30:20,215 - DEBUG - Loaded and stored Omron data for key '00105_seg1' and '00105_seg7'
2025-08-12 16:30:20,215 - DEBUG - Loaded and stored Omron data for key '00106_seg1' and '00106_seg7'
2025-08-12 16:30:20,215 - DEBUG - Loaded and stored Omron data for key '00107_seg1' and '00107_seg7'
2025-08-12 16:30:20,216 - DEBUG - Loaded and stored Omron data for key '00108_seg1' and '00108_seg7'
2025-08-12 16:30:20,216 - DEBUG - Loaded and stored Omron data for key '00109_seg1' and '00109_seg7'
2025-08-12 16:30:20,216 - DEBUG - Loaded and stored Omron data for key '00110_seg1' and '00110_seg7'
2025-08-12 16:30:20,216 - DEBUG - Loaded and stored Omron data for key '00111_seg1' and '00111_seg7'
2025-08-12 16:30:20,216 - DEBUG - Loaded and stored Omron data for key '00112_seg1' and '00112_seg7'
2025-08-12 16:30:25,904 - DEBUG - Biopac BP values for seg1: SBP=104.8, DBP=63.7 (zeros excluded)
2025-08-12 16:30:26,037 - DEBUG - No shift for 00106, delta too large (19.9 mmHg)
2025-08-12 16:30:27,261 - DEBUG - Saved calibrated BP data to: ./data/processed/moved/00106/seg7_bp.csv
2025-08-12 16:30:27,369 - DEBUG - Filtering: 3411 points, range before=(100554.0000, 103037.0000), after=(-188.4541, 370.6608)
2025-08-12 16:30:27,431 - DEBUG - Filtering: 3412 points, range before=(105460.0000, 112996.0000), after=(-1246.6375, 1255.5689)
2025-08-12 16:30:27,434 - DEBUG - Warning: No valid data in ./data/raw/00106/seg7_sensor4.csv
2025-08-12 16:30:27,445 - DEBUG - Filtering: 3412 points, range before=(7762.0000, 8672.0000), after=(-92.5401, 142.2337)
2025-08-12 16:30:27,446 - DEBUG - Available sensors for seg7: ['sensor2', 'sensor3', 'sensor5'] (3/4)
2025-08-12 16:30:28,232 - DEBUG - Loaded HR data: average 66.5 bpm
2025-08-12 16:30:28,237 - DEBUG - Using provided HR: 66.5 bpm, RR interval: 0.903s
2025-08-12 16:30:28,239 - DEBUG - Found 0 BP valleys in 3079 samples (30.8s), HR: 66 bpm
2025-08-12 16:30:28,239 - DEBUG - Warning: Insufficient BP valleys found, using original slicing method
2025-08-12 16:30:28,240 - DEBUG - Generated 20 valley-based slices from seg7
2025-08-12 16:30:28,240 - DEBUG - Loading Omron data from: /root/ppg2bp/data/omron.csv
2025-08-12 16:30:28,243 - DEBUG - Loaded and stored Omron data for key '00042_seg1' and '00042_seg7'
2025-08-12 16:30:28,243 - DEBUG - Loaded and stored Omron data for key '00043_seg1' and '00043_seg7'
2025-08-12 16:30:28,243 - DEBUG - Loaded and stored Omron data for key '00044_seg1' and '00044_seg7'
2025-08-12 16:30:28,243 - DEBUG - Loaded and stored Omron data for key '00016_seg1' and '00016_seg7'
2025-08-12 16:30:28,243 - DEBUG - Loaded and stored Omron data for key '00045_seg1' and '00045_seg7'
2025-08-12 16:30:28,244 - DEBUG - Loaded and stored Omron data for key '00047_seg1' and '00047_seg7'
2025-08-12 16:30:28,244 - DEBUG - Loaded and stored Omron data for key '00048_seg1' and '00048_seg7'
2025-08-12 16:30:28,244 - DEBUG - Loaded and stored Omron data for key '00049_seg1' and '00049_seg7'
2025-08-12 16:30:28,244 - DEBUG - Loaded and stored Omron data for key '00050_seg1' and '00050_seg7'
2025-08-12 16:30:28,244 - DEBUG - Loaded and stored Omron data for key '00051_seg1' and '00051_seg7'
2025-08-12 16:30:28,244 - DEBUG - Loaded and stored Omron data for key '00052_seg1' and '00052_seg7'
2025-08-12 16:30:28,244 - DEBUG - Loaded and stored Omron data for key '00003_seg1' and '00003_seg7'
2025-08-12 16:30:28,244 - DEBUG - Loaded and stored Omron data for key '00053_seg1' and '00053_seg7'
2025-08-12 16:30:28,244 - DEBUG - Loaded and stored Omron data for key '00054_seg1' and '00054_seg7'
2025-08-12 16:30:28,245 - DEBUG - Loaded and stored Omron data for key '00055_seg1' and '00055_seg7'
2025-08-12 16:30:28,245 - DEBUG - Loaded and stored Omron data for key '00056_seg1' and '00056_seg7'
2025-08-12 16:30:28,245 - DEBUG - Loaded and stored Omron data for key '00057_seg1' and '00057_seg7'
2025-08-12 16:30:28,245 - DEBUG - Loaded and stored Omron data for key '00058_seg1' and '00058_seg7'
2025-08-12 16:30:28,245 - DEBUG - Loaded and stored Omron data for key '00059_seg1' and '00059_seg7'
2025-08-12 16:30:28,245 - DEBUG - Loaded and stored Omron data for key '00060_seg1' and '00060_seg7'
2025-08-12 16:30:28,245 - DEBUG - Loaded and stored Omron data for key '00061_seg1' and '00061_seg7'
2025-08-12 16:30:28,245 - DEBUG - Loaded and stored Omron data for key '00062_seg1' and '00062_seg7'
2025-08-12 16:30:28,245 - DEBUG - Loaded and stored Omron data for key '00063_seg1' and '00063_seg7'
2025-08-12 16:30:28,245 - DEBUG - Loaded and stored Omron data for key '00064_seg1' and '00064_seg7'
2025-08-12 16:30:28,246 - DEBUG - Loaded and stored Omron data for key '00065_seg1' and '00065_seg7'
2025-08-12 16:30:28,246 - DEBUG - Loaded and stored Omron data for key '00066_seg1' and '00066_seg7'
2025-08-12 16:30:28,246 - DEBUG - Loaded and stored Omron data for key '00067_seg1' and '00067_seg7'
2025-08-12 16:30:28,246 - DEBUG - Loaded and stored Omron data for key '00068_seg1' and '00068_seg7'
2025-08-12 16:30:28,246 - DEBUG - Loaded and stored Omron data for key '00069_seg1' and '00069_seg7'
2025-08-12 16:30:28,246 - DEBUG - Loaded and stored Omron data for key '00070_seg1' and '00070_seg7'
2025-08-12 16:30:28,246 - DEBUG - Loaded and stored Omron data for key '00071_seg1' and '00071_seg7'
2025-08-12 16:30:28,246 - DEBUG - Loaded and stored Omron data for key '00072_seg1' and '00072_seg7'
2025-08-12 16:30:28,246 - DEBUG - Loaded and stored Omron data for key '00073_seg1' and '00073_seg7'
2025-08-12 16:30:28,246 - DEBUG - Loaded and stored Omron data for key '00074_seg1' and '00074_seg7'
2025-08-12 16:30:28,247 - DEBUG - Loaded and stored Omron data for key '00075_seg1' and '00075_seg7'
2025-08-12 16:30:28,247 - DEBUG - Loaded and stored Omron data for key '00076_seg1' and '00076_seg7'
2025-08-12 16:30:28,247 - DEBUG - Loaded and stored Omron data for key '00077_seg1' and '00077_seg7'
2025-08-12 16:30:28,247 - DEBUG - Loaded and stored Omron data for key '00078_seg1' and '00078_seg7'
2025-08-12 16:30:28,247 - DEBUG - Loaded and stored Omron data for key '00079_seg1' and '00079_seg7'
2025-08-12 16:30:28,247 - DEBUG - Loaded and stored Omron data for key '00080_seg1' and '00080_seg7'
2025-08-12 16:30:28,247 - DEBUG - Loaded and stored Omron data for key '00081_seg1' and '00081_seg7'
2025-08-12 16:30:28,247 - DEBUG - Loaded and stored Omron data for key '00082_seg1' and '00082_seg7'
2025-08-12 16:30:28,247 - DEBUG - Loaded and stored Omron data for key '00083_seg1' and '00083_seg7'
2025-08-12 16:30:28,248 - DEBUG - Loaded and stored Omron data for key '00084_seg1' and '00084_seg7'
2025-08-12 16:30:28,248 - DEBUG - Loaded and stored Omron data for key '00085_seg1' and '00085_seg7'
2025-08-12 16:30:28,248 - DEBUG - Loaded and stored Omron data for key '00086_seg1' and '00086_seg7'
2025-08-12 16:30:28,248 - DEBUG - Loaded and stored Omron data for key '00087_seg1' and '00087_seg7'
2025-08-12 16:30:28,248 - DEBUG - Loaded and stored Omron data for key '00088_seg1' and '00088_seg7'
2025-08-12 16:30:28,248 - DEBUG - Loaded and stored Omron data for key '00089_seg1' and '00089_seg7'
2025-08-12 16:30:28,248 - DEBUG - Loaded and stored Omron data for key '00090_seg1' and '00090_seg7'
2025-08-12 16:30:28,248 - DEBUG - Loaded and stored Omron data for key '00091_seg1' and '00091_seg7'
2025-08-12 16:30:28,248 - DEBUG - Loaded and stored Omron data for key '00092_seg1' and '00092_seg7'
2025-08-12 16:30:28,248 - DEBUG - Loaded and stored Omron data for key '00093_seg1' and '00093_seg7'
2025-08-12 16:30:28,248 - DEBUG - Loaded and stored Omron data for key '00094_seg1' and '00094_seg7'
2025-08-12 16:30:28,249 - DEBUG - Loaded and stored Omron data for key '00095_seg1' and '00095_seg7'
2025-08-12 16:30:28,249 - DEBUG - Loaded and stored Omron data for key '00096_seg1' and '00096_seg7'
2025-08-12 16:30:28,249 - DEBUG - Loaded and stored Omron data for key '00097_seg1' and '00097_seg7'
2025-08-12 16:30:28,249 - DEBUG - Loaded and stored Omron data for key '00098_seg1' and '00098_seg7'
2025-08-12 16:30:28,249 - DEBUG - Loaded and stored Omron data for key '00099_seg1' and '00099_seg7'
2025-08-12 16:30:28,249 - DEBUG - Loaded and stored Omron data for key '00100_seg1' and '00100_seg7'
2025-08-12 16:30:28,249 - DEBUG - Loaded and stored Omron data for key '00101_seg1' and '00101_seg7'
2025-08-12 16:30:28,249 - DEBUG - Loaded and stored Omron data for key '00102_seg1' and '00102_seg7'
2025-08-12 16:30:28,249 - DEBUG - Loaded and stored Omron data for key '00103_seg1' and '00103_seg7'
2025-08-12 16:30:28,250 - DEBUG - Loaded and stored Omron data for key '00105_seg1' and '00105_seg7'
2025-08-12 16:30:28,250 - DEBUG - Loaded and stored Omron data for key '00106_seg1' and '00106_seg7'
2025-08-12 16:30:28,250 - DEBUG - Loaded and stored Omron data for key '00107_seg1' and '00107_seg7'
2025-08-12 16:30:28,250 - DEBUG - Loaded and stored Omron data for key '00108_seg1' and '00108_seg7'
2025-08-12 16:30:28,250 - DEBUG - Loaded and stored Omron data for key '00109_seg1' and '00109_seg7'
2025-08-12 16:30:28,253 - DEBUG - Loaded and stored Omron data for key '00110_seg1' and '00110_seg7'
2025-08-12 16:30:28,253 - DEBUG - Loaded and stored Omron data for key '00111_seg1' and '00111_seg7'
2025-08-12 16:30:28,256 - DEBUG - Loaded and stored Omron data for key '00112_seg1' and '00112_seg7'
2025-08-12 16:30:34,421 - DEBUG - Biopac BP values for seg1: SBP=129.6, DBP=78.2 (zeros excluded)
2025-08-12 16:30:34,543 - DEBUG - Calculated shift amount for 00107: +5.1 mmHg
2025-08-12 16:30:34,543 - DEBUG - Processing 00107 - seg1
2025-08-12 16:30:40,821 - DEBUG - Saved calibrated BP data to: ./data/processed/moved/00107/seg1_bp.csv
2025-08-12 16:30:41,144 - DEBUG - Filtering: 66670 points, range before=(88511.0000, 96354.0000), after=(-3860.9571, 1560.8715)
2025-08-12 16:30:41,446 - DEBUG - Filtering: 66669 points, range before=(94110.0000, 107536.0000), after=(-1340.1876, 1519.7715)
2025-08-12 16:30:41,819 - DEBUG - Filtering: 66670 points, range before=(114835.0000, 117636.0000), after=(-422.9234, 401.8848)
2025-08-12 16:30:42,148 - DEBUG - Filtering: 66671 points, range before=(90335.0000, 95535.0000), after=(-817.0738, 517.5046)
2025-08-12 16:30:42,171 - DEBUG - Available sensors for seg1: ['sensor2', 'sensor3', 'sensor4', 'sensor5'] (4/4)
2025-08-12 16:30:43,942 - DEBUG - Loaded HR data: average 73.6 bpm
2025-08-12 16:30:43,999 - DEBUG - Using provided HR: 73.6 bpm, RR interval: 0.815s
2025-08-12 16:30:44,243 - DEBUG - Found 736 BP valleys in 60000 samples (600.0s), HR: 74 bpm
2025-08-12 16:30:44,291 - DEBUG - Created 724 valley-based slices from 736 valleys
2025-08-12 16:30:44,294 - DEBUG - Generated 724 valley-based slices from seg1
2025-08-12 16:30:44,295 - DEBUG - Processing 00107 - seg7
2025-08-12 16:30:46,986 - DEBUG - Saved calibrated BP data to: ./data/processed/moved/00107/seg7_bp.csv
2025-08-12 16:30:47,151 - DEBUG - Filtering: 33343 points, range before=(92707.0000, 94376.0000), after=(-271.4260, 134.1129)
2025-08-12 16:30:47,347 - DEBUG - Filtering: 33344 points, range before=(91410.0000, 99733.0000), after=(-751.7212, 725.8781)
2025-08-12 16:30:47,547 - DEBUG - Filtering: 33343 points, range before=(115899.0000, 127509.0000), after=(-1798.8751, 2105.3186)
2025-08-12 16:30:47,742 - DEBUG - Filtering: 33342 points, range before=(89317.0000, 95882.0000), after=(-395.4013, 479.5927)
2025-08-12 16:30:47,744 - DEBUG - Available sensors for seg7: ['sensor2', 'sensor3', 'sensor4', 'sensor5'] (4/4)
2025-08-12 16:30:48,394 - DEBUG - Loaded HR data: average 84.1 bpm
2025-08-12 16:30:48,428 - DEBUG - Using provided HR: 84.1 bpm, RR interval: 0.713s
2025-08-12 16:30:48,506 - DEBUG - Found 0 BP valleys in 30006 samples (300.1s), HR: 84 bpm
2025-08-12 16:30:48,509 - DEBUG - Warning: Insufficient BP valleys found, using original slicing method
2025-08-12 16:30:48,530 - DEBUG - Generated 290 valley-based slices from seg7
2025-08-12 16:30:48,531 - DEBUG - Loading Omron data from: /root/ppg2bp/data/omron.csv
2025-08-12 16:30:48,533 - DEBUG - Loaded and stored Omron data for key '00042_seg1' and '00042_seg7'
2025-08-12 16:30:48,533 - DEBUG - Loaded and stored Omron data for key '00043_seg1' and '00043_seg7'
2025-08-12 16:30:48,533 - DEBUG - Loaded and stored Omron data for key '00044_seg1' and '00044_seg7'
2025-08-12 16:30:48,533 - DEBUG - Loaded and stored Omron data for key '00016_seg1' and '00016_seg7'
2025-08-12 16:30:48,533 - DEBUG - Loaded and stored Omron data for key '00045_seg1' and '00045_seg7'
2025-08-12 16:30:48,534 - DEBUG - Loaded and stored Omron data for key '00047_seg1' and '00047_seg7'
2025-08-12 16:30:48,534 - DEBUG - Loaded and stored Omron data for key '00048_seg1' and '00048_seg7'
2025-08-12 16:30:48,534 - DEBUG - Loaded and stored Omron data for key '00049_seg1' and '00049_seg7'
2025-08-12 16:30:48,534 - DEBUG - Loaded and stored Omron data for key '00050_seg1' and '00050_seg7'
2025-08-12 16:30:48,534 - DEBUG - Loaded and stored Omron data for key '00051_seg1' and '00051_seg7'
2025-08-12 16:30:48,534 - DEBUG - Loaded and stored Omron data for key '00052_seg1' and '00052_seg7'
2025-08-12 16:30:48,534 - DEBUG - Loaded and stored Omron data for key '00003_seg1' and '00003_seg7'
2025-08-12 16:30:48,534 - DEBUG - Loaded and stored Omron data for key '00053_seg1' and '00053_seg7'
2025-08-12 16:30:48,534 - DEBUG - Loaded and stored Omron data for key '00054_seg1' and '00054_seg7'
2025-08-12 16:30:48,534 - DEBUG - Loaded and stored Omron data for key '00055_seg1' and '00055_seg7'
2025-08-12 16:30:48,534 - DEBUG - Loaded and stored Omron data for key '00056_seg1' and '00056_seg7'
2025-08-12 16:30:48,535 - DEBUG - Loaded and stored Omron data for key '00057_seg1' and '00057_seg7'
2025-08-12 16:30:48,535 - DEBUG - Loaded and stored Omron data for key '00058_seg1' and '00058_seg7'
2025-08-12 16:30:48,535 - DEBUG - Loaded and stored Omron data for key '00059_seg1' and '00059_seg7'
2025-08-12 16:30:48,535 - DEBUG - Loaded and stored Omron data for key '00060_seg1' and '00060_seg7'
2025-08-12 16:30:48,535 - DEBUG - Loaded and stored Omron data for key '00061_seg1' and '00061_seg7'
2025-08-12 16:30:48,535 - DEBUG - Loaded and stored Omron data for key '00062_seg1' and '00062_seg7'
2025-08-12 16:30:48,535 - DEBUG - Loaded and stored Omron data for key '00063_seg1' and '00063_seg7'
2025-08-12 16:30:48,535 - DEBUG - Loaded and stored Omron data for key '00064_seg1' and '00064_seg7'
2025-08-12 16:30:48,535 - DEBUG - Loaded and stored Omron data for key '00065_seg1' and '00065_seg7'
2025-08-12 16:30:48,535 - DEBUG - Loaded and stored Omron data for key '00066_seg1' and '00066_seg7'
2025-08-12 16:30:48,535 - DEBUG - Loaded and stored Omron data for key '00067_seg1' and '00067_seg7'
2025-08-12 16:30:48,535 - DEBUG - Loaded and stored Omron data for key '00068_seg1' and '00068_seg7'
2025-08-12 16:30:48,536 - DEBUG - Loaded and stored Omron data for key '00069_seg1' and '00069_seg7'
2025-08-12 16:30:48,536 - DEBUG - Loaded and stored Omron data for key '00070_seg1' and '00070_seg7'
2025-08-12 16:30:48,536 - DEBUG - Loaded and stored Omron data for key '00071_seg1' and '00071_seg7'
2025-08-12 16:30:48,536 - DEBUG - Loaded and stored Omron data for key '00072_seg1' and '00072_seg7'
2025-08-12 16:30:48,536 - DEBUG - Loaded and stored Omron data for key '00073_seg1' and '00073_seg7'
2025-08-12 16:30:48,536 - DEBUG - Loaded and stored Omron data for key '00074_seg1' and '00074_seg7'
2025-08-12 16:30:48,536 - DEBUG - Loaded and stored Omron data for key '00075_seg1' and '00075_seg7'
2025-08-12 16:30:48,536 - DEBUG - Loaded and stored Omron data for key '00076_seg1' and '00076_seg7'
2025-08-12 16:30:48,536 - DEBUG - Loaded and stored Omron data for key '00077_seg1' and '00077_seg7'
2025-08-12 16:30:48,536 - DEBUG - Loaded and stored Omron data for key '00078_seg1' and '00078_seg7'
2025-08-12 16:30:48,536 - DEBUG - Loaded and stored Omron data for key '00079_seg1' and '00079_seg7'
2025-08-12 16:30:48,536 - DEBUG - Loaded and stored Omron data for key '00080_seg1' and '00080_seg7'
2025-08-12 16:30:48,537 - DEBUG - Loaded and stored Omron data for key '00081_seg1' and '00081_seg7'
2025-08-12 16:30:48,537 - DEBUG - Loaded and stored Omron data for key '00082_seg1' and '00082_seg7'
2025-08-12 16:30:48,537 - DEBUG - Loaded and stored Omron data for key '00083_seg1' and '00083_seg7'
2025-08-12 16:30:48,537 - DEBUG - Loaded and stored Omron data for key '00084_seg1' and '00084_seg7'
2025-08-12 16:30:48,537 - DEBUG - Loaded and stored Omron data for key '00085_seg1' and '00085_seg7'
2025-08-12 16:30:48,537 - DEBUG - Loaded and stored Omron data for key '00086_seg1' and '00086_seg7'
2025-08-12 16:30:48,537 - DEBUG - Loaded and stored Omron data for key '00087_seg1' and '00087_seg7'
2025-08-12 16:30:48,537 - DEBUG - Loaded and stored Omron data for key '00088_seg1' and '00088_seg7'
2025-08-12 16:30:48,537 - DEBUG - Loaded and stored Omron data for key '00089_seg1' and '00089_seg7'
2025-08-12 16:30:48,537 - DEBUG - Loaded and stored Omron data for key '00090_seg1' and '00090_seg7'
2025-08-12 16:30:48,537 - DEBUG - Loaded and stored Omron data for key '00091_seg1' and '00091_seg7'
2025-08-12 16:30:48,537 - DEBUG - Loaded and stored Omron data for key '00092_seg1' and '00092_seg7'
2025-08-12 16:30:48,538 - DEBUG - Loaded and stored Omron data for key '00093_seg1' and '00093_seg7'
2025-08-12 16:30:48,538 - DEBUG - Loaded and stored Omron data for key '00094_seg1' and '00094_seg7'
2025-08-12 16:30:48,538 - DEBUG - Loaded and stored Omron data for key '00095_seg1' and '00095_seg7'
2025-08-12 16:30:48,538 - DEBUG - Loaded and stored Omron data for key '00096_seg1' and '00096_seg7'
2025-08-12 16:30:48,538 - DEBUG - Loaded and stored Omron data for key '00097_seg1' and '00097_seg7'
2025-08-12 16:30:48,538 - DEBUG - Loaded and stored Omron data for key '00098_seg1' and '00098_seg7'
2025-08-12 16:30:48,538 - DEBUG - Loaded and stored Omron data for key '00099_seg1' and '00099_seg7'
2025-08-12 16:30:48,538 - DEBUG - Loaded and stored Omron data for key '00100_seg1' and '00100_seg7'
2025-08-12 16:30:48,538 - DEBUG - Loaded and stored Omron data for key '00101_seg1' and '00101_seg7'
2025-08-12 16:30:48,538 - DEBUG - Loaded and stored Omron data for key '00102_seg1' and '00102_seg7'
2025-08-12 16:30:48,538 - DEBUG - Loaded and stored Omron data for key '00103_seg1' and '00103_seg7'
2025-08-12 16:30:48,539 - DEBUG - Loaded and stored Omron data for key '00105_seg1' and '00105_seg7'
2025-08-12 16:30:48,539 - DEBUG - Loaded and stored Omron data for key '00106_seg1' and '00106_seg7'
2025-08-12 16:30:48,539 - DEBUG - Loaded and stored Omron data for key '00107_seg1' and '00107_seg7'
2025-08-12 16:30:48,539 - DEBUG - Loaded and stored Omron data for key '00108_seg1' and '00108_seg7'
2025-08-12 16:30:48,539 - DEBUG - Loaded and stored Omron data for key '00109_seg1' and '00109_seg7'
2025-08-12 16:30:48,539 - DEBUG - Loaded and stored Omron data for key '00110_seg1' and '00110_seg7'
2025-08-12 16:30:48,539 - DEBUG - Loaded and stored Omron data for key '00111_seg1' and '00111_seg7'
2025-08-12 16:30:48,539 - DEBUG - Loaded and stored Omron data for key '00112_seg1' and '00112_seg7'
2025-08-12 16:30:52,919 - DEBUG - Biopac BP values for seg1: SBP=87.4, DBP=42.0 (zeros excluded)
2025-08-12 16:30:53,041 - DEBUG - No shift for 00108, delta too large (-22.5 mmHg)
2025-08-12 16:30:53,042 - DEBUG - Processing 00108 - seg1
2025-08-12 16:30:56,165 - DEBUG - Loading Omron data from: /root/ppg2bp/data/omron.csv
2025-08-12 16:30:56,193 - DEBUG - Loaded and stored Omron data for key '00042_seg1' and '00042_seg7'
2025-08-12 16:30:56,197 - DEBUG - Loaded and stored Omron data for key '00043_seg1' and '00043_seg7'
2025-08-12 16:30:56,198 - DEBUG - Loaded and stored Omron data for key '00044_seg1' and '00044_seg7'
2025-08-12 16:30:56,198 - DEBUG - Loaded and stored Omron data for key '00016_seg1' and '00016_seg7'
2025-08-12 16:30:56,200 - DEBUG - Loaded and stored Omron data for key '00045_seg1' and '00045_seg7'
2025-08-12 16:30:56,201 - DEBUG - Loaded and stored Omron data for key '00047_seg1' and '00047_seg7'
2025-08-12 16:30:56,202 - DEBUG - Loaded and stored Omron data for key '00048_seg1' and '00048_seg7'
2025-08-12 16:30:56,204 - DEBUG - Loaded and stored Omron data for key '00049_seg1' and '00049_seg7'
2025-08-12 16:30:56,205 - DEBUG - Loaded and stored Omron data for key '00050_seg1' and '00050_seg7'
2025-08-12 16:30:56,206 - DEBUG - Loaded and stored Omron data for key '00051_seg1' and '00051_seg7'
2025-08-12 16:30:56,207 - DEBUG - Loaded and stored Omron data for key '00052_seg1' and '00052_seg7'
2025-08-12 16:30:56,207 - DEBUG - Loaded and stored Omron data for key '00003_seg1' and '00003_seg7'
2025-08-12 16:30:56,208 - DEBUG - Loaded and stored Omron data for key '00053_seg1' and '00053_seg7'
2025-08-12 16:30:56,208 - DEBUG - Loaded and stored Omron data for key '00054_seg1' and '00054_seg7'
2025-08-12 16:30:56,208 - DEBUG - Loaded and stored Omron data for key '00055_seg1' and '00055_seg7'
2025-08-12 16:30:56,209 - DEBUG - Loaded and stored Omron data for key '00056_seg1' and '00056_seg7'
2025-08-12 16:30:56,209 - DEBUG - Loaded and stored Omron data for key '00057_seg1' and '00057_seg7'
2025-08-12 16:30:56,209 - DEBUG - Loaded and stored Omron data for key '00058_seg1' and '00058_seg7'
2025-08-12 16:30:56,209 - DEBUG - Loaded and stored Omron data for key '00059_seg1' and '00059_seg7'
2025-08-12 16:30:56,209 - DEBUG - Loaded and stored Omron data for key '00060_seg1' and '00060_seg7'
2025-08-12 16:30:56,209 - DEBUG - Loaded and stored Omron data for key '00061_seg1' and '00061_seg7'
2025-08-12 16:30:56,209 - DEBUG - Loaded and stored Omron data for key '00062_seg1' and '00062_seg7'
2025-08-12 16:30:56,210 - DEBUG - Loaded and stored Omron data for key '00063_seg1' and '00063_seg7'
2025-08-12 16:30:56,210 - DEBUG - Loaded and stored Omron data for key '00064_seg1' and '00064_seg7'
2025-08-12 16:30:56,210 - DEBUG - Loaded and stored Omron data for key '00065_seg1' and '00065_seg7'
2025-08-12 16:30:56,210 - DEBUG - Loaded and stored Omron data for key '00066_seg1' and '00066_seg7'
2025-08-12 16:30:56,210 - DEBUG - Loaded and stored Omron data for key '00067_seg1' and '00067_seg7'
2025-08-12 16:30:56,211 - DEBUG - Loaded and stored Omron data for key '00068_seg1' and '00068_seg7'
2025-08-12 16:30:56,211 - DEBUG - Loaded and stored Omron data for key '00069_seg1' and '00069_seg7'
2025-08-12 16:30:56,211 - DEBUG - Loaded and stored Omron data for key '00070_seg1' and '00070_seg7'
2025-08-12 16:30:56,211 - DEBUG - Loaded and stored Omron data for key '00071_seg1' and '00071_seg7'
2025-08-12 16:30:56,211 - DEBUG - Loaded and stored Omron data for key '00072_seg1' and '00072_seg7'
2025-08-12 16:30:56,211 - DEBUG - Loaded and stored Omron data for key '00073_seg1' and '00073_seg7'
2025-08-12 16:30:56,211 - DEBUG - Loaded and stored Omron data for key '00074_seg1' and '00074_seg7'
2025-08-12 16:30:56,211 - DEBUG - Loaded and stored Omron data for key '00075_seg1' and '00075_seg7'
2025-08-12 16:30:56,212 - DEBUG - Loaded and stored Omron data for key '00076_seg1' and '00076_seg7'
2025-08-12 16:30:56,212 - DEBUG - Loaded and stored Omron data for key '00077_seg1' and '00077_seg7'
2025-08-12 16:30:56,212 - DEBUG - Loaded and stored Omron data for key '00078_seg1' and '00078_seg7'
2025-08-12 16:30:56,212 - DEBUG - Loaded and stored Omron data for key '00079_seg1' and '00079_seg7'
2025-08-12 16:30:56,212 - DEBUG - Loaded and stored Omron data for key '00080_seg1' and '00080_seg7'
2025-08-12 16:30:56,212 - DEBUG - Loaded and stored Omron data for key '00081_seg1' and '00081_seg7'
2025-08-12 16:30:56,212 - DEBUG - Loaded and stored Omron data for key '00082_seg1' and '00082_seg7'
2025-08-12 16:30:56,212 - DEBUG - Loaded and stored Omron data for key '00083_seg1' and '00083_seg7'
2025-08-12 16:30:56,212 - DEBUG - Loaded and stored Omron data for key '00084_seg1' and '00084_seg7'
2025-08-12 16:30:56,213 - DEBUG - Loaded and stored Omron data for key '00085_seg1' and '00085_seg7'
2025-08-12 16:30:56,213 - DEBUG - Loaded and stored Omron data for key '00086_seg1' and '00086_seg7'
2025-08-12 16:30:56,213 - DEBUG - Loaded and stored Omron data for key '00087_seg1' and '00087_seg7'
2025-08-12 16:30:56,213 - DEBUG - Loaded and stored Omron data for key '00088_seg1' and '00088_seg7'
2025-08-12 16:30:56,213 - DEBUG - Loaded and stored Omron data for key '00089_seg1' and '00089_seg7'
2025-08-12 16:30:56,213 - DEBUG - Loaded and stored Omron data for key '00090_seg1' and '00090_seg7'
2025-08-12 16:30:56,213 - DEBUG - Loaded and stored Omron data for key '00091_seg1' and '00091_seg7'
2025-08-12 16:30:56,213 - DEBUG - Loaded and stored Omron data for key '00092_seg1' and '00092_seg7'
2025-08-12 16:30:56,213 - DEBUG - Loaded and stored Omron data for key '00093_seg1' and '00093_seg7'
2025-08-12 16:30:56,214 - DEBUG - Loaded and stored Omron data for key '00094_seg1' and '00094_seg7'
2025-08-12 16:30:56,214 - DEBUG - Loaded and stored Omron data for key '00095_seg1' and '00095_seg7'
2025-08-12 16:30:56,214 - DEBUG - Loaded and stored Omron data for key '00096_seg1' and '00096_seg7'
2025-08-12 16:30:56,214 - DEBUG - Loaded and stored Omron data for key '00097_seg1' and '00097_seg7'
2025-08-12 16:30:56,214 - DEBUG - Loaded and stored Omron data for key '00098_seg1' and '00098_seg7'
2025-08-12 16:30:56,214 - DEBUG - Loaded and stored Omron data for key '00099_seg1' and '00099_seg7'
2025-08-12 16:30:56,214 - DEBUG - Loaded and stored Omron data for key '00100_seg1' and '00100_seg7'
2025-08-12 16:30:56,214 - DEBUG - Loaded and stored Omron data for key '00101_seg1' and '00101_seg7'
2025-08-12 16:30:56,214 - DEBUG - Loaded and stored Omron data for key '00102_seg1' and '00102_seg7'
2025-08-12 16:30:56,214 - DEBUG - Loaded and stored Omron data for key '00103_seg1' and '00103_seg7'
2025-08-12 16:30:56,215 - DEBUG - Loaded and stored Omron data for key '00105_seg1' and '00105_seg7'
2025-08-12 16:30:56,215 - DEBUG - Loaded and stored Omron data for key '00106_seg1' and '00106_seg7'
2025-08-12 16:30:56,215 - DEBUG - Loaded and stored Omron data for key '00107_seg1' and '00107_seg7'
2025-08-12 16:30:56,215 - DEBUG - Loaded and stored Omron data for key '00108_seg1' and '00108_seg7'
2025-08-12 16:30:56,215 - DEBUG - Loaded and stored Omron data for key '00109_seg1' and '00109_seg7'
2025-08-12 16:30:56,215 - DEBUG - Loaded and stored Omron data for key '00110_seg1' and '00110_seg7'
2025-08-12 16:30:56,215 - DEBUG - Loaded and stored Omron data for key '00111_seg1' and '00111_seg7'
2025-08-12 16:30:56,215 - DEBUG - Loaded and stored Omron data for key '00112_seg1' and '00112_seg7'
2025-08-12 16:31:01,425 - DEBUG - Biopac BP values for seg1: SBP=87.4, DBP=42.0 (zeros excluded)
2025-08-12 16:31:01,549 - DEBUG - No shift for 00108, delta too large (-22.5 mmHg)
2025-08-12 16:31:04,527 - DEBUG - Saved calibrated BP data to: ./data/processed/moved/00108/seg1_bp.csv
2025-08-12 16:31:05,743 - DEBUG - Filtering: 66673 points, range before=(86261.0000, 97666.0000), after=(-2244.8812, 1717.4355)
2025-08-12 16:31:06,832 - DEBUG - Filtering: 66672 points, range before=(109678.0000, 119703.0000), after=(-1416.4749, 1565.9332)
2025-08-12 16:31:07,844 - DEBUG - Filtering: 66672 points, range before=(99675.0000, 136088.0000), after=(-10645.5295, 6599.4051)
2025-08-12 16:31:08,979 - DEBUG - Filtering: 66673 points, range before=(106077.0000, 114934.0000), after=(-714.0559, 717.2660)
2025-08-12 16:31:09,011 - DEBUG - Available sensors for seg1: ['sensor2', 'sensor3', 'sensor4', 'sensor5'] (4/4)
2025-08-12 16:31:11,535 - DEBUG - Loaded HR data: average 70.7 bpm
2025-08-12 16:31:11,629 - DEBUG - Using provided HR: 70.7 bpm, RR interval: 0.849s
2025-08-12 16:31:11,850 - DEBUG - Found 0 BP valleys in 60001 samples (600.0s), HR: 71 bpm
2025-08-12 16:31:11,851 - DEBUG - Warning: Insufficient BP valleys found, using original slicing method
2025-08-12 16:31:11,916 - DEBUG - Generated 590 valley-based slices from seg1
2025-08-12 16:31:11,917 - DEBUG - Processing 00108 - seg7
2025-08-12 16:31:13,093 - DEBUG - Loading Omron data from: /root/ppg2bp/data/omron.csv
2025-08-12 16:31:13,116 - DEBUG - Loaded and stored Omron data for key '00042_seg1' and '00042_seg7'
2025-08-12 16:31:13,117 - DEBUG - Loaded and stored Omron data for key '00043_seg1' and '00043_seg7'
2025-08-12 16:31:13,118 - DEBUG - Loaded and stored Omron data for key '00044_seg1' and '00044_seg7'
2025-08-12 16:31:13,119 - DEBUG - Loaded and stored Omron data for key '00016_seg1' and '00016_seg7'
2025-08-12 16:31:13,119 - DEBUG - Loaded and stored Omron data for key '00045_seg1' and '00045_seg7'
2025-08-12 16:31:13,119 - DEBUG - Loaded and stored Omron data for key '00047_seg1' and '00047_seg7'
2025-08-12 16:31:13,119 - DEBUG - Loaded and stored Omron data for key '00048_seg1' and '00048_seg7'
2025-08-12 16:31:13,119 - DEBUG - Loaded and stored Omron data for key '00049_seg1' and '00049_seg7'
2025-08-12 16:31:13,119 - DEBUG - Loaded and stored Omron data for key '00050_seg1' and '00050_seg7'
2025-08-12 16:31:13,119 - DEBUG - Loaded and stored Omron data for key '00051_seg1' and '00051_seg7'
2025-08-12 16:31:13,120 - DEBUG - Loaded and stored Omron data for key '00052_seg1' and '00052_seg7'
2025-08-12 16:31:13,120 - DEBUG - Loaded and stored Omron data for key '00003_seg1' and '00003_seg7'
2025-08-12 16:31:13,120 - DEBUG - Loaded and stored Omron data for key '00053_seg1' and '00053_seg7'
2025-08-12 16:31:13,120 - DEBUG - Loaded and stored Omron data for key '00054_seg1' and '00054_seg7'
2025-08-12 16:31:13,120 - DEBUG - Loaded and stored Omron data for key '00055_seg1' and '00055_seg7'
2025-08-12 16:31:13,120 - DEBUG - Loaded and stored Omron data for key '00056_seg1' and '00056_seg7'
2025-08-12 16:31:13,120 - DEBUG - Loaded and stored Omron data for key '00057_seg1' and '00057_seg7'
2025-08-12 16:31:13,120 - DEBUG - Loaded and stored Omron data for key '00058_seg1' and '00058_seg7'
2025-08-12 16:31:13,120 - DEBUG - Loaded and stored Omron data for key '00059_seg1' and '00059_seg7'
2025-08-12 16:31:13,121 - DEBUG - Loaded and stored Omron data for key '00060_seg1' and '00060_seg7'
2025-08-12 16:31:13,121 - DEBUG - Loaded and stored Omron data for key '00061_seg1' and '00061_seg7'
2025-08-12 16:31:13,121 - DEBUG - Loaded and stored Omron data for key '00062_seg1' and '00062_seg7'
2025-08-12 16:31:13,121 - DEBUG - Loaded and stored Omron data for key '00063_seg1' and '00063_seg7'
2025-08-12 16:31:13,121 - DEBUG - Loaded and stored Omron data for key '00064_seg1' and '00064_seg7'
2025-08-12 16:31:13,121 - DEBUG - Loaded and stored Omron data for key '00065_seg1' and '00065_seg7'
2025-08-12 16:31:13,121 - DEBUG - Loaded and stored Omron data for key '00066_seg1' and '00066_seg7'
2025-08-12 16:31:13,121 - DEBUG - Loaded and stored Omron data for key '00067_seg1' and '00067_seg7'
2025-08-12 16:31:13,121 - DEBUG - Loaded and stored Omron data for key '00068_seg1' and '00068_seg7'
2025-08-12 16:31:13,121 - DEBUG - Loaded and stored Omron data for key '00069_seg1' and '00069_seg7'
2025-08-12 16:31:13,121 - DEBUG - Loaded and stored Omron data for key '00070_seg1' and '00070_seg7'
2025-08-12 16:31:13,122 - DEBUG - Loaded and stored Omron data for key '00071_seg1' and '00071_seg7'
2025-08-12 16:31:13,122 - DEBUG - Loaded and stored Omron data for key '00072_seg1' and '00072_seg7'
2025-08-12 16:31:13,122 - DEBUG - Loaded and stored Omron data for key '00073_seg1' and '00073_seg7'
2025-08-12 16:31:13,122 - DEBUG - Loaded and stored Omron data for key '00074_seg1' and '00074_seg7'
2025-08-12 16:31:13,122 - DEBUG - Loaded and stored Omron data for key '00075_seg1' and '00075_seg7'
2025-08-12 16:31:13,122 - DEBUG - Loaded and stored Omron data for key '00076_seg1' and '00076_seg7'
2025-08-12 16:31:13,122 - DEBUG - Loaded and stored Omron data for key '00077_seg1' and '00077_seg7'
2025-08-12 16:31:13,122 - DEBUG - Loaded and stored Omron data for key '00078_seg1' and '00078_seg7'
2025-08-12 16:31:13,122 - DEBUG - Loaded and stored Omron data for key '00079_seg1' and '00079_seg7'
2025-08-12 16:31:13,122 - DEBUG - Loaded and stored Omron data for key '00080_seg1' and '00080_seg7'
2025-08-12 16:31:13,123 - DEBUG - Loaded and stored Omron data for key '00081_seg1' and '00081_seg7'
2025-08-12 16:31:13,123 - DEBUG - Loaded and stored Omron data for key '00082_seg1' and '00082_seg7'
2025-08-12 16:31:13,123 - DEBUG - Loaded and stored Omron data for key '00083_seg1' and '00083_seg7'
2025-08-12 16:31:13,123 - DEBUG - Loaded and stored Omron data for key '00084_seg1' and '00084_seg7'
2025-08-12 16:31:13,123 - DEBUG - Loaded and stored Omron data for key '00085_seg1' and '00085_seg7'
2025-08-12 16:31:13,123 - DEBUG - Loaded and stored Omron data for key '00086_seg1' and '00086_seg7'
2025-08-12 16:31:13,123 - DEBUG - Loaded and stored Omron data for key '00087_seg1' and '00087_seg7'
2025-08-12 16:31:13,123 - DEBUG - Loaded and stored Omron data for key '00088_seg1' and '00088_seg7'
2025-08-12 16:31:13,123 - DEBUG - Loaded and stored Omron data for key '00089_seg1' and '00089_seg7'
2025-08-12 16:31:13,123 - DEBUG - Loaded and stored Omron data for key '00090_seg1' and '00090_seg7'
2025-08-12 16:31:13,123 - DEBUG - Loaded and stored Omron data for key '00091_seg1' and '00091_seg7'
2025-08-12 16:31:13,124 - DEBUG - Loaded and stored Omron data for key '00092_seg1' and '00092_seg7'
2025-08-12 16:31:13,124 - DEBUG - Loaded and stored Omron data for key '00093_seg1' and '00093_seg7'
2025-08-12 16:31:13,124 - DEBUG - Loaded and stored Omron data for key '00094_seg1' and '00094_seg7'
2025-08-12 16:31:13,124 - DEBUG - Loaded and stored Omron data for key '00095_seg1' and '00095_seg7'
2025-08-12 16:31:13,124 - DEBUG - Loaded and stored Omron data for key '00096_seg1' and '00096_seg7'
2025-08-12 16:31:13,124 - DEBUG - Loaded and stored Omron data for key '00097_seg1' and '00097_seg7'
2025-08-12 16:31:13,124 - DEBUG - Loaded and stored Omron data for key '00098_seg1' and '00098_seg7'
2025-08-12 16:31:13,124 - DEBUG - Loaded and stored Omron data for key '00099_seg1' and '00099_seg7'
2025-08-12 16:31:13,124 - DEBUG - Loaded and stored Omron data for key '00100_seg1' and '00100_seg7'
2025-08-12 16:31:13,124 - DEBUG - Loaded and stored Omron data for key '00101_seg1' and '00101_seg7'
2025-08-12 16:31:13,124 - DEBUG - Loaded and stored Omron data for key '00102_seg1' and '00102_seg7'
2025-08-12 16:31:13,125 - DEBUG - Loaded and stored Omron data for key '00103_seg1' and '00103_seg7'
2025-08-12 16:31:13,125 - DEBUG - Loaded and stored Omron data for key '00105_seg1' and '00105_seg7'
2025-08-12 16:31:13,125 - DEBUG - Loaded and stored Omron data for key '00106_seg1' and '00106_seg7'
2025-08-12 16:31:13,125 - DEBUG - Loaded and stored Omron data for key '00107_seg1' and '00107_seg7'
2025-08-12 16:31:13,125 - DEBUG - Loaded and stored Omron data for key '00108_seg1' and '00108_seg7'
2025-08-12 16:31:13,125 - DEBUG - Loaded and stored Omron data for key '00109_seg1' and '00109_seg7'
2025-08-12 16:31:13,125 - DEBUG - Loaded and stored Omron data for key '00110_seg1' and '00110_seg7'
2025-08-12 16:31:13,125 - DEBUG - Loaded and stored Omron data for key '00111_seg1' and '00111_seg7'
2025-08-12 16:31:13,125 - DEBUG - Loaded and stored Omron data for key '00112_seg1' and '00112_seg7'
2025-08-12 16:31:18,802 - DEBUG - Biopac BP values for seg1: SBP=87.4, DBP=42.0 (zeros excluded)
2025-08-12 16:31:18,945 - DEBUG - No shift for 00108, delta too large (-22.5 mmHg)
2025-08-12 16:31:20,548 - DEBUG - Saved calibrated BP data to: ./data/processed/moved/00108/seg7_bp.csv
2025-08-12 16:31:21,136 - DEBUG - Filtering: 33334 points, range before=(90041.0000, 97813.0000), after=(-3163.9517, 2391.3978)
2025-08-12 16:31:21,639 - DEBUG - Filtering: 33334 points, range before=(107784.0000, 118342.0000), after=(-1584.8905, 1370.6545)
2025-08-12 16:31:22,141 - DEBUG - Filtering: 33336 points, range before=(106800.0000, 130680.0000), after=(-4011.4113, 5642.9525)
2025-08-12 16:31:22,444 - DEBUG - Filtering: 33335 points, range before=(109598.0000, 115489.0000), after=(-441.8220, 435.5162)
2025-08-12 16:31:22,446 - DEBUG - Available sensors for seg7: ['sensor2', 'sensor3', 'sensor4', 'sensor5'] (4/4)
2025-08-12 16:31:23,135 - DEBUG - Loaded HR data: average 73.6 bpm
2025-08-12 16:31:23,137 - DEBUG - Using provided HR: 73.6 bpm, RR interval: 0.815s
2025-08-12 16:31:23,186 - DEBUG - Found 0 BP valleys in 29999 samples (300.0s), HR: 74 bpm
2025-08-12 16:31:23,187 - DEBUG - Warning: Insufficient BP valleys found, using original slicing method
2025-08-12 16:31:23,197 - DEBUG - Generated 289 valley-based slices from seg7
2025-08-12 16:31:23,200 - DEBUG - Loading Omron data from: /root/ppg2bp/data/omron.csv
2025-08-12 16:31:23,208 - DEBUG - Loaded and stored Omron data for key '00042_seg1' and '00042_seg7'
2025-08-12 16:31:23,209 - DEBUG - Loaded and stored Omron data for key '00043_seg1' and '00043_seg7'
2025-08-12 16:31:23,209 - DEBUG - Loaded and stored Omron data for key '00044_seg1' and '00044_seg7'
2025-08-12 16:31:23,209 - DEBUG - Loaded and stored Omron data for key '00016_seg1' and '00016_seg7'
2025-08-12 16:31:23,209 - DEBUG - Loaded and stored Omron data for key '00045_seg1' and '00045_seg7'
2025-08-12 16:31:23,209 - DEBUG - Loaded and stored Omron data for key '00047_seg1' and '00047_seg7'
2025-08-12 16:31:23,209 - DEBUG - Loaded and stored Omron data for key '00048_seg1' and '00048_seg7'
2025-08-12 16:31:23,210 - DEBUG - Loaded and stored Omron data for key '00049_seg1' and '00049_seg7'
2025-08-12 16:31:23,210 - DEBUG - Loaded and stored Omron data for key '00050_seg1' and '00050_seg7'
2025-08-12 16:31:23,210 - DEBUG - Loaded and stored Omron data for key '00051_seg1' and '00051_seg7'
2025-08-12 16:31:23,210 - DEBUG - Loaded and stored Omron data for key '00052_seg1' and '00052_seg7'
2025-08-12 16:31:23,210 - DEBUG - Loaded and stored Omron data for key '00003_seg1' and '00003_seg7'
2025-08-12 16:31:23,210 - DEBUG - Loaded and stored Omron data for key '00053_seg1' and '00053_seg7'
2025-08-12 16:31:23,210 - DEBUG - Loaded and stored Omron data for key '00054_seg1' and '00054_seg7'
2025-08-12 16:31:23,210 - DEBUG - Loaded and stored Omron data for key '00055_seg1' and '00055_seg7'
2025-08-12 16:31:23,211 - DEBUG - Loaded and stored Omron data for key '00056_seg1' and '00056_seg7'
2025-08-12 16:31:23,211 - DEBUG - Loaded and stored Omron data for key '00057_seg1' and '00057_seg7'
2025-08-12 16:31:23,211 - DEBUG - Loaded and stored Omron data for key '00058_seg1' and '00058_seg7'
2025-08-12 16:31:23,211 - DEBUG - Loaded and stored Omron data for key '00059_seg1' and '00059_seg7'
2025-08-12 16:31:23,211 - DEBUG - Loaded and stored Omron data for key '00060_seg1' and '00060_seg7'
2025-08-12 16:31:23,211 - DEBUG - Loaded and stored Omron data for key '00061_seg1' and '00061_seg7'
2025-08-12 16:31:23,211 - DEBUG - Loaded and stored Omron data for key '00062_seg1' and '00062_seg7'
2025-08-12 16:31:23,211 - DEBUG - Loaded and stored Omron data for key '00063_seg1' and '00063_seg7'
2025-08-12 16:31:23,214 - DEBUG - Loaded and stored Omron data for key '00064_seg1' and '00064_seg7'
2025-08-12 16:31:23,215 - DEBUG - Loaded and stored Omron data for key '00065_seg1' and '00065_seg7'
2025-08-12 16:31:23,215 - DEBUG - Loaded and stored Omron data for key '00066_seg1' and '00066_seg7'
2025-08-12 16:31:23,215 - DEBUG - Loaded and stored Omron data for key '00067_seg1' and '00067_seg7'
2025-08-12 16:31:23,215 - DEBUG - Loaded and stored Omron data for key '00068_seg1' and '00068_seg7'
2025-08-12 16:31:23,216 - DEBUG - Loaded and stored Omron data for key '00069_seg1' and '00069_seg7'
2025-08-12 16:31:23,216 - DEBUG - Loaded and stored Omron data for key '00070_seg1' and '00070_seg7'
2025-08-12 16:31:23,216 - DEBUG - Loaded and stored Omron data for key '00071_seg1' and '00071_seg7'
2025-08-12 16:31:23,216 - DEBUG - Loaded and stored Omron data for key '00072_seg1' and '00072_seg7'
2025-08-12 16:31:23,216 - DEBUG - Loaded and stored Omron data for key '00073_seg1' and '00073_seg7'
2025-08-12 16:31:23,216 - DEBUG - Loaded and stored Omron data for key '00074_seg1' and '00074_seg7'
2025-08-12 16:31:23,216 - DEBUG - Loaded and stored Omron data for key '00075_seg1' and '00075_seg7'
2025-08-12 16:31:23,217 - DEBUG - Loaded and stored Omron data for key '00076_seg1' and '00076_seg7'
2025-08-12 16:31:23,217 - DEBUG - Loaded and stored Omron data for key '00077_seg1' and '00077_seg7'
2025-08-12 16:31:23,217 - DEBUG - Loaded and stored Omron data for key '00078_seg1' and '00078_seg7'
2025-08-12 16:31:23,217 - DEBUG - Loaded and stored Omron data for key '00079_seg1' and '00079_seg7'
2025-08-12 16:31:23,217 - DEBUG - Loaded and stored Omron data for key '00080_seg1' and '00080_seg7'
2025-08-12 16:31:23,217 - DEBUG - Loaded and stored Omron data for key '00081_seg1' and '00081_seg7'
2025-08-12 16:31:23,217 - DEBUG - Loaded and stored Omron data for key '00082_seg1' and '00082_seg7'
2025-08-12 16:31:23,217 - DEBUG - Loaded and stored Omron data for key '00083_seg1' and '00083_seg7'
2025-08-12 16:31:23,218 - DEBUG - Loaded and stored Omron data for key '00084_seg1' and '00084_seg7'
2025-08-12 16:31:23,218 - DEBUG - Loaded and stored Omron data for key '00085_seg1' and '00085_seg7'
2025-08-12 16:31:23,218 - DEBUG - Loaded and stored Omron data for key '00086_seg1' and '00086_seg7'
2025-08-12 16:31:23,218 - DEBUG - Loaded and stored Omron data for key '00087_seg1' and '00087_seg7'
2025-08-12 16:31:23,218 - DEBUG - Loaded and stored Omron data for key '00088_seg1' and '00088_seg7'
2025-08-12 16:31:23,218 - DEBUG - Loaded and stored Omron data for key '00089_seg1' and '00089_seg7'
2025-08-12 16:31:23,218 - DEBUG - Loaded and stored Omron data for key '00090_seg1' and '00090_seg7'
2025-08-12 16:31:23,218 - DEBUG - Loaded and stored Omron data for key '00091_seg1' and '00091_seg7'
2025-08-12 16:31:23,218 - DEBUG - Loaded and stored Omron data for key '00092_seg1' and '00092_seg7'
2025-08-12 16:31:23,219 - DEBUG - Loaded and stored Omron data for key '00093_seg1' and '00093_seg7'
2025-08-12 16:31:23,219 - DEBUG - Loaded and stored Omron data for key '00094_seg1' and '00094_seg7'
2025-08-12 16:31:23,219 - DEBUG - Loaded and stored Omron data for key '00095_seg1' and '00095_seg7'
2025-08-12 16:31:23,219 - DEBUG - Loaded and stored Omron data for key '00096_seg1' and '00096_seg7'
2025-08-12 16:31:23,219 - DEBUG - Loaded and stored Omron data for key '00097_seg1' and '00097_seg7'
2025-08-12 16:31:23,219 - DEBUG - Loaded and stored Omron data for key '00098_seg1' and '00098_seg7'
2025-08-12 16:31:23,219 - DEBUG - Loaded and stored Omron data for key '00099_seg1' and '00099_seg7'
2025-08-12 16:31:23,219 - DEBUG - Loaded and stored Omron data for key '00100_seg1' and '00100_seg7'
2025-08-12 16:31:23,220 - DEBUG - Loaded and stored Omron data for key '00101_seg1' and '00101_seg7'
2025-08-12 16:31:23,220 - DEBUG - Loaded and stored Omron data for key '00102_seg1' and '00102_seg7'
2025-08-12 16:31:23,220 - DEBUG - Loaded and stored Omron data for key '00103_seg1' and '00103_seg7'
2025-08-12 16:31:23,220 - DEBUG - Loaded and stored Omron data for key '00105_seg1' and '00105_seg7'
2025-08-12 16:31:23,220 - DEBUG - Loaded and stored Omron data for key '00106_seg1' and '00106_seg7'
2025-08-12 16:31:23,220 - DEBUG - Loaded and stored Omron data for key '00107_seg1' and '00107_seg7'
2025-08-12 16:31:23,220 - DEBUG - Loaded and stored Omron data for key '00108_seg1' and '00108_seg7'
2025-08-12 16:31:23,220 - DEBUG - Loaded and stored Omron data for key '00109_seg1' and '00109_seg7'
2025-08-12 16:31:23,220 - DEBUG - Loaded and stored Omron data for key '00110_seg1' and '00110_seg7'
2025-08-12 16:31:23,221 - DEBUG - Loaded and stored Omron data for key '00111_seg1' and '00111_seg7'
2025-08-12 16:31:23,221 - DEBUG - Loaded and stored Omron data for key '00112_seg1' and '00112_seg7'
2025-08-12 16:31:27,643 - DEBUG - Biopac BP values for seg1: SBP=98.5, DBP=44.5 (zeros excluded)
2025-08-12 16:31:27,745 - DEBUG - Calculated shift amount for 00109: +11.0 mmHg
2025-08-12 16:31:27,745 - DEBUG - Processing 00109 - seg1
2025-08-12 16:31:33,967 - DEBUG - Saved calibrated BP data to: ./data/processed/moved/00109/seg1_bp.csv
2025-08-12 16:31:35,224 - DEBUG - Filtering: 66670 points, range before=(98718.0000, 103351.0000), after=(-315.6448, 340.8612)
2025-08-12 16:31:36,249 - DEBUG - Filtering: 66669 points, range before=(100444.0000, 120175.0000), after=(-4724.6604, 4259.0429)
2025-08-12 16:31:37,514 - DEBUG - Filtering: 66670 points, range before=(97186.0000, 117648.0000), after=(-9779.6544, 6202.7282)
2025-08-12 16:31:38,616 - DEBUG - Filtering: 66671 points, range before=(114953.0000, 120834.0000), after=(-648.3966, 651.9015)
2025-08-12 16:31:38,625 - DEBUG - Available sensors for seg1: ['sensor2', 'sensor3', 'sensor4', 'sensor5'] (4/4)
2025-08-12 16:31:41,535 - DEBUG - Loaded HR data: average 76.1 bpm
2025-08-12 16:31:41,623 - DEBUG - Using provided HR: 76.1 bpm, RR interval: 0.789s
2025-08-12 16:31:42,047 - DEBUG - Found 0 BP valleys in 59999 samples (600.0s), HR: 76 bpm
2025-08-12 16:31:42,048 - DEBUG - Warning: Insufficient BP valleys found, using original slicing method
2025-08-12 16:31:42,060 - DEBUG - Generated 589 valley-based slices from seg1
2025-08-12 16:31:42,061 - DEBUG - Processing 00109 - seg7
2025-08-12 16:31:44,699 - DEBUG - Saved calibrated BP data to: ./data/processed/moved/00109/seg7_bp.csv
2025-08-12 16:31:45,143 - DEBUG - Filtering: 33336 points, range before=(98194.0000, 100351.0000), after=(-228.6435, 165.9250)
2025-08-12 16:31:45,631 - DEBUG - Filtering: 33337 points, range before=(99638.0000, 119538.0000), after=(-4634.3383, 4816.9501)
2025-08-12 16:31:45,846 - DEBUG - Filtering: 33337 points, range before=(108442.0000, 116680.0000), after=(-1461.9047, 774.1144)
2025-08-12 16:31:46,445 - DEBUG - Filtering: 33336 points, range before=(112596.0000, 122992.0000), after=(-1377.1605, 1097.8670)
2025-08-12 16:31:46,448 - DEBUG - Available sensors for seg7: ['sensor2', 'sensor3', 'sensor4', 'sensor5'] (4/4)
2025-08-12 16:31:47,306 - DEBUG - Loaded HR data: average 84.0 bpm
2025-08-12 16:31:47,323 - DEBUG - Using provided HR: 84.0 bpm, RR interval: 0.715s
2025-08-12 16:31:47,429 - DEBUG - Found 0 BP valleys in 30000 samples (300.0s), HR: 84 bpm
2025-08-12 16:31:47,430 - DEBUG - Warning: Insufficient BP valleys found, using original slicing method
2025-08-12 16:31:47,434 - DEBUG - Generated 290 valley-based slices from seg7
2025-08-12 16:31:47,435 - DEBUG - Loading Omron data from: /root/ppg2bp/data/omron.csv
2025-08-12 16:31:47,438 - DEBUG - Loaded and stored Omron data for key '00042_seg1' and '00042_seg7'
2025-08-12 16:31:47,438 - DEBUG - Loaded and stored Omron data for key '00043_seg1' and '00043_seg7'
2025-08-12 16:31:47,438 - DEBUG - Loaded and stored Omron data for key '00044_seg1' and '00044_seg7'
2025-08-12 16:31:47,438 - DEBUG - Loaded and stored Omron data for key '00016_seg1' and '00016_seg7'
2025-08-12 16:31:47,439 - DEBUG - Loaded and stored Omron data for key '00045_seg1' and '00045_seg7'
2025-08-12 16:31:47,439 - DEBUG - Loaded and stored Omron data for key '00047_seg1' and '00047_seg7'
2025-08-12 16:31:47,439 - DEBUG - Loaded and stored Omron data for key '00048_seg1' and '00048_seg7'
2025-08-12 16:31:47,439 - DEBUG - Loaded and stored Omron data for key '00049_seg1' and '00049_seg7'
2025-08-12 16:31:47,439 - DEBUG - Loaded and stored Omron data for key '00050_seg1' and '00050_seg7'
2025-08-12 16:31:47,439 - DEBUG - Loaded and stored Omron data for key '00051_seg1' and '00051_seg7'
2025-08-12 16:31:47,439 - DEBUG - Loaded and stored Omron data for key '00052_seg1' and '00052_seg7'
2025-08-12 16:31:47,439 - DEBUG - Loaded and stored Omron data for key '00003_seg1' and '00003_seg7'
2025-08-12 16:31:47,439 - DEBUG - Loaded and stored Omron data for key '00053_seg1' and '00053_seg7'
2025-08-12 16:31:47,439 - DEBUG - Loaded and stored Omron data for key '00054_seg1' and '00054_seg7'
2025-08-12 16:31:47,440 - DEBUG - Loaded and stored Omron data for key '00055_seg1' and '00055_seg7'
2025-08-12 16:31:47,440 - DEBUG - Loaded and stored Omron data for key '00056_seg1' and '00056_seg7'
2025-08-12 16:31:47,440 - DEBUG - Loaded and stored Omron data for key '00057_seg1' and '00057_seg7'
2025-08-12 16:31:47,440 - DEBUG - Loaded and stored Omron data for key '00058_seg1' and '00058_seg7'
2025-08-12 16:31:47,440 - DEBUG - Loaded and stored Omron data for key '00059_seg1' and '00059_seg7'
2025-08-12 16:31:47,440 - DEBUG - Loaded and stored Omron data for key '00060_seg1' and '00060_seg7'
2025-08-12 16:31:47,440 - DEBUG - Loaded and stored Omron data for key '00061_seg1' and '00061_seg7'
2025-08-12 16:31:47,440 - DEBUG - Loaded and stored Omron data for key '00062_seg1' and '00062_seg7'
2025-08-12 16:31:47,440 - DEBUG - Loaded and stored Omron data for key '00063_seg1' and '00063_seg7'
2025-08-12 16:31:47,440 - DEBUG - Loaded and stored Omron data for key '00064_seg1' and '00064_seg7'
2025-08-12 16:31:47,440 - DEBUG - Loaded and stored Omron data for key '00065_seg1' and '00065_seg7'
2025-08-12 16:31:47,440 - DEBUG - Loaded and stored Omron data for key '00066_seg1' and '00066_seg7'
2025-08-12 16:31:47,441 - DEBUG - Loaded and stored Omron data for key '00067_seg1' and '00067_seg7'
2025-08-12 16:31:47,441 - DEBUG - Loaded and stored Omron data for key '00068_seg1' and '00068_seg7'
2025-08-12 16:31:47,441 - DEBUG - Loaded and stored Omron data for key '00069_seg1' and '00069_seg7'
2025-08-12 16:31:47,441 - DEBUG - Loaded and stored Omron data for key '00070_seg1' and '00070_seg7'
2025-08-12 16:31:47,441 - DEBUG - Loaded and stored Omron data for key '00071_seg1' and '00071_seg7'
2025-08-12 16:31:47,441 - DEBUG - Loaded and stored Omron data for key '00072_seg1' and '00072_seg7'
2025-08-12 16:31:47,441 - DEBUG - Loaded and stored Omron data for key '00073_seg1' and '00073_seg7'
2025-08-12 16:31:47,441 - DEBUG - Loaded and stored Omron data for key '00074_seg1' and '00074_seg7'
2025-08-12 16:31:47,441 - DEBUG - Loaded and stored Omron data for key '00075_seg1' and '00075_seg7'
2025-08-12 16:31:47,441 - DEBUG - Loaded and stored Omron data for key '00076_seg1' and '00076_seg7'
2025-08-12 16:31:47,441 - DEBUG - Loaded and stored Omron data for key '00077_seg1' and '00077_seg7'
2025-08-12 16:31:47,442 - DEBUG - Loaded and stored Omron data for key '00078_seg1' and '00078_seg7'
2025-08-12 16:31:47,442 - DEBUG - Loaded and stored Omron data for key '00079_seg1' and '00079_seg7'
2025-08-12 16:31:47,442 - DEBUG - Loaded and stored Omron data for key '00080_seg1' and '00080_seg7'
2025-08-12 16:31:47,442 - DEBUG - Loaded and stored Omron data for key '00081_seg1' and '00081_seg7'
2025-08-12 16:31:47,442 - DEBUG - Loaded and stored Omron data for key '00082_seg1' and '00082_seg7'
2025-08-12 16:31:47,442 - DEBUG - Loaded and stored Omron data for key '00083_seg1' and '00083_seg7'
2025-08-12 16:31:47,442 - DEBUG - Loaded and stored Omron data for key '00084_seg1' and '00084_seg7'
2025-08-12 16:31:47,442 - DEBUG - Loaded and stored Omron data for key '00085_seg1' and '00085_seg7'
2025-08-12 16:31:47,442 - DEBUG - Loaded and stored Omron data for key '00086_seg1' and '00086_seg7'
2025-08-12 16:31:47,442 - DEBUG - Loaded and stored Omron data for key '00087_seg1' and '00087_seg7'
2025-08-12 16:31:47,442 - DEBUG - Loaded and stored Omron data for key '00088_seg1' and '00088_seg7'
2025-08-12 16:31:47,443 - DEBUG - Loaded and stored Omron data for key '00089_seg1' and '00089_seg7'
2025-08-12 16:31:47,443 - DEBUG - Loaded and stored Omron data for key '00090_seg1' and '00090_seg7'
2025-08-12 16:31:47,443 - DEBUG - Loaded and stored Omron data for key '00091_seg1' and '00091_seg7'
2025-08-12 16:31:47,443 - DEBUG - Loaded and stored Omron data for key '00092_seg1' and '00092_seg7'
2025-08-12 16:31:47,443 - DEBUG - Loaded and stored Omron data for key '00093_seg1' and '00093_seg7'
2025-08-12 16:31:47,443 - DEBUG - Loaded and stored Omron data for key '00094_seg1' and '00094_seg7'
2025-08-12 16:31:47,443 - DEBUG - Loaded and stored Omron data for key '00095_seg1' and '00095_seg7'
2025-08-12 16:31:47,443 - DEBUG - Loaded and stored Omron data for key '00096_seg1' and '00096_seg7'
2025-08-12 16:31:47,443 - DEBUG - Loaded and stored Omron data for key '00097_seg1' and '00097_seg7'
2025-08-12 16:31:47,443 - DEBUG - Loaded and stored Omron data for key '00098_seg1' and '00098_seg7'
2025-08-12 16:31:47,443 - DEBUG - Loaded and stored Omron data for key '00099_seg1' and '00099_seg7'
2025-08-12 16:31:47,444 - DEBUG - Loaded and stored Omron data for key '00100_seg1' and '00100_seg7'
2025-08-12 16:31:47,444 - DEBUG - Loaded and stored Omron data for key '00101_seg1' and '00101_seg7'
2025-08-12 16:31:47,444 - DEBUG - Loaded and stored Omron data for key '00102_seg1' and '00102_seg7'
2025-08-12 16:31:47,444 - DEBUG - Loaded and stored Omron data for key '00103_seg1' and '00103_seg7'
2025-08-12 16:31:47,444 - DEBUG - Loaded and stored Omron data for key '00105_seg1' and '00105_seg7'
2025-08-12 16:31:47,444 - DEBUG - Loaded and stored Omron data for key '00106_seg1' and '00106_seg7'
2025-08-12 16:31:47,444 - DEBUG - Loaded and stored Omron data for key '00107_seg1' and '00107_seg7'
2025-08-12 16:31:47,444 - DEBUG - Loaded and stored Omron data for key '00108_seg1' and '00108_seg7'
2025-08-12 16:31:47,444 - DEBUG - Loaded and stored Omron data for key '00109_seg1' and '00109_seg7'
2025-08-12 16:31:47,444 - DEBUG - Loaded and stored Omron data for key '00110_seg1' and '00110_seg7'
2025-08-12 16:31:47,444 - DEBUG - Loaded and stored Omron data for key '00111_seg1' and '00111_seg7'
2025-08-12 16:31:47,445 - DEBUG - Loaded and stored Omron data for key '00112_seg1' and '00112_seg7'
2025-08-12 16:31:53,634 - DEBUG - Biopac BP values for seg1: SBP=81.3, DBP=43.1 (zeros excluded)
2025-08-12 16:31:53,828 - DEBUG - Calculated shift amount for 00110: +23.3 mmHg
2025-08-12 16:31:53,829 - DEBUG - Processing 00110 - seg1
2025-08-12 16:32:00,139 - DEBUG - Saved calibrated BP data to: ./data/processed/moved/00110/seg1_bp.csv
2025-08-12 16:32:01,462 - DEBUG - Filtering: 66670 points, range before=(106425.0000, 109602.0000), after=(-311.6891, 325.6568)
2025-08-12 16:32:02,428 - DEBUG - Filtering: 66671 points, range before=(108513.0000, 116695.0000), after=(-1817.8567, 1676.9932)
2025-08-12 16:32:03,523 - DEBUG - Filtering: 66670 points, range before=(111051.0000, 118590.0000), after=(-3309.5718, 2150.2195)
2025-08-12 16:32:04,619 - DEBUG - Filtering: 66670 points, range before=(49141.0000, 113435.0000), after=(-1272.1820, 1021.9108)
2025-08-12 16:32:04,626 - DEBUG - Available sensors for seg1: ['sensor2', 'sensor3', 'sensor4', 'sensor5'] (4/4)
2025-08-12 16:32:07,029 - DEBUG - Loaded HR data: average 71.9 bpm
2025-08-12 16:32:07,123 - DEBUG - Using provided HR: 71.9 bpm, RR interval: 0.835s
2025-08-12 16:32:07,318 - DEBUG - Found 0 BP valleys in 59999 samples (600.0s), HR: 72 bpm
2025-08-12 16:32:07,319 - DEBUG - Warning: Insufficient BP valleys found, using original slicing method
2025-08-12 16:32:07,328 - DEBUG - Generated 589 valley-based slices from seg1
2025-08-12 16:32:07,328 - DEBUG - Processing 00110 - seg7
2025-08-12 16:32:09,932 - DEBUG - Saved calibrated BP data to: ./data/processed/moved/00110/seg7_bp.csv
2025-08-12 16:32:10,435 - DEBUG - Filtering: 33336 points, range before=(106948.0000, 109730.0000), after=(-243.8170, 331.5275)
2025-08-12 16:32:10,935 - DEBUG - Filtering: 33337 points, range before=(103374.0000, 122111.0000), after=(-4571.4682, 4190.3083)
2025-08-12 16:32:11,342 - DEBUG - Filtering: 33337 points, range before=(115206.0000, 118698.0000), after=(-249.8758, 260.9627)
2025-08-12 16:32:11,644 - DEBUG - Filtering: 33336 points, range before=(61368.0000, 78211.0000), after=(-319.8371, 409.4331)
2025-08-12 16:32:11,646 - DEBUG - Available sensors for seg7: ['sensor2', 'sensor3', 'sensor4', 'sensor5'] (4/4)
2025-08-12 16:32:12,426 - DEBUG - Loaded HR data: average 67.1 bpm
2025-08-12 16:32:12,432 - DEBUG - Using provided HR: 67.1 bpm, RR interval: 0.894s
2025-08-12 16:32:12,521 - DEBUG - Found 0 BP valleys in 30000 samples (300.0s), HR: 67 bpm
2025-08-12 16:32:12,522 - DEBUG - Warning: Insufficient BP valleys found, using original slicing method
2025-08-12 16:32:12,526 - DEBUG - Generated 290 valley-based slices from seg7
2025-08-12 16:32:12,527 - DEBUG - Loading Omron data from: /root/ppg2bp/data/omron.csv
2025-08-12 16:32:12,530 - DEBUG - Loaded and stored Omron data for key '00042_seg1' and '00042_seg7'
2025-08-12 16:32:12,530 - DEBUG - Loaded and stored Omron data for key '00043_seg1' and '00043_seg7'
2025-08-12 16:32:12,530 - DEBUG - Loaded and stored Omron data for key '00044_seg1' and '00044_seg7'
2025-08-12 16:32:12,530 - DEBUG - Loaded and stored Omron data for key '00016_seg1' and '00016_seg7'
2025-08-12 16:32:12,531 - DEBUG - Loaded and stored Omron data for key '00045_seg1' and '00045_seg7'
2025-08-12 16:32:12,531 - DEBUG - Loaded and stored Omron data for key '00047_seg1' and '00047_seg7'
2025-08-12 16:32:12,531 - DEBUG - Loaded and stored Omron data for key '00048_seg1' and '00048_seg7'
2025-08-12 16:32:12,531 - DEBUG - Loaded and stored Omron data for key '00049_seg1' and '00049_seg7'
2025-08-12 16:32:12,531 - DEBUG - Loaded and stored Omron data for key '00050_seg1' and '00050_seg7'
2025-08-12 16:32:12,531 - DEBUG - Loaded and stored Omron data for key '00051_seg1' and '00051_seg7'
2025-08-12 16:32:12,531 - DEBUG - Loaded and stored Omron data for key '00052_seg1' and '00052_seg7'
2025-08-12 16:32:12,531 - DEBUG - Loaded and stored Omron data for key '00003_seg1' and '00003_seg7'
2025-08-12 16:32:12,531 - DEBUG - Loaded and stored Omron data for key '00053_seg1' and '00053_seg7'
2025-08-12 16:32:12,531 - DEBUG - Loaded and stored Omron data for key '00054_seg1' and '00054_seg7'
2025-08-12 16:32:12,531 - DEBUG - Loaded and stored Omron data for key '00055_seg1' and '00055_seg7'
2025-08-12 16:32:12,532 - DEBUG - Loaded and stored Omron data for key '00056_seg1' and '00056_seg7'
2025-08-12 16:32:12,532 - DEBUG - Loaded and stored Omron data for key '00057_seg1' and '00057_seg7'
2025-08-12 16:32:12,532 - DEBUG - Loaded and stored Omron data for key '00058_seg1' and '00058_seg7'
2025-08-12 16:32:12,532 - DEBUG - Loaded and stored Omron data for key '00059_seg1' and '00059_seg7'
2025-08-12 16:32:12,532 - DEBUG - Loaded and stored Omron data for key '00060_seg1' and '00060_seg7'
2025-08-12 16:32:12,532 - DEBUG - Loaded and stored Omron data for key '00061_seg1' and '00061_seg7'
2025-08-12 16:32:12,532 - DEBUG - Loaded and stored Omron data for key '00062_seg1' and '00062_seg7'
2025-08-12 16:32:12,532 - DEBUG - Loaded and stored Omron data for key '00063_seg1' and '00063_seg7'
2025-08-12 16:32:12,532 - DEBUG - Loaded and stored Omron data for key '00064_seg1' and '00064_seg7'
2025-08-12 16:32:12,532 - DEBUG - Loaded and stored Omron data for key '00065_seg1' and '00065_seg7'
2025-08-12 16:32:12,532 - DEBUG - Loaded and stored Omron data for key '00066_seg1' and '00066_seg7'
2025-08-12 16:32:12,533 - DEBUG - Loaded and stored Omron data for key '00067_seg1' and '00067_seg7'
2025-08-12 16:32:12,533 - DEBUG - Loaded and stored Omron data for key '00068_seg1' and '00068_seg7'
2025-08-12 16:32:12,533 - DEBUG - Loaded and stored Omron data for key '00069_seg1' and '00069_seg7'
2025-08-12 16:32:12,533 - DEBUG - Loaded and stored Omron data for key '00070_seg1' and '00070_seg7'
2025-08-12 16:32:12,533 - DEBUG - Loaded and stored Omron data for key '00071_seg1' and '00071_seg7'
2025-08-12 16:32:12,533 - DEBUG - Loaded and stored Omron data for key '00072_seg1' and '00072_seg7'
2025-08-12 16:32:12,533 - DEBUG - Loaded and stored Omron data for key '00073_seg1' and '00073_seg7'
2025-08-12 16:32:12,533 - DEBUG - Loaded and stored Omron data for key '00074_seg1' and '00074_seg7'
2025-08-12 16:32:12,533 - DEBUG - Loaded and stored Omron data for key '00075_seg1' and '00075_seg7'
2025-08-12 16:32:12,533 - DEBUG - Loaded and stored Omron data for key '00076_seg1' and '00076_seg7'
2025-08-12 16:32:12,533 - DEBUG - Loaded and stored Omron data for key '00077_seg1' and '00077_seg7'
2025-08-12 16:32:12,534 - DEBUG - Loaded and stored Omron data for key '00078_seg1' and '00078_seg7'
2025-08-12 16:32:12,534 - DEBUG - Loaded and stored Omron data for key '00079_seg1' and '00079_seg7'
2025-08-12 16:32:12,534 - DEBUG - Loaded and stored Omron data for key '00080_seg1' and '00080_seg7'
2025-08-12 16:32:12,534 - DEBUG - Loaded and stored Omron data for key '00081_seg1' and '00081_seg7'
2025-08-12 16:32:12,534 - DEBUG - Loaded and stored Omron data for key '00082_seg1' and '00082_seg7'
2025-08-12 16:32:12,534 - DEBUG - Loaded and stored Omron data for key '00083_seg1' and '00083_seg7'
2025-08-12 16:32:12,534 - DEBUG - Loaded and stored Omron data for key '00084_seg1' and '00084_seg7'
2025-08-12 16:32:12,534 - DEBUG - Loaded and stored Omron data for key '00085_seg1' and '00085_seg7'
2025-08-12 16:32:12,534 - DEBUG - Loaded and stored Omron data for key '00086_seg1' and '00086_seg7'
2025-08-12 16:32:12,534 - DEBUG - Loaded and stored Omron data for key '00087_seg1' and '00087_seg7'
2025-08-12 16:32:12,534 - DEBUG - Loaded and stored Omron data for key '00088_seg1' and '00088_seg7'
2025-08-12 16:32:12,534 - DEBUG - Loaded and stored Omron data for key '00089_seg1' and '00089_seg7'
2025-08-12 16:32:12,535 - DEBUG - Loaded and stored Omron data for key '00090_seg1' and '00090_seg7'
2025-08-12 16:32:12,535 - DEBUG - Loaded and stored Omron data for key '00091_seg1' and '00091_seg7'
2025-08-12 16:32:12,535 - DEBUG - Loaded and stored Omron data for key '00092_seg1' and '00092_seg7'
2025-08-12 16:32:12,535 - DEBUG - Loaded and stored Omron data for key '00093_seg1' and '00093_seg7'
2025-08-12 16:32:12,535 - DEBUG - Loaded and stored Omron data for key '00094_seg1' and '00094_seg7'
2025-08-12 16:32:12,535 - DEBUG - Loaded and stored Omron data for key '00095_seg1' and '00095_seg7'
2025-08-12 16:32:12,535 - DEBUG - Loaded and stored Omron data for key '00096_seg1' and '00096_seg7'
2025-08-12 16:32:12,535 - DEBUG - Loaded and stored Omron data for key '00097_seg1' and '00097_seg7'
2025-08-12 16:32:12,535 - DEBUG - Loaded and stored Omron data for key '00098_seg1' and '00098_seg7'
2025-08-12 16:32:12,535 - DEBUG - Loaded and stored Omron data for key '00099_seg1' and '00099_seg7'
2025-08-12 16:32:12,535 - DEBUG - Loaded and stored Omron data for key '00100_seg1' and '00100_seg7'
2025-08-12 16:32:12,536 - DEBUG - Loaded and stored Omron data for key '00101_seg1' and '00101_seg7'
2025-08-12 16:32:12,536 - DEBUG - Loaded and stored Omron data for key '00102_seg1' and '00102_seg7'
2025-08-12 16:32:12,536 - DEBUG - Loaded and stored Omron data for key '00103_seg1' and '00103_seg7'
2025-08-12 16:32:12,536 - DEBUG - Loaded and stored Omron data for key '00105_seg1' and '00105_seg7'
2025-08-12 16:32:12,536 - DEBUG - Loaded and stored Omron data for key '00106_seg1' and '00106_seg7'
2025-08-12 16:32:12,536 - DEBUG - Loaded and stored Omron data for key '00107_seg1' and '00107_seg7'
2025-08-12 16:32:12,536 - DEBUG - Loaded and stored Omron data for key '00108_seg1' and '00108_seg7'
2025-08-12 16:32:12,536 - DEBUG - Loaded and stored Omron data for key '00109_seg1' and '00109_seg7'
2025-08-12 16:32:12,536 - DEBUG - Loaded and stored Omron data for key '00110_seg1' and '00110_seg7'
2025-08-12 16:32:12,536 - DEBUG - Loaded and stored Omron data for key '00111_seg1' and '00111_seg7'
2025-08-12 16:32:12,536 - DEBUG - Loaded and stored Omron data for key '00112_seg1' and '00112_seg7'
2025-08-12 16:32:18,527 - DEBUG - Biopac BP values for seg1: SBP=106.5, DBP=49.9 (zeros excluded)
2025-08-12 16:32:18,657 - DEBUG - Calculated shift amount for 00112: +3.3 mmHg
2025-08-12 16:32:18,659 - DEBUG - Processing 00112 - seg1
2025-08-12 16:32:25,046 - DEBUG - Saved calibrated BP data to: ./data/processed/moved/00112/seg1_bp.csv
2025-08-12 16:32:26,327 - DEBUG - Filtering: 66670 points, range before=(98833.0000, 103873.0000), after=(-869.4691, 1530.0575)
2025-08-12 16:32:27,430 - DEBUG - Filtering: 66669 points, range before=(102535.0000, 117026.0000), after=(-2187.7338, 3036.8736)
2025-08-12 16:32:28,452 - DEBUG - Filtering: 66670 points, range before=(116032.0000, 122734.0000), after=(-1204.6317, 753.5569)
2025-08-12 16:32:29,605 - DEBUG - Filtering: 66671 points, range before=(106745.0000, 110939.0000), after=(-508.6634, 315.9582)
2025-08-12 16:32:29,623 - DEBUG - Available sensors for seg1: ['sensor2', 'sensor3', 'sensor4', 'sensor5'] (4/4)
2025-08-12 16:32:32,250 - DEBUG - Loaded HR data: average 83.4 bpm
2025-08-12 16:32:32,340 - DEBUG - Using provided HR: 83.4 bpm, RR interval: 0.719s
2025-08-12 16:32:32,831 - DEBUG - Found 0 BP valleys in 60000 samples (600.0s), HR: 83 bpm
2025-08-12 16:32:32,832 - DEBUG - Warning: Insufficient BP valleys found, using original slicing method
2025-08-12 16:32:32,840 - DEBUG - Generated 590 valley-based slices from seg1
2025-08-12 16:32:32,840 - DEBUG - Processing 00112 - seg7
2025-08-12 16:32:35,449 - DEBUG - Saved calibrated BP data to: ./data/processed/moved/00112/seg7_bp.csv
2025-08-12 16:32:35,650 - DEBUG - Filtering: 33340 points, range before=(97128.0000, 102996.0000), after=(-620.1383, 577.9529)
2025-08-12 16:32:35,846 - DEBUG - Filtering: 33339 points, range before=(97010.0000, 116810.0000), after=(-3557.3709, 3754.6442)
2025-08-12 16:32:36,051 - DEBUG - Filtering: 33339 points, range before=(126801.0000, 132776.0000), after=(-1358.4635, 1784.1649)
2025-08-12 16:32:36,235 - DEBUG - Filtering: 33341 points, range before=(104194.0000, 107441.0000), after=(-262.3911, 186.0389)
2025-08-12 16:32:36,237 - DEBUG - Available sensors for seg7: ['sensor2', 'sensor3', 'sensor4', 'sensor5'] (4/4)
2025-08-12 16:32:36,849 - DEBUG - Loaded HR data: average 87.2 bpm
2025-08-12 16:32:36,865 - DEBUG - Using provided HR: 87.2 bpm, RR interval: 0.688s
2025-08-12 16:32:37,022 - DEBUG - Found 0 BP valleys in 30002 samples (300.0s), HR: 87 bpm
2025-08-12 16:32:37,023 - DEBUG - Warning: Insufficient BP valleys found, using original slicing method
2025-08-12 16:32:37,031 - DEBUG - Generated 290 valley-based slices from seg7
2025-08-12 16:32:37,138 - DEBUG - Generated 6260 samples for test set (combined)
2025-08-12 16:32:37,138 - DEBUG - PPG shape: (6260, 4, 1000), BP shape: (6260, 1000), Mask shape: (6260, 4)
2025-08-12 16:32:37,138 - DEBUG -   sensor2 availability: 100.0%
2025-08-12 16:32:37,138 - DEBUG -   sensor3 availability: 100.0%
2025-08-12 16:32:37,139 - DEBUG -   sensor4 availability: 99.7%
2025-08-12 16:32:37,139 - DEBUG -   sensor5 availability: 100.0%
2025-08-12 16:32:37,454 - DEBUG - Saved combined dataset to ./data/processed/test_data.npz
2025-08-12 16:32:42,445 - DEBUG - Generated 4501 samples for test set (seg1 only)
2025-08-12 16:32:43,036 - DEBUG - Saved seg1 dataset to ./data/processed/test_seg1_data.npz
2025-08-12 16:32:43,139 - DEBUG - Generated 1759 samples for test set (seg7 only)
2025-08-12 16:32:43,439 - DEBUG - Saved seg7 dataset to ./data/processed/test_seg7_data.npz
2025-08-12 16:32:43,537 - DEBUG - All calibrated BP data saved to: ./data/processed/moved
